timestamp_ms,gnss_time,lat,lon,alt_gps,gnss_fix,gnss_sats,alt_bar,pressure,temperature,pos_n,pos_e,pos_d,vel_n,vel_e,vel_d,acc_n,acc_e,acc_d,acc_x_raw,acc_y_raw,acc_z_raw,gyro_x,gyro_y,gyro_z,mag_x,mag_y,mag_z,roll,pitch,yaw,flight_state,imu_valid,ekf_valid,bar_valid,attitude_reliable
25489,N/A,0,0,0,0,0,"463,39","958,82","31,04",0,0,0,0,0,0,"1,7627","0,0571","7,4108","0,2261","-0,0659","0,9531","-1,6945","-1,4165","-2,6223","-127,9734","9,3407","62,1313","-3,97","-13,4","-153,59",1,,,,
25529,N/A,0,0,0,0,0,"463,39","958,82","31,04",0,0,0,0,0,0,"1,7087","0,0571","7,3983","0,2065","-0,0522","0,9448","0,0128","-0,136","-1,2198","-128,5557","8,6099","62,614","-4,04","-13,43","-153,98",1,,,,
25628,N/A,0,0,0,0,0,"463,39","958,82","31,04",0,0,0,0,0,0,"1,7388","0,0571","7,4123","0,2178","-0,0444","0,9512","0,1348","-3,0018","0,2436","-129,2653","8,0377","62,729","-4,13","-13,46","-154,5",1,,,,
25728,N/A,0,0,0,0,0,"463,39","958,82","31,04",0,0,0,0,0,0,"1,7456","0,0571","7,4177","0,2271","-0,0532","0,9473","-1,6335","-1,7823","3,1704","-129,1065","7,398","61,8057","-4,19","-13,48","-154,98",1,,,,
25828,N/A,0,0,0,0,0,"463,39","958,82","31,04",0,0,0,0,0,0,"1,702","0,0571","7,4555","0,2046","-0,0552","0,9541","1,7201","0,3518","-3,4149","-128,3959","8,7527","61,9849","-4,28","-13,44","-155,25",1,,,,
25966,N/A,0,0,0,0,0,"463,69","958,78","31,05",0,0,0,0,0,0,"1,6989","0,0571","7,399","0,207","-0,0537","0,9409","-2,0604","0,9616","-5,4271","-128,8214","8,5659","62,1127","-4,35","-13,34","-155,73",1,,,,
26066,N/A,0,0,0,0,0,"463,69","958,78","31,05",0,0,0,0,0,0,"1,7245","0,0571","7,4362","0,2207","-0,0571","0,9585","0,6226","1,8152","0,4875","-128,854","8,2645","63,1096","-4,44","-13,27","-156,31",1,,,,
26166,N/A,0,0,0,0,0,"463,69","958,78","31,05",0,0,0,0,0,0,"1,6915","0,0571","7,3864","0,2158","-0,043","0,9282","-1,1457","0,7177","2,3168","-129,5198","8,3551","61,9934","-4,56","-13,2","-156,79",1,,,,
26266,N/A,0,0,0,0,0,"463,69","958,78","31,05",0,0,0,0,0,0,"1,7291","0,0571","7,3978","0,2368","-0,0488","0,9551","0,1348","0,5957","-5,4881","-128,9823","7,6406","62,4477","-4,65","-13,18","-157,14",1,,,,
26366,N/A,0,0,0,0,0,"463,69","958,78","31,05",0,0,0,0,0,0,"1,6972","0,0571","7,3718","0,2129","-0,0493","0,9443","-1,1457","1,5713","2,0729","-128,7023","7,6447","62,4406","-4,64","-13,17","-157,63",1,,,,
26466,N/A,0,0,0,0,0,"463,3","958,83","31,04",0,0,0,0,0,0,"1,7203","0,0571","7,3868","0,2261","-0,0615","0,9502","0,0738","-1,0506","-0,0613","-129,2358","8,7404","62,0062","-4,64","-13,15","-158,11",1,,,,
26566,N/A,0,0,0,0,0,"463,3","958,83","31,04",0,0,0,0,0,0,"1,7642","0,0571","7,4032","0,2344","-0,0649","0,9541","-0,8409","0,7177","2,9265","-129,2459","9,1617","62,5346","-4,66","-13,12","-158,48",1,,,,
26666,N/A,0,0,0,0,0,"463,3","958,83","31,04",0,0,0,0,0,0,"1,7854","0,0571","7,4169","0,2329","-0,0586","0,9561","-1,8774","-0,075","1,829","-129,0953","7,7593","61,5714","-4,73","-13,13","-158,75",1,,,,
26766,N/A,0,0,0,0,0,"463,3","958,83","31,04",0,0,0,0,0,0,"1,7596","0,0571","7,4037","0,2295","-0,0518","0,9482","-0,353","1,9982","1,2802","-128,9517","9,1258","62,0191","-4,85","-13,15","-158,93",1,,,,
26866,N/A,0,0,0,0,0,"463,3","958,83","31,04",0,0,0,0,0,0,"1,7295","0,0571","7,3869","0,2212","-0,0625","0,9468","1,2323","0,1689","-2,0735","-129,6471","8,5137","61,6256","-4,95","-13,12","-159,12",1,,,,
26966,N/A,0,0,0,0,0,"463,52","958,8","31,04",0,0,0,0,0,0,"1,7013","0,0571","7,4003","0,2119","-0,0532","0,9512","-0,536","-0,3189","0,8534","-129,2358","8,7404","62,0062","-4,95","-13,09","-159,43",1,,,,
27066,N/A,0,0,0,0,0,"463,52","958,8","31,04",0,0,0,0,0,0,"1,755","0,0571","7,3971","0,2368","-0,0503","0,9478","1,0494","-0,5018","-0,2442","-129,528","7,5925","61,9535","-4,95","-13,05","-159,73",1,,,,
27166,N/A,0,0,0,0,0,"463,52","958,8","31,04",0,0,0,0,0,0,"1,7171","0,0571","7,4085","0,2119","-0,0625","0,9453","0,6226","-1,8433","1,3412","-129,8191","7,2271","62,1948","-4,97","-13,03","-159,98",1,,,,
27266,N/A,0,0,0,0,0,"463,52","958,8","31,04",0,0,0,0,0,0,"1,7727","0,0571","7,4375","0,2378","-0,0596","0,9502","-2,1213","0,047","-2,1345","-129,9514","8,9708","62,6695","-4,99","-13,04","-160,18",1,,,,
27366,N/A,0,0,0,0,0,"463,52","958,8","31,04",0,0,0,0,0,0,"1,7418","0,0571","7,4576","0,2153","-0,0547","0,9546","-0,9628","-0,7457","0,9143","-129,5381","8,0137","62,4819","-4,98","-13,04","-160,49",1,,,,
27468,N/A,0,0,0,0,0,"463,39","958,82","31,04",0,0,0,0,0,0,"1,7717","0,0571","7,4613","0,2329","-0,0684","0,9551","-1,7555","0,4128","3,4753","-129,3966","7,8151","62,3412","-4,96","-13,06","-160,84",1,,,,
27645,N/A,0,0,0,0,0,"463,39","958,82","31,04",0,0,0,0,0,0,"1,7322","0,0571","7,4553","0,2124","-0,042","0,9521","1,2323","2,2421","2,0729","-128,5161","8,8914","61,3629",-5,"-13,05","-161,28",1,,,,
27745,N/A,0,0,0,0,0,"463,39","958,82","31,04",0,0,0,0,0,0,"1,7726","0,0571","7,4097","0,2305","-0,0581","0,9395","-1,3287","-0,014","2,4997","-128,9782","8,0219","62,4676","-5,05",-13,"-161,41",1,,,,
27845,N/A,0,0,0,0,0,"463,39","958,82","31,04",0,0,0,0,0,0,"1,7211","0,0571","7,451","0,2158","-0,0601","0,9648","0,3177","0,5957","0,3046","-128,1241","7,9942","61,9379","-5,15","-12,96","-161,54",1,,,,
27966,N/A,0,0,0,0,0,"463,3","958,83","31,04",0,0,0,0,0,0,"1,7133","0,0571","7,4198","0,2104","-0,0503","0,9419","0,1957","-1,3555","-0,0613","-129,1085","8,5818","62,374","-5,22","-12,9","-161,74",1,,,,
28066,N/A,0,0,0,0,0,"463,3","958,83","31,04",0,0,0,0,0,0,"1,7304","0,0571","7,3886","0,2217","-0,0454","0,9478","1,8421","-0,197","3,2924","-128,6688","8,7286","61,7378","-5,22","-12,89","-161,9",1,,,,
28166,N/A,0,0,0,0,0,"463,3","958,83","31,04",0,0,0,0,0,0,"1,7262","0,0571","7,4497","0,2188","-0,0693","0,958","-2,3043","0,9006","3,9631","-129,3742","8,5378","61,8727","-5,17","-12,9","-162,03",1,,,,
28266,N/A,0,0,0,0,0,"463,3","958,83","31,04",0,0,0,0,0,0,"1,6794","0,0571","7,2788","0,2046","-0,0894","0,9048","-2,3043","0,7787","1,1582","-128,5374","8,9513","62,1255","-5,24","-12,89",-162,1,,,,
28366,N/A,0,0,0,0,0,"463,3","958,83","31,04",0,0,0,0,0,0,"1,6479","0,0571","7,3175","0,2119","-0,042","0,9375","-0,2921","-0,5628","-0,671","-129,1055","8,1805","62,0998","-5,45","-12,84","-161,96",1,,,,
28466,N/A,0,0,0,0,0,"462,89","958,87","31,04",0,0,0,0,0,0,"1,6398","0,0571","7,3546","0,2104","-0,0581","0,9521","-1,6335","-0,6848","-2,0125","-129,1207","7,4379","62,3141","-5,61","-12,8","-162,08",1,,,,
28566,N/A,0,0,0,0,0,"462,89","958,87","31,04",0,0,0,0,0,0,"1,7823","0,0571","7,4247","0,2495","-0,0283","0,9531","0,3177","-1,3555","-2,6832","-128,6636","9,8925","62,0519","-5,66","-12,79","-162,32",1,,,,
28666,N/A,0,0,0,0,0,"462,89","958,87","31,04",0,0,0,0,0,0,"1,6956","0,0571","7,2808","0,2031","-0,0918","0,9038","0,0128","1,6323","2,8655","-129,2317","9,1217","62,0262","-5,66","-12,81","-162,49",1,,,,
28766,N/A,0,0,0,0,0,"462,89","958,87","31,04",0,0,0,0,0,0,"1,6673","0,0571","7,4377","0,2192","-0,0933","0,9746","-1,6335","0,4128","6,0363","-128,6718","9,1299","62,012","-5,72","-12,76","-162,44",1,,,,
28866,N/A,0,0,0,0,0,"462,89","958,87","31,04",0,0,0,0,0,0,"1,7666","0,0571","7,507","0,2222","-0,0708","0,9478","-0,414","-1,4774","-0,0003","-129,3803","9,3403","62,4211","-5,86","-12,69","-162,32",1,,,,
28966,N/A,0,0,0,0,0,"463,79","958,77","31,04",0,0,0,0,0,0,"1,7646","0,0571","7,4858","0,2246","-0,064","0,9517","0,1348","-0,136","0,6095","-129,6867","8,2323","62,8767",-6,"-12,66","-162,25",1,,,,
29066,N/A,0,0,0,0,0,"463,79","958,77","31,04",0,0,0,0,0,0,"1,7353","0,0571","7,4546","0,2227","-0,0586","0,9517","-0,9018","-0,9896","0,6095","-129,3915","8,979","62,6553","-6,06","-12,68","-162,32",1,,,,
29166,N/A,0,0,0,0,0,"463,79","958,77","31,04",0,0,0,0,0,0,"1,7457","0,0571","7,4369","0,2393","-0,0625","0,9399","-1,2067","1,5104","2,0119","-128,9386","8,3033","61,2165","-6,03","-12,69","-162,57",1,,,,
29266,N/A,0,0,0,0,0,"463,79","958,77","31,04",0,0,0,0,0,0,"1,7601","0,0571","7,4115","0,2339","-0,0757","0,9414","-2,1213","-0,8677","2,0119","-128,689","9,5711","62,7946","-5,99","-12,64","-162,81",1,,,,
29366,N/A,0,0,0,0,0,"463,79","958,77","31,04",0,0,0,0,0,0,"1,7913","0,0571","7,3924","0,2339","-0,0654","0,9453","-1,3896","-2,3311","0,2436","-129,1115","8,983","62,6482","-5,99","-12,66","-162,95",1,,,,
29466,N/A,0,0,0,0,0,"463,86","958,76","31,04",0,0,0,0,0,0,"1,7761","0,0571","7,4171","0,2227","-0,0522","0,9556","-1,1457","-1,4774","-0,0613","-127,6752","9,6862","61,6357","-6,03","-12,79","-163,1",1,,,,
29566,N/A,0,0,0,0,0,"463,86","958,76","31,04",0,0,0,0,0,0,"1,7565","0,0571","7,4519","0,2266","-0,0615","0,9595","-1,0238","-1,2945","1,707","-128,1261","9,178","62,5062","-6,08","-12,92","-163,23",1,,,,
29745,N/A,0,0,0,0,0,"463,86","958,76","31,04",0,0,0,0,0,0,"1,7129","0,0571","7,43","0,2095","-0,0327","0,9458","-1,5726","0,9616","-2,8662","-128,3878","9,5153","62,0248","-6,17","-13,08","-163,44",1,,,,
29845,N/A,0,0,0,0,0,"463,86","958,76","31,04",0,0,0,0,0,0,"1,7305","0,0571","7,395","0,2266","-0,0449","0,9414","0,7445","-2,636","3,6582","-129,8252","8,0296","62,7432","-6,19","-13,06","-163,6",1,,,,
29966,N/A,0,0,0,0,0,"463,79","958,77","31,06",0,0,0,0,0,0,"1,7126","0,0571","7,5187","0,2192","-0,0444","0,9688","-0,597","0,6567","-2,9271","-128,8225","7,7834","61,8185","-6,17","-13,03","-163,74",1,,,,
30066,N/A,0,0,0,0,0,"463,79","958,77","31,06",0,0,0,0,0,0,"1,7414","0,0571","7,4622","0,23","-0,0503","0,9512","-1,8165","-0,6848","-2,1954","-128,4213","8,4313","62,7276","-6,12","-13,01","-163,94",1,,,,
30166,N/A,0,0,0,0,0,"463,79","958,77","31,06",0,0,0,0,0,0,"1,7117","0,0571","7,4632","0,2168","-0,0518","0,9507","-1,1457","0,6567","-1,8905","-128,6911","8,006","62,2063","-6,06","-12,99","-164,29",1,,,,
30266,N/A,0,0,0,0,0,"463,79","958,77","31,06",0,0,0,0,0,0,"1,7646","0,0571","7,4324","0,2339","-0,0537","0,9482","1,1104","-0,3189","-0,5491","-129,25","8,7804","62,5147","-6,02","-12,96","-164,72",1,,,,
30366,N/A,0,0,0,0,0,"463,79","958,77","31,06",0,0,0,0,0,0,"1,7209","0,0571","7,3939","0,2144","-0,0542","0,9399","-0,597","-0,6238","6,4021","-128,9487","8,7246","61,7449","-5,98","-12,9","-164,98",1,,,,
30466,N/A,0,0,0,0,0,"463,15","958,84","31,06",0,0,0,0,0,0,"1,6895","0,0571","7,3952","0,21","-0,0713","0,9478","-1,0238","-1,9043","-3,9027","-128,3959","8,7527","61,9849","-5,97","-12,85","-165,01",1,,,,
30566,N/A,0,0,0,0,0,"463,15","958,84","31,06",0,0,0,0,0,0,"1,7428","0,0571","7,4241","0,2261","-0,0376","0,9526","-1,8165","1,1445","-1,4027","-128,8357","8,6058","62,6211","-5,95","-12,84","-165,1",1,,,,
30666,N/A,0,0,0,0,0,"463,15","958,84","31,06",0,0,0,0,0,0,"1,7602","0,0571","7,4336","0,2334","-0,064","0,9531","0,7445","-1,2945","2,0729","-129,3884","8,5777","62,3811","-5,89","-12,83","-165,37",1,,,,
30766,N/A,0,0,0,0,0,"463,15","958,84","31,06",0,0,0,0,0,0,"1,7247","0,0571","7,4437","0,2119","-0,0601","0,958","0,0738","0,2909","-0,4271","-128,967","8,3832","62,2334","-5,82","-12,84","-165,54",1,,,,
30866,N/A,0,0,0,0,0,"463,15","958,84","31,06",0,0,0,0,0,0,"1,763","0,0571","7,4572","0,2261","-0,04","0,9507","-0,8409","0,9006","-2,3174","-129,8099","8,7722","62,5289","-5,76","-12,83","-165,68",1,,,,
30966,N/A,0,0,0,0,0,"463,69","958,78","31,06",0,0,0,0,0,0,"1,7233","0,0571","7,4437","0,2114","-0,0352","0,9492","-2,1823","0,4738","3,2314","-128,9864","7,2593","62,4277","-5,72","-12,77","-165,92",1,,,,
31066,N/A,0,0,0,0,0,"463,69","958,78","31,06",0,0,0,0,0,0,"1,68","0,0571","7,427","0,2114","-0,0596","0,9473","-0,9018","-0,197","0,1826","-128,9711","8,0019","62,2134","-5,73","-12,71","-166,07",1,,,,
31166,N/A,0,0,0,0,0,"463,69","958,78","31,06",0,0,0,0,0,0,"1,7782","0,0571","7,4213","0,2407","-0,0469","0,9443","0,0128","1,6933","-0,793","-128,6901","8,7885","62,5005","-5,72","-12,72","-166,21",1,,,,
31266,N/A,0,0,0,0,0,"463,69","958,78","31,06",0,0,0,0,0,0,"1,8141","0,0571","7,3977","0,2314","-0,0605","0,9492","-1,9384","0,1689","1,9509","-128,4","8,3714","61,9649","-5,61","-12,74","-166,44",1,,,,
31366,N/A,0,0,0,0,0,"463,69","958,78","31,06",0,0,0,0,0,0,"1,7894","0,0571","7,4058","0,228","-0,0615","0,9556","-0,9628","1,0835","1,8899","-128,8398","8,2245","62,6012","-5,58","-12,76","-166,56",1,,,,
31466,N/A,0,0,0,0,0,"463,86","958,76","31,05",0,0,0,0,0,0,"1,7648","0,0571","7,4307","0,2192","-0,0483","0,957","0,3787","-0,9287","-3,171","-129,5056","8,3152","61,4849","-5,6","-12,77","-166,62",1,,,,
31566,N/A,0,0,0,0,0,"463,86","958,76","31,05",0,0,0,0,0,0,"1,7983","0,0571","7,4195","0,2324","-0,0459","0,9482","-0,9018","2,6689","2,0119","-129,1136","7,4179","62,0599","-5,56","-12,78","-166,81",1,,,,
31666,N/A,0,0,0,0,0,"463,86","958,76","31,05",0,0,0,0,0,0,"1,7571","0,0571","7,4106","0,2139","-0,0464","0,9478","-0,536","0,8396","-0,9149","-128,967","8,3832","62,2334","-5,49","-12,74","-167,05",1,,,,
31854,N/A,0,0,0,0,0,"463,86","958,76","31,05",0,0,0,0,0,0,"1,7249","0,0571","7,3939","0,2134","-0,0527","0,9434","-0,475","1,7543","0,3655","-128,8021","9,6898","61,9184","-5,41","-12,6","-167,44",1,,,,
31966,N/A,0,0,0,0,0,"463,69","958,78","31,06",0,0,0,0,0,0,"1,7151","0,0571","7,4332","0,2241","-0,0537","0,958","-0,7189","-0,6238","-0,2442","-127,4105","8,9476","61,8429","-5,38","-12,46","-167,59",1,,,,
32066,N/A,0,0,0,0,0,"463,69","958,78","31,06",0,0,0,0,0,0,"1,7394","0,0571","7,4324","0,2251","-0,0488","0,9512","-1,2677","-0,014","1,829","-129,1177","7,0367","62,04","-5,4","-12,42","-167,68",1,,,,
32166,N/A,0,0,0,0,0,"463,69","958,78","31,06",0,0,0,0,0,0,"1,6831","0,0571","7,4445","0,2095","-0,0483","0,9517","-0,8409","0,3518","-3,1101","-129,2287","8,7205","61,752","-5,45","-12,48","-167,77",1,,,,
32266,N/A,0,0,0,0,0,"463,69","958,78","31,06",0,0,0,0,0,0,"1,7253","0,0571","7,4577","0,228","-0,0479","0,96","-0,414","-2,453","-0,0613","-128,2829","8,6339","62,8611","-5,4","-12,55","-168,03",1,,,,
32366,N/A,0,0,0,0,0,"463,69","958,78","31,06",0,0,0,0,0,0,"1,7512","0,0571","7,42","0,2192","-0,0649","0,9463","0,9884","0,9616","1,2192","-129,9656","9,0107","63,178","-5,36","-12,64","-168,28",1,,,,
32466,N/A,0,0,0,0,0,"463,52","958,8","31,06",0,0,0,0,0,0,"1,7581","0,0571","7,4191","0,2261","-0,0684","0,9497","-0,597","-1,2335","1,2802","-129,1298","8,6417","63,1367","-5,34","-12,7","-168,41",1,,,,
32566,N/A,0,0,0,0,0,"463,52","958,8","31,06",0,0,0,0,0,0,"1,7843","0,0571","7,3995","0,2373","-0,0576","0,9468","-0,2311","-0,2579","-3,9027","-128,8245","8,9672","62,3869","-5,31","-12,73","-168,49",1,,,,
32666,N/A,0,0,0,0,0,"463,52","958,8","31,06",0,0,0,0,0,0,"1,827","0,0571","7,4281","0,2427","-0,0537","0,9502","-0,475","-2,2091","0,9753","-129,0872","8,5219","61,6114","-5,24","-12,78","-168,73",1,,,,
32766,N/A,0,0,0,0,0,"463,52","958,8","31,06",0,0,0,0,0,0,"1,735","0,0571","7,4294","0,2104","-0,0581","0,9507","-0,7799","1,8152","0,4875","-128,5609","7,4461","62,2999","-5,22","-12,86","-168,89",1,,,,
32866,N/A,0,0,0,0,0,"463,52","958,8","31,06",0,0,0,0,0,0,"1,7459","0,0571","7,3932","0,2295","-0,0625","0,9487","1,1713","-1,4165","0,4875","-128,5333","9,3326","62,1455","-5,27","-12,88","-168,91",1,,,,
32966,N/A,0,0,0,0,0,"463,79","958,77","31,06",0,0,0,0,0,0,"1,7544","0,0571","7,3989","0,2261","-0,0571","0,9492","-1,6335","-0,6848","-0,4271","-128,2463","9,3167","61,8842","-5,3","-12,91","-168,97",1,,,,
33066,N/A,0,0,0,0,0,"463,79","958,77","31,06",0,0,0,0,0,0,"1,7224","0,0571","7,4189","0,2183","-0,0537","0,9492","-1,0238","-0,2579","-0,0003","-129,3854","8,1764","62,107","-5,32","-12,97","-169,04",1,,,,
33166,N/A,0,0,0,0,0,"463,79","958,77","31,06",0,0,0,0,0,0,"1,7158","0,0571","7,4583","0,2183","-0,0625","0,96","0,2567","-1,9043","0,7924","-129,2409","7,5766","61,6921","-5,36","-13,05","-169,09",1,,,,
33266,N/A,0,0,0,0,0,"463,79","958,77","31,06",0,0,0,0,0,0,"1,7476","0,0571","7,438","0,2329","-0,0527","0,9551","-0,8409","-1,7213","-0,4271","-128,7135","7,2833","62,6748","-5,37","-13,15","-169,1",1,,,,
33366,N/A,0,0,0,0,0,"463,79","958,77","31,06",0,0,0,0,0,0,"1,7527","0,0571","7,4448","0,2222","-0,0591","0,9512","0,0128","0,9616","-1,1588","-128,5415","8,57","62,1056","-5,37","-13,22","-169,13",1,,,,
33466,N/A,0,0,0,0,0,"463,52","958,8","31,07",0,0,0,0,0,0,"1,7218","0,0571","7,4437","0,2134","-0,0679","0,9521","-0,353","-0,4409","0,9143","-129,3966","7,8151","62,3412","-5,38","-13,24","-169,22",1,,,,
33566,N/A,0,0,0,0,0,"463,52","958,8","31,07",0,0,0,0,0,0,"1,7241","0,0571","7,4267","0,2212","-0,0547","0,9458","0,0128","-1,7213","-1,6466","-129,9412","8,5496","62,1411","-5,38","-13,21","-169,32",1,,,,
33666,N/A,0,0,0,0,0,"463,52","958,8","31,07",0,0,0,0,0,0,"1,6883","0,0571","7,4312","0,2056","-0,0527","0,9478","-2,5482","0,8396","-1,5857","-128,6931","9,1898","62,7746","-5,34","-13,16","-169,45",1,,,,
33766,N/A,0,0,0,0,0,"463,52","958,8","31,07",0,0,0,0,0,0,"1,6937","0,0571","7,4255","0,2134","-0,0503","0,9502","-3,2799","-1,1116","1,4631","-129,2063","9,4431","61,2835","-5,3","-13,09","-169,59",1,,,,
34059,N/A,0,0,0,0,0,"463,69","958,78","31,07",0,0,0,0,0,0,"1,7674","0,0571","7,4134","0,2402","-0,0474","0,9521","-1,5116","2,1201","0,9143","-128,6901","8,7885","62,5005","-5,66","-13,07","-169,66",1,,,,
34107,N/A,0,0,0,0,0,"463,69","958,78","31,07",0,0,0,0,0,0,"1,7479","0,0571","7,4303","0,2188","-0,0356","0,9551","-2,1823","-0,3799","-2,3784","-128,6799","8,3673","61,972","-5,74","-13,05","-169,65",1,,,,
34207,N/A,0,0,0,0,0,"463,69","958,78","31,07",0,0,0,0,0,0,"1,7546","0,0571","7,4057","0,2207","-0,0581","0,9453","0,4396","-1,2945","0,1826","-129,0872","8,5219","61,6114","-5,85","-13,07","-169,73",1,,,,
34307,N/A,0,0,0,0,0,"463,69","958,78","31,07",0,0,0,0,0,0,"1,754","0,0571","7,4216","0,2231","-0,0537","0,9497","-0,9628","2,547","-1,0369","-130,0848","7,1831","61,6935","-5,87","-13,15","-169,8",1,,,,
34407,N/A,0,0,0,0,0,"463,69","958,78","31,07",0,0,0,0,0,0,"1,7742","0,0571","7,4031","0,2339","-0,0591","0,9473","0,3787","-1,1116","-0,1223","-129,3773","8,939","62,1469","-5,84","-13,12","-169,89",1,,,,
34559,N/A,0,0,0,0,0,"463,69","958,78","31,08",0,0,0,0,0,0,"1,7525","0,0571","7,4179","0,2266","-0,0464","0,9526","-0,6579","-0,5628","0,6095","-128,9558","8,7445","61,9991","-5,81","-13,07","-170,01",1,,,,
34607,N/A,0,0,0,0,0,"463,69","958,78","31,08",0,0,0,0,0,0,"1,7518","0,0571","7,4191","0,2236","-0,0649","0,9502","0,3787","-3,1238","-0,3662","-128,2555","7,7716","61,5501","-5,79","-13,07","-170,11",1,,,,
34707,N/A,0,0,0,0,0,"463,69","958,78","31,08",0,0,0,0,0,0,"1,746","0,0571","7,4858","0,2271","-0,0566","0,9512","-0,0482","-1,0506","8,0485","-129,0932","9,3244","62,1597","-5,74","-13,14","-170,25",1,,,,
34807,N/A,0,0,0,0,0,"463,69","958,78","31,08",0,0,0,0,0,0,"1,7768","0,0571","7,363","0,2515","-0,0723","0,9141","-0,9018","1,6933","5,2436","-128,8428","8,6258","62,8754","-5,67","-13,21","-170,37",1,,,,
34907,N/A,0,0,0,0,0,"463,69","958,78","31,08",0,0,0,0,0,0,"1,7773","0,0571","7,4079","0,2168","-0,063","0,9487","-0,8409","0,4738","-1,2808","-127,9928","8,2168","62,3256","-5,62","-13,21","-170,42",1,,,,
35059,N/A,0,0,0,0,0,"463,79","958,77","31,08",0,0,0,0,0,0,"1,7319","0,0571","7,3408","0,2095","-0,0425","0,9253","-1,8165","1,5713","1,768","-128,2839","7,8514","62,567","-5,57","-13,19","-170,45",1,,,,
35107,N/A,0,0,0,0,0,"463,79","958,77","31,08",0,0,0,0,0,0,"1,7561","0,0571","7,3508","0,23","-0,0605","0,9453","-0,0482","-0,075","0,2436","-129,2256","8,3192","61,4778","-5,54","-13,13","-170,44",1,,,,
35207,N/A,0,0,0,0,0,"463,79","958,77","31,08",0,0,0,0,0,0,"1,7718","0,0571","7,4138","0,2231","-0,0581","0,9565","-0,353","-1,1726","-0,9149","-128,8367","7,8233","62,327","-5,5","-13,06","-170,44",1,,,,
35307,N/A,0,0,0,0,0,"463,79","958,77","31,08",0,0,0,0,0,0,"1,818","0,0571","7,4125","0,2314","-0,0708","0,9463","-0,1091","0,7177","0,9753","-129,2276","9,503","62,0462","-5,46","-13,09","-170,46",1,,,,
35407,N/A,0,0,0,0,0,"463,79","958,77","31,08",0,0,0,0,0,0,"1,7865","0,0571","7,4333","0,2339","-0,0503","0,958","-0,1091","1,2665","1,5851","-129,9301","8,9109","61,9069","-5,45","-13,14","-170,47",1,,,,
35559,N/A,0,0,0,0,0,"463,69","958,78","31,09",0,0,0,0,0,0,"1,7627","0,0571","7,4527","0,2222","-0,0381","0,9604","-1,0238","-2,0262","0,4265","-129,2418","9,543","62,5546","-5,41","-13,12","-170,5",1,,,,
35607,N/A,0,0,0,0,0,"463,69","958,78","31,09",0,0,0,0,0,0,"1,7432","0,0571","7,4521","0,2183","-0,0557","0,9531","-0,597","1,5713","2,0729","-128,9629","8,7645","62,2533","-5,38","-13,11","-170,54",1,,,,
35707,N/A,0,0,0,0,0,"463,69","958,78","31,09",0,0,0,0,0,0,"1,7281","0,0571","7,4518","0,2207","-0,0679","0,9468","-1,5116","0,1079","0,6095","-128,6871","8,3873","62,2263","-5,35","-13,06","-170,55",1,,,,
35807,N/A,0,0,0,0,0,"463,69","958,78","31,09",0,0,0,0,0,0,"1,7332","0,0571","7,4654","0,2314","-0,062","0,9497","-0,9628","-0,6238","0,1216","-129,2317","9,1217","62,0262","-5,35","-13,02","-170,55",1,,,,
35907,N/A,0,0,0,0,0,"463,69","958,78","31,09",0,0,0,0,0,0,"1,738","0,0571","7,4404","0,2158","-0,0518","0,9458","-0,597","1,7543","-0,1223","-128,2626","7,7915","61,8043","-5,4","-13,03","-170,55",1,,,,
36170,N/A,0,0,0,0,0,"463,86","958,76","31,09",0,0,0,0,0,0,"1,7787","0,0571","7,4529","0,2329","-0,0571","0,9526","-0,9018","0,5957","-1,8296","-128,8225","7,7834","61,8185","-5,42","-12,94","-170,81",1,,,,
36217,N/A,0,0,0,0,0,"463,86","958,76","31,09",0,0,0,0,0,0,"1,763","0,0571","7,4019","0,2212","-0,0698","0,936","-1,6945","-1,2335","1,5241","-129,1156","8,6017","62,6282","-5,41","-12,91","-170,86",1,,,,
36317,N/A,0,0,0,0,0,"463,86","958,76","31,09",0,0,0,0,0,0,"1,7454","0,0571","7,3741","0,2202","-0,0513","0,9424","2,2079","-1,4774","0,7314","-129,3874","9,3602","62,6753","-5,42","-12,92","-170,92",1,,,,
36417,N/A,0,0,0,0,0,"463,86","958,76","31,09",0,0,0,0,0,0,"1,7176","0,0571","7,4087","0,2144","-0,0557","0,9561","-0,475","1,7543","0,3046","-128,4183","8,03","62,4534","-5,38","-12,97","-170,94",1,,,,
36517,N/A,0,0,0,0,0,"463,86","958,76","31,09",0,0,0,0,0,0,"1,7631","0,0571","7,4258","0,2324","-0,0591","0,9517","-1,9384","-1,2945","1,3412","-128,8062","9,3085","61,8984","-5,34","-12,98","-171,01",1,,,,
36669,N/A,0,0,0,0,0,"464,2","958,72","31,09",0,0,0,0,0,0,"1,7515","0,0571","7,4109","0,2305","-0,061","0,9492","0,3787","-1,7823","0,7924","-128,9782","8,0219","62,4676","-5,34","-13,01","-171,09",1,,,,
36717,N/A,0,0,0,0,0,"464,2","958,72","31,09",0,0,0,0,0,0,"1,7425","0,0571","7,443","0,2207","-0,0522","0,96","0,5006","1,3884","2,4387","-128,1211","7,5929","61,6637","-5,32","-13,08","-171,15",1,,,,
36817,N/A,0,0,0,0,0,"464,2","958,72","31,09",0,0,0,0,0,0,"1,7129","0,0571","7,4513","0,2095","-0,0557","0,9546","0,3177","-0,9287","-0,1832","-129,0932","9,3244","62,1597","-5,27","-13,13","-171,15",1,,,,
36917,N/A,0,0,0,0,0,"464,2","958,72","31,09",0,0,0,0,0,0,"1,7334","0,0571","7,4599","0,231","-0,0527","0,9541","0,1957","0,3518","-0,5491","-129,0872","8,5219","61,6114","-5,17","-13,18","-171,22",1,,,,
37017,N/A,0,0,0,0,0,"464,2","958,72","31,09",0,0,0,0,0,0,"1,7454","0,0571","7,4467","0,2241","-0,0527","0,9492","-1,4506","-2,2091","2,4997","-129,1095","7,7992","62,0799","-5,07","-13,21","-171,38",1,,,,
37169,N/A,0,0,0,0,0,"463,86","958,76","31,1",0,0,0,0,0,0,"1,7539","0,0571","7,4515","0,2236","-0,0723","0,9448","-1,0238","-0,8677","0,5485","-128,4061","9,1739","62,5133","-5,07","-13,24","-171,47",1,,,,
37217,N/A,0,0,0,0,0,"463,86","958,76","31,1",0,0,0,0,0,0,"1,7126","0,0571","7,4268","0,21","-0,0596","0,9448","-1,0238","-0,014","1,646","-128,6972","8,8085","62,7547","-5,13","-13,28","-171,5",1,,,,
37317,N/A,0,0,0,0,0,"463,86","958,76","31,1",0,0,0,0,0,0,"1,7473","0,0571","7,432","0,2275","-0,064","0,9463","0,2567","-0,9287","-0,1832","-127,7027","7,7997","61,7901","-5,18","-13,3","-171,5",1,,,,
37417,N/A,0,0,0,0,0,"463,86","958,76","31,1",0,0,0,0,0,0,"1,7641","0,0571","7,4427","0,2295","-0,0469","0,9487","-0,597","-0,5628","-2,0735","-129,1024","7,7793","61,8257","-5,17","-13,35","-171,53",1,,,,
37517,N/A,0,0,0,0,0,"463,86","958,76","31,1",0,0,0,0,0,0,"1,7267","0,0571","7,4367","0,2212","-0,0601","0,9463","-1,2677","-3,6726","1,768","-129,3966","7,8151","62,3412","-5,12","-13,43","-171,62",1,,,,
37669,N/A,0,0,0,0,0,"463,39","958,82","31,11",0,0,0,0,0,0,"1,7213","0,0571","7,3936","0,2153","-0,0518","0,9497","0,3787","1,0226","1,2802","-128,5659","9,0311","63,1424","-5,11","-13,52","-171,67",1,,,,
37717,N/A,0,0,0,0,0,"463,39","958,82","31,11",0,0,0,0,0,0,"1,6883","0,0571","7,4366","0,2095","-0,0522","0,9619","-1,2067","0,9616","0,9143","-129,2612","8,419","62,7489","-5,11","-13,55","-171,71",1,,,,
37817,N/A,0,0,0,0,0,"463,39","958,82","31,11",0,0,0,0,0,0,"1,7031","0,0571","7,4089","0,2251","-0,061","0,9443","-0,1701","1,0835","0,4265","-129,2459","9,1617","62,5346","-5,12","-13,47","-171,71",1,,,,
37917,N/A,0,0,0,0,0,"463,39","958,82","31,11",0,0,0,0,0,0,"1,7115","0,0571","7,4025","0,2173","-0,0664","0,9502","-0,8409","-0,014","-1,4637","-129,2216","8,7005","61,4978","-5,14","-13,36","-171,72",1,,,,
38017,N/A,0,0,0,0,0,"463,39","958,82","31,11",0,0,0,0,0,0,"1,7721","0,0571","7,4219","0,2334","-0,0718","0,9541","-2,4262","-0,8067","-0,5491","-128,8357","8,6058","62,6211","-5,14","-13,3","-171,84",1,,,,
38280,N/A,0,0,0,0,0,"463,15","958,84","31,11",0,0,0,0,0,0,"1,7304","0,0571","7,427","0,2119","-0,0552","0,9546","-1,0238","-1,4774","-0,671","-128,2523","10,1192","62,4325","-5,28","-13,42","-172,04",1,,,,
38328,N/A,0,0,0,0,0,"463,15","958,84","31,11",0,0,0,0,0,0,"1,7004","0,0571","7,4283","0,2114","-0,0591","0,9512","-0,7799","-0,2579","0,4265","-129,5442","8,8162","63,0302","-5,29","-13,44","-172,06",1,,,,
38428,N/A,0,0,0,0,0,"463,15","958,84","31,11",0,0,0,0,0,0,"1,7136","0,0571","7,424","0,228","-0,0474","0,9478","-0,9628","0,5348","-0,854","-128,4112","8,0101","62,1992","-5,33","-13,5","-172,08",1,,,,
38528,N/A,0,0,0,0,0,"463,15","958,84","31,11",0,0,0,0,0,0,"1,7069","0,0571","7,4561","0,2153","-0,0649","0,9604","-0,536","0,8396","-0,0613","-128,8275","9,3684","62,6611","-5,37","-13,52","-172,11",1,,,,
38628,N/A,0,0,0,0,0,"463,15","958,84","31,11",0,0,0,0,0,0,"1,705","0,0571","7,438","0,2227","-0,0513","0,9517","-0,353","-1,2335","1,5851","-128,6911","8,006","62,2063","-5,36","-13,48","-172,16",1,,,,
38780,N/A,0,0,0,0,0,"463,39","958,82","31,1",0,0,0,0,0,0,"1,7087","0,0571","7,424","0,2188","-0,0596","0,9458","0,9274","1,2055","1,0973","-129,3844","8,959","62,4011","-5,36","-13,45","-172,16",1,,,,
38828,N/A,0,0,0,0,0,"463,39","958,82","31,1",0,0,0,0,0,0,"1,6967","0,0571","7,4406","0,2153","-0,0581","0,9561","-0,353","-1,0506","-0,793","-128,97","8,7844","62,5076","-5,38","-13,43","-172,12",1,,,,
38928,N/A,0,0,0,0,0,"463,39","958,82","31,1",0,0,0,0,0,0,"1,7602","0,0571","7,3844","0,2305","-0,0649","0,9395","-0,7189","-2,2091","-1,4027","-128,683","8,7686","62,2462","-5,39","-13,45","-172,13",1,,,,
39028,N/A,0,0,0,0,0,"463,39","958,82","31,1",0,0,0,0,0,0,"1,7595","0,0571","7,4339","0,2251","-0,0649","0,9595","1,0494","-2,8799","-0,6101","-128,6911","8,006","62,2063","-5,41","-13,57","-172,21",1,,,,
39128,N/A,0,0,0,0,0,"463,39","958,82","31,1",0,0,0,0,0,0,"1,7861","0,0571","7,4175","0,2329","-0,0464","0,9521","0,7445","-0,7457","-0,3662","-129,537","8,7962","62,776","-5,39","-13,71","-172,31",1,,,,
39280,N/A,0,0,0,0,0,"463,39","958,82","31,09",0,0,0,0,0,0,"1,75","0,0571","7,3896","0,2183","-0,0518","0,9399","-1,1457","1,6323","0,1216","-128,9517","9,1258","62,0191","-5,33","-13,8","-172,42",1,,,,
39328,N/A,0,0,0,0,0,"463,39","958,82","31,09",0,0,0,0,0,0,"1,7673","0,0571","7,3936","0,2295","-0,0708","0,9482","-1,6945","0,5957","-0,9759","-128,3989","9,1539","62,2591","-5,29","-13,81","-172,51",1,,,,
39428,N/A,0,0,0,0,0,"463,39","958,82","31,09",0,0,0,0,0,0,"1,7445","0,0571","7,469","0,2202","-0,0444","0,9634","-1,5726","-2,0872","0,7314","-127,9745","8,5582","61,8371","-5,32","-13,76","-172,55",1,,,,
39528,N/A,0,0,0,0,0,"463,39","958,82","31,09",0,0,0,0,0,0,"1,7199","0,0571","7,484","0,2197","-0,061","0,959","1,2323","1,6933","0,6095","-129,3925","8,1964","62,3612","-5,39","-13,73","-172,57",1,,,,
39628,N/A,0,0,0,0,0,"463,39","958,82","31,09",0,0,0,0,0,0,"1,7476","0,0571","7,4765","0,2261","-0,0664","0,957","-0,6579","-0,3799","0,1826","-128,5273","8,5301","61,5971","-5,4","-13,64","-172,66",1,,,,
39780,N/A,0,0,0,0,0,"463,3","958,83","31,09",0,0,0,0,0,0,"1,7682","0,0571","7,4346","0,2295","-0,0684","0,9468","1,6591","-1,3555","-0,4271","-129,2581","8,0178","62,4747","-5,37","-13,58","-172,76",1,,,,
39828,N/A,0,0,0,0,0,"463,3","958,83","31,09",0,0,0,0,0,0,"1,7657","0,0571","7,4466","0,2246","-0,0596","0,9556","0,3787","0,4128","-0,3662","-129,3813","8,5577","62,1269","-5,3","-13,6","-172,83",1,,,,
39928,N/A,0,0,0,0,0,"463,3","958,83","31,09",0,0,0,0,0,0,"1,7889","0,0571","7,4891","0,2349","-0,0498","0,9658","-0,475","-0,5628","0,6704","-128,5497","7,8074","62,0657","-5,19","-13,62","-172,86",1,,,,
40028,N/A,0,0,0,0,0,"463,3","958,83","31,09",0,0,0,0,0,0,"1,7646","0,0571","7,4641","0,2173","-0,0586","0,9458","-1,1457","-0,014","2,6826","-128,8225","7,7834","61,8185","-5,13","-13,6","-172,84",1,,,,
40128,N/A,0,0,0,0,0,"463,3","958,83","31,09",0,0,0,0,0,0,"1,702","0,0571","7,404","0,2065","-0,0527","0,9429","2,6348","-1,2335","0,3655","-128,5425","7,7874","61,8114","-5,12","-13,54","-172,78",1,,,,
40390,N/A,0,0,0,0,0,"463,3","958,83","31,09",0,0,0,0,0,0,"1,739","0,0571","7,3757","0,2266","-0,0576","0,9385","0,3177","-1,3555","1,0363","-129,0984","8,1606","61,8456","-5,03","-13,5","-172,89",1,,,,
40437,N/A,0,0,0,0,0,"463,3","958,83","31,09",0,0,0,0,0,0,"1,7179","0,0571","7,3982","0,2153","-0,0522","0,9531","-0,353","3,4006","-1,2808","-128,5456","8,1887","62,0856","-5,01","-13,47","-172,94",1,,,,
40537,N/A,0,0,0,0,0,"463,3","958,83","31,09",0,0,0,0,0,0,"1,7499","0,0571","7,3888","0,231","-0,0571","0,9429","0,9884","-1,4165","0,3655","-129,3833","9,7415","62,6952","-4,97","-13,37","-173,09",1,,,,
40637,N/A,0,0,0,0,0,"463,3","958,83","31,09",0,0,0,0,0,0,"1,7533","0,0571","7,3484","0,2295","-0,0605","0,9365","-3,097","0,1079","2,0729","-128,116","8,7568","61,9778","-4,94","-13,31","-173,21",1,,,,
40737,N/A,0,0,0,0,0,"463,3","958,83","31,09",0,0,0,0,0,0,"1,7269","0,0571","7,3524","0,2217","-0,0586","0,9419","-0,475","1,1445","2,2558","-129,7967","7,9497","61,7263",-5,"-13,29","-173,21",1,,,,
40889,N/A,0,0,0,0,0,"463,39","958,82","31,08",0,0,0,0,0,0,"1,7497","0,0571","7,3906","0,228","-0,0571","0,9487","-1,4506","0,047","-0,1223","-128,9629","8,7645","62,2533","-5,05","-13,28","-173,14",1,,,,
40937,N/A,0,0,0,0,0,"463,39","958,82","31,08",0,0,0,0,0,0,"1,7211","0,0571","7,3857","0,2139","-0,0576","0,9453","0,2567","0,7787","0,3046","-129,3773","8,939","62,1469","-5,09","-13,26","-173,09",1,,,,
41037,N/A,0,0,0,0,0,"463,39","958,82","31,08",0,0,0,0,0,0,"1,7364","0,0571","7,4134","0,2207","-0,0601","0,9561","-1,2067","0,1079","-1,5857","-129,1136","7,4179","62,0599","-5,09","-13,25","-173,09",1,,,,
41137,N/A,0,0,0,0,0,"463,39","958,82","31,08",0,0,0,0,0,0,"1,7682","0,0571","7,4474","0,23","-0,0571","0,9609","-1,0238","0,2909","0,4265","-129,5045","9,0977","61,7791","-5,05","-13,25","-173,14",1,,,,
41237,N/A,0,0,0,0,0,"463,39","958,82","31,08",0,0,0,0,0,0,"1,7112","0,0571","7,4091","0,207","-0,0591","0,9409","-1,0238","-0,5628","4,0851","-129,1055","8,1805","62,0998","-5,04","-13,21","-173,16",1,,,,
41389,N/A,0,0,0,0,0,"463,39","958,82","31,08",0,0,0,0,0,0,"1,7214","0,0571","7,4529","0,2285","-0,0513","0,9604","-0,2311","-0,4409","0,9753","-128,8031","8,9073","61,6242","-5,09","-13,15","-173,11",1,,,,
41437,N/A,0,0,0,0,0,"463,39","958,82","31,08",0,0,0,0,0,0,"1,7545","0,0571","7,4436","0,2319","-0,042","0,9502","-1,2677","-0,014","-0,671","-129,6714","8,9749","62,6624","-5,13","-13,1","-173,09",1,,,,
41537,N/A,0,0,0,0,0,"463,39","958,82","31,08",0,0,0,0,0,0,"1,7802","0,0571","7,4129","0,229","-0,064","0,9404","-0,2921","-1,2945","2,0119","-128,4071","8,3914","62,2192","-5,15","-13,12","-173,07",1,,,,
41637,N/A,0,0,0,0,0,"463,39","958,82","31,08",0,0,0,0,0,0,"1,7503","0,0571","7,3933","0,2173","-0,0508","0,9409","-0,9628","-3,3067","3,1704","-129,3641","8,1166","61,3443","-5,18","-13,2","-172,96",1,,,,
41737,N/A,0,0,0,0,0,"463,39","958,82","31,08",0,0,0,0,0,0,"1,7655","0,0571","7,4242","0,2295","-0,0571","0,9561","-0,536","-0,075","-0,2442","-129,3783","8,1565","61,8527","-5,21","-13,28","-172,82",1,,,,
41889,N/A,0,0,0,0,0,"463,52","958,8","31,09",0,0,0,0,0,0,"1,7015","0,0571","7,4331","0,2124","-0,063","0,9536","-1,4506","-1,5384","1,5241","-128,8133","9,3285","62,1526","-5,2","-13,28","-172,8",1,,,,
41937,N/A,0,0,0,0,0,"463,52","958,8","31,09",0,0,0,0,0,0,"1,7233","0,0571","7,4441","0,2261","-0,0649","0,9551","0,1957","0,8396","-1,0369","-129,2256","8,3192","61,4778","-5,21","-13,26","-172,82",1,,,,
42037,N/A,0,0,0,0,0,"463,52","958,8","31,09",0,0,0,0,0,0,"1,7141","0,0571","7,4343","0,2124","-0,0464","0,9541","0,4396","1,0226","4,0851","-128,8398","8,2245","62,6012","-5,2","-13,2","-172,87",1,,,,
42137,N/A,0,0,0,0,0,"463,52","958,8","31,09",0,0,0,0,0,0,"1,7414","0,0571","7,4708","0,2246","-0,0591","0,9497","0,0128","1,3274","-0,2442","-128,1414","8,4354","62,7205","-5,19","-13,12","-172,82",1,,,,
42237,N/A,0,0,0,0,0,"463,52","958,8","31,09",0,0,0,0,0,0,"1,7224","0,0571","7,4255","0,2163","-0,0669","0,9487","-1,1457","-0,9896","1,1582","-129,2622","7,6365","62,4548","-5,21","-13,1","-172,7",1,,,,
42489,N/A,0,0,0,0,0,"463,52","958,8","31,1",0,0,0,0,0,0,"1,7492","0,0571","7,3958","0,2217","-0,0527","0,9507","-0,2311","-0,4409","0,6704","-128,5374","8,9513","62,1255","-5,22","-13,11","-172,8",1,,,,
42537,N/A,0,0,0,0,0,"463,52","958,8","31,1",0,0,0,0,0,0,"1,7869","0,0571","7,3706","0,2363","-0,0596","0,939","1,2933","1,3274","-0,854","-129,531","7,9937","62,2276","-5,19","-13,09","-172,84",1,,,,
42637,N/A,0,0,0,0,0,"463,52","958,8","31,1",0,0,0,0,0,0,"1,7609","0,0571","7,3889","0,2188","-0,0562","0,9492","-1,9994","-1,0506","4,146","-129,082","9,6857","61,9255","-5,15","-13,04","-172,88",1,,,,
42737,N/A,0,0,0,0,0,"463,52","958,8","31,1",0,0,0,0,0,0,"1,7836","0,0571","7,4089","0,2271","-0,041","0,9492","-0,2311","-0,8677","-2,0735","-129,2185","8,2993","61,2236","-5,2","-13,02","-172,77",1,,,,
42837,N/A,0,0,0,0,0,"463,52","958,8","31,1",0,0,0,0,0,0,"1,7649","0,0571","7,4215","0,2285","-0,0444","0,9512","0,3787","2,7299","-1,1588","-129,0861","9,3044","61,9055","-5,22","-13,03","-172,76",1,,,,
42989,N/A,0,0,0,0,0,"463,52","958,8","31,11",0,0,0,0,0,0,"1,7067","0,0571","7,3804","0,2095","-0,0615","0,9375","-2,4872","0,9616","5,3655","-129,3529","8,4779","61,11","-5,12","-12,92","-172,9",1,,,,
43037,N/A,0,0,0,0,0,"463,52","958,8","31,11",0,0,0,0,0,0,"1,7198","0,0571","7,3684","0,2236","-0,0601","0,9419","0,1348","0,4738","-0,6101","-128,5598","8,2286","62,5941","-5,07","-12,77","-172,94",1,,,,
43137,N/A,0,0,0,0,0,"463,52","958,8","31,11",0,0,0,0,0,0,"1,7274","0,0571","7,3785","0,2192","-0,061","0,9478","0,0128","0,7177","-1,0369","-128,6931","9,1898","62,7746","-5,04","-12,63","-172,92",1,,,,
43237,N/A,0,0,0,0,0,"463,52","958,8","31,11",0,0,0,0,0,0,"1,774","0,0571","7,4281","0,2324","-0,0659","0,9619","-1,2677","-0,5628","-3,5369","-128,8316","8,9871","62,6411","-4,99","-12,55","-172,96",1,,,,
43337,N/A,0,0,0,0,0,"463,52","958,8","31,11",0,0,0,0,0,0,"1,7846","0,0571","7,4204","0,2266","-0,0483","0,9507","-1,3287","0,7787","2,6216","-129,2489","9,5629","62,8088","-4,98","-12,58","-173,09",1,,,,
43489,N/A,0,0,0,0,0,"463,52","958,8","31,11",0,0,0,0,0,0,"1,7162","0,0571","7,4569","0,2139","-0,0483","0,9575","-0,2311","-0,5018","0,3655","-129,2347","9,523","62,3004","-5,01","-12,57","-173,13",1,,,,
43537,N/A,0,0,0,0,0,"463,52","958,8","31,11",0,0,0,0,0,0,"1,7365","0,0571","7,4119","0,2271","-0,0361","0,9385","-0,475","-0,197","2,6216","-128,97","8,7844","62,5076","-5,07","-12,55","-173,1",1,,,,
43637,N/A,0,0,0,0,0,"463,52","958,8","31,11",0,0,0,0,0,0,"1,7662","0,0571","7,4091","0,2266","-0,0571","0,9526","-0,475","0,4738","2,4997","-128,9436","9,8884","62,059","-5,07","-12,53","-172,99",1,,,,
43737,N/A,0,0,0,0,0,"463,52","958,8","31,11",0,0,0,0,0,0,"1,7735","0,0571","7,4197","0,2251","-0,0581","0,957","-1,9994","-1,0506","2,8046","-129,0994","7,378","61,5515","-5,03","-12,52","-172,8",1,,,,
43837,N/A,0,0,0,0,0,"463,52","958,8","31,11",0,0,0,0,0,0,"1,7634","0,0571","7,4276","0,2256","-0,0723","0,9521","0,3177","-1,2945","1,707","-128,8062","9,3085","61,8984","-5,07","-12,55","-172,57",1,,,,
43989,N/A,0,0,0,0,0,"463,52","958,8","31,11",0,0,0,0,0,0,"1,7233","0,0571","7,4128","0,2144","-0,0317","0,9458","-0,353","-0,6238","-0,732","-128,8305","9,7697","62,9352","-5,12","-12,64","-172,43",1,,,,
44037,N/A,0,0,0,0,0,"463,52","958,8","31,11",0,0,0,0,0,0,"1,7127","0,0571","7,3883","0,2173","-0,0557","0,9409","0,1348","-1,1116","-0,3662","-129,2235","9,8843","62,0661","-5,09","-12,73","-172,47",1,,,,
44137,N/A,0,0,0,0,0,"463,52","958,8","31,11",0,0,0,0,0,0,"1,8006","0,0571","7,4698","0,2456","-0,0615","0,9707","-1,6335","-0,3189","1,2802","-128,8296","7,8033","62,0728","-5,03","-12,83","-172,48",1,,,,
44237,N/A,0,0,0,0,0,"463,52","958,8","31,11",0,0,0,0,0,0,"1,798","0,0571","7,4638","0,2305","-0,0596","0,9482","-1,3896","-1,5384","-1,4637","-129,5299","8,7763","62,5218","-5,01","-12,92","-172,43",1,,,,
44337,N/A,0,0,0,0,0,"463,52","958,8","31,11",0,0,0,0,0,0,"1,7957","0,0571","7,4241","0,228","-0,061","0,9419","-3,2189","-0,8067","3,4143","-129,5157","8,7364","62,0133","-5,06","-13,03","-172,43",1,,,,
44699,N/A,0,0,0,0,0,"463,52","958,8","31,12",0,0,0,0,0,0,"1,7678","0,0571","7,4108","0,2217","-0,0708","0,9453","-1,3896","-0,6848","1,707","-129,5228","8,7563","62,2676","-5,35","-13,39","-172,42",1,,,,
44746,N/A,0,0,0,0,0,"463,52","958,8","31,12",0,0,0,0,0,0,"1,708","0,0571","7,4156","0,2051","-0,0747","0,9507","-0,6579","1,6323","2,0729","-128,8316","8,9871","62,6411","-5,36","-13,39","-172,42",1,,,,
44846,N/A,0,0,0,0,0,"463,52","958,8","31,12",0,0,0,0,0,0,"1,7257","0,0571","7,4269","0,2227","-0,0669","0,9502","-0,536","0,1079","0,1216","-129,1024","7,7793","61,8257","-5,37","-13,34","-172,43",1,,,,
44946,N/A,0,0,0,0,0,"463,52","958,8","31,12",0,0,0,0,0,0,"1,6948","0,0571","7,4057","0,2178","-0,0581","0,9541","0,0738","1,9982","-2,2564","-128,9406","9,4871","61,7848","-5,36","-13,27","-172,48",1,,,,
45046,N/A,0,0,0,0,0,"463,52","958,8","31,12",0,0,0,0,0,0,"1,6629","0,0571","7,4486","0,2124","-0,0566","0,9644","-1,1457","1,7543","-0,1223","-129,1014","8,5618","62,1198","-5,33","-13,18","-172,6",1,,,,
45198,N/A,0,0,0,0,0,"463,69","958,78","31,12",0,0,0,0,0,0,"1,6915","0,0571","7,4368","0,2261","-0,0601","0,9556","-0,8409","0,9616","0,3046","-128,4071","8,3914","62,2192","-5,33","-13,1","-172,69",1,,,,
45246,N/A,0,0,0,0,0,"463,69","958,78","31,12",0,0,0,0,0,0,"1,7379","0,0571","7,4381","0,2334","-0,0605","0,9521","-1,6335","0,1079","-0,9759","-129,2368","7,9579","61,7121","-5,38","-13,04","-172,7",1,,,,
45346,N/A,0,0,0,0,0,"463,69","958,78","31,12",0,0,0,0,0,0,"1,7508","0,0571","7,3898","0,2266","-0,0615","0,939","0,8055","-0,5018","0,7314","-128,9629","8,7645","62,2533","-5,44","-13,01","-172,69",1,,,,
45446,N/A,0,0,0,0,0,"463,69","958,78","31,12",0,0,0,0,0,0,"1,7343","0,0571","7,4071","0,2144","-0,0635","0,9512","-1,0848","0,4738","-0,4881","-129,2562","6,834","61,9064","-5,46","-13,04","-172,71",1,,,,
45546,N/A,0,0,0,0,0,"463,69","958,78","31,12",0,0,0,0,0,0,"1,7309","0,0571","7,4316","0,2197","-0,0566","0,9546","-1,0238","-1,8433","3,4143","-128,5639","7,8473","62,5741","-5,44","-13,05","-172,76",1,,,,
45698,N/A,0,0,0,0,0,"463,69","958,78","31,12",0,0,0,0,0,0,"1,7616","0,0571","7,4652","0,2324","-0,062","0,9619","0,1348","-0,4409","-1,2808","-128,8021","9,6898","61,9184","-5,43","-13,1","-172,69",1,,,,
45746,N/A,0,0,0,0,0,"463,69","958,78","31,12",0,0,0,0,0,0,"1,7712","0,0571","7,4738","0,228","-0,0562","0,9575","-0,536","1,5713","-1,6466","-128,5354","7,7675","61,5572","-5,39","-13,18","-172,62",1,,,,
45846,N/A,0,0,0,0,0,"463,69","958,78","31,12",0,0,0,0,0,0,"1,8132","0,0571","7,406","0,2344","-0,0547","0,9409","-1,6945","0,7787","3,6582","-128,8305","9,7697","62,9352","-5,34","-13,24","-172,66",1,,,,
45946,N/A,0,0,0,0,0,"463,69","958,78","31,12",0,0,0,0,0,0,"1,7577","0,0571","7,438","0,2188","-0,0493","0,9521","-0,1091","1,8152","-0,0003","-128,9629","8,7645","62,2533","-5,35","-13,27","-172,68",1,,,,
46046,N/A,0,0,0,0,0,"463,69","958,78","31,12",0,0,0,0,0,0,"1,7551","0,0571","7,4285","0,2227","-0,0513","0,9487","0,6226","-0,7457","0,0607","-128,4366","7,6887","62,9419","-5,35","-13,25","-172,7",1,,,,
46198,N/A,0,0,0,0,0,"463,69","958,78","31,14",0,0,0,0,0,0,"1,7423","0,0571","7,4265","0,2256","-0,0493","0,9517","-0,6579","-1,7823","1,707","-128,8296","7,8033","62,0728","-5,33","-13,23","-172,71",1,,,,
46246,N/A,0,0,0,0,0,"463,69","958,78","31,14",0,0,0,0,0,0,"1,7547","0,0571","7,4309","0,2271","-0,0532","0,9521","-0,475","2,7299","-0,9759","-127,8472","8,3995","62,2049","-5,33","-13,22","-172,68",1,,,,
46346,N/A,0,0,0,0,0,"463,69","958,78","31,14",0,0,0,0,0,0,"1,7825","0,0571","7,4229","0,228","-0,062","0,9463","-2,3652","-0,075","-0,3662","-129,0953","7,7593","61,5714","-5,31","-13,23","-172,67",1,,,,
46446,N/A,0,0,0,0,0,"463,69","958,78","31,14",0,0,0,0,0,0,"1,7103","0,0571","7,4145","0,2129","-0,0508","0,9492","-1,4506","2,6689","0,6095","-128,8408","7,442","62,307","-5,32","-13,26","-172,74",1,,,,
46546,N/A,0,0,0,0,0,"463,69","958,78","31,14",0,0,0,0,0,0,"1,7591","0,0571","7,4696","0,2251","-0,0508","0,9604","0,9884","0,2909","1,9509","-128,4315","8,8525","63,256","-5,36","-13,21","-172,85",1,,,,
46816,N/A,0,0,0,0,0,"463,79","958,77","31,14",0,0,0,0,0,0,"1,7106","0,0571","7,4657","0,2163","-0,0542","0,958","1,5982","-0,9896","-4,7564","-128,7909","10,0511","61,6841","-5,42","-13,09","-172,77",1,,,,
46863,N/A,0,0,0,0,0,"463,79","958,77","31,14",0,0,0,0,0,0,"1,7225","0,0571","7,4454","0,2236","-0,0479","0,9478","-2,7311","2,486","-3,293","-128,967","8,3832","62,2334","-5,41","-13,06","-172,79",1,,,,
46963,N/A,0,0,0,0,0,"463,79","958,77","31,14",0,0,0,0,0,0,"1,7523","0,0571","7,4161","0,2231","-0,0625","0,9487","1,0494","-0,014","3,5973","-129,1085","8,5818","62,374","-5,4","-13,02","-172,97",1,,,,
47063,N/A,0,0,0,0,0,"463,79","958,77","31,14",0,0,0,0,0,0,"1,7437","0,0571","7,4461","0,2241","-0,0649","0,9683","0,0128","-0,9896","0,3046","-128,8438","7,8432","62,5812","-5,41","-12,97",-173,1,,,,
47163,N/A,0,0,0,0,0,"463,79","958,77","31,14",0,0,0,0,0,0,"1,7929","0,0571","7,3927","0,2437","-0,0557","0,9424","-2,3043","-1,6604","-3,354","-128,8337","7,422","62,0528","-5,43","-12,97","-172,97",1,,,,
47315,N/A,0,0,0,0,0,"463,69","958,78","31,14",0,0,0,0,0,0,"1,7759","0,0571","7,3957","0,2324","-0,0493","0,9458","-1,1457","0,2909","2,5607","-128,403","8,7726","62,2391","-5,49","-13,07","-173,09",1,,,,
47363,N/A,0,0,0,0,0,"463,69","958,78","31,14",0,0,0,0,0,0,"1,7122","0,0571","7,418","0,2046","-0,0776","0,9551","-1,5726","-0,8067","-2,3174","-129,1055","8,1805","62,0998","-5,58","-13,17","-173,19",1,,,,
47463,N/A,0,0,0,0,0,"463,69","958,78","31,14",0,0,0,0,0,0,"1,7014","0,0571","7,3864","0,2168","-0,0425","0,936","-1,6335","2,2421","-3,7808","-129,3589","9,2804","61,6584","-5,62","-13,22","-173,33",1,,,,
47563,N/A,0,0,0,0,0,"463,69","958,78","31,14",0,0,0,0,0,0,"1,7398","0,0571","7,4143","0,2207","-0,0537","0,9487","-3,097","-1,2945","1,9509","-129,1014","8,5618","62,1198","-5,55","-13,16","-173,6",1,,,,
47663,N/A,0,0,0,0,0,"463,69","958,78","31,14",0,0,0,0,0,0,"1,7841","0,0571","7,3973","0,2324","-0,0586","0,9492","-0,7189","1,0226","4,268","-128,5456","8,1887","62,0856","-5,55","-13,09","-173,7",1,,,,
47815,N/A,0,0,0,0,0,"463,69","958,78","31,15",0,0,0,0,0,0,"1,7592","0,0571","7,3944","0,2241","-0,0488","0,9395","-1,0238","-1,2335","-1,4637","-129,2368","7,9579","61,7121","-5,6","-13,02","-173,61",1,,,,
47863,N/A,0,0,0,0,0,"463,69","958,78","31,15",0,0,0,0,0,0,"1,7537","0,0571","7,417","0,2227","-0,0518","0,9551","-3,036","-0,197","1,0973","-128,5323","10,1151","62,4397","-5,6","-12,97","-173,59",1,,,,
47963,N/A,0,0,0,0,0,"463,69","958,78","31,15",0,0,0,0,0,0,"1,7332","0,0571","7,4402","0,2241","-0,0615","0,9531","-0,9628","-1,5994","1,0363","-127,6935","9,3448","62,1242","-5,63","-12,97","-173,54",1,,,,
48063,N/A,0,0,0,0,0,"463,69","958,78","31,15",0,0,0,0,0,0,"1,7212","0,0571","7,4423","0,2207","-0,0723","0,9517","-0,2921","0,3518","-1,4637","-130,0807","7,5644","61,7135","-5,64","-13,02","-173,44",1,,,,
48163,N/A,0,0,0,0,0,"463,69","958,78","31,15",0,0,0,0,0,0,"1,6901","0,0571","7,4447","0,2114","-0,0405","0,9521","-0,0482","-1,2945","-1,8296","-128,5344","8,55","61,8514","-5,55","-13,06","-173,46",1,,,,
48315,N/A,0,0,0,0,0,"463,79","958,77","31,15",0,0,0,0,0,0,"1,7057","0,0571","7,414","0,2202","-0,0479","0,9434","0,4396","0,9006","1,2802","-128,4132","9,1939","62,7675","-5,42","-13,12","-173,57",1,,,,
48363,N/A,0,0,0,0,0,"463,79","958,77","31,15",0,0,0,0,0,0,"1,7291","0,0571","7,3877","0,2271","-0,0601","0,9404","-0,8409","-1,9043","-1,7076","-128,9416","8,7046","61,4907","-5,29","-13,19","-173,63",1,,,,
48463,N/A,0,0,0,0,0,"463,79","958,77","31,15",0,0,0,0,0,0,"1,7113","0,0571","7,3961","0,2197","-0,0532","0,9468","0,9884","0,4738","-0,732","-128,7013","8,4272","62,7347","-5,21","-13,27","-173,69",1,,,,
48563,N/A,0,0,0,0,0,"463,79","958,77","31,15",0,0,0,0,0,0,"1,7799","0,0571","7,4833","0,2344","-0,0542","0,9702","-0,9628","-0,9896","-1,1588","-128,1282","7,6129","61,9179","-5,15","-13,33","-173,79",1,,,,
48663,N/A,0,0,0,0,0,"463,79","958,77","31,15",0,0,0,0,0,0,"1,7284","0,0571","7,4917","0,2075","-0,0439","0,9609","-1,2067","-0,197","1,2192","-129,6583","8,1524","61,8598","-5,11","-13,38","-173,89",1,,,,
48914,N/A,0,0,0,0,0,"463,79","958,77","31,15",0,0,0,0,0,0,"1,7178","0,0571","7,4662","0,2217","-0,0493","0,9536","0,5616","0,7787","-2,4393","-128,2941","8,2726","63,0954","-5,14","-13,4","-173,85",1,,,,
48962,N/A,0,0,0,0,0,"463,79","958,77","31,15",0,0,0,0,0,0,"1,7261","0,0571","7,4213","0,2231","-0,0581","0,9395","1,4762","-2,453","-1,5247","-129,2439","7,9779","61,9663","-5,12","-13,38","-173,84",1,,,,
49062,N/A,0,0,0,0,0,"463,79","958,77","31,15",0,0,0,0,0,0,"1,7515","0,0571","7,4156","0,2271","-0,0532","0,9502","-2,914","-2,2091","2,9875","-129,2612","8,419","62,7489","-5,01","-13,4","-173,86",1,,,,
49162,N/A,0,0,0,0,0,"463,79","958,77","31,15",0,0,0,0,0,0,"1,7128","0,0571","7,4044","0,2192","-0,0566","0,9463","-1,6945","-2,697","1,0973","-129,1085","8,5818","62,374","-5,01","-13,45","-173,82",1,,,,
49262,N/A,0,0,0,0,0,"463,79","958,77","31,15",0,0,0,0,0,0,"1,7316","0,0571","7,4397","0,2256","-0,0576","0,9526","-1,2067","1,4494","-1,0369","-129,6796","8,2123","62,6225","-5,06","-13,52","-173,8",1,,,,
49414,N/A,0,0,0,0,0,"463,86","958,76","31,16",0,0,0,0,0,0,"1,7365","0,0571","7,4069","0,2173","-0,0493","0,937","-2,1823","-1,7213","3,4753","-128,3918","9,134","62,0049","-5,07","-13,53","-173,87",1,,,,
49462,N/A,0,0,0,0,0,"463,86","958,76","31,16",0,0,0,0,0,0,"1,745","0,0571","7,433","0,2251","-0,0566","0,9575","0,5616","-0,2579","-1,7076","-128,6942","8,4072","62,4805","-5,06","-13,56","-173,92",1,,,,
49562,N/A,0,0,0,0,0,"463,86","958,76","31,16",0,0,0,0,0,0,"1,7632","0,0571","7,4166","0,2241","-0,0552","0,9448","0,4396","-0,014","-2,1954","-129,3732","9,3203","62,1668","-5,02","-13,58",-174,1,,,,
49662,N/A,0,0,0,0,0,"463,86","958,76","31,16",0,0,0,0,0,0,"1,7215","0,0571","7,4383","0,2158","-0,0474","0,9614","-0,7799","1,5713","1,3412","-129,5239","7,9738","61,9734","-4,94","-13,61","-174,15",1,,,,
49762,N/A,0,0,0,0,0,"463,86","958,76","31,16",0,0,0,0,0,0,"1,7358","0,0571","7,459","0,2231","-0,0576","0,9614","-1,3896","-0,4409","1,3412","-128,4183","8,03","62,4534","-4,91","-13,55","-174,19",1,,,,
49914,N/A,0,0,0,0,0,"463,86","958,76","31,17",0,0,0,0,0,0,"1,7398","0,0571","7,4512","0,229","-0,0581","0,957","0,5006","-1,5384","-0,3662","-129,3773","8,939","62,1469","-4,93","-13,49","-174,17",1,,,,
49962,N/A,0,0,0,0,0,"463,86","958,76","31,17",0,0,0,0,0,0,"1,7631","0,0571","7,4769","0,2305","-0,0522","0,9619","-0,2921","-1,1726","1,5241","-130,0939","8,3868","62,516","-4,95","-13,49","-174,18",1,,,,
50062,N/A,0,0,0,0,0,"463,86","958,76","31,17",0,0,0,0,0,0,"1,7576","0,0571","7,4465","0,2134","-0,0532","0,9497","0,7445","0,1079","0,8534","-129,1136","7,4179","62,0599","-4,97","-13,54","-174,16",1,,,,
50162,N/A,0,0,0,0,0,"463,86","958,76","31,17",0,0,0,0,0,0,"1,7306","0,0571","7,4067","0,2246","-0,063","0,9443","0,7445","0,9616","-1,0369","-128,1302","8,7967","62,4862","-4,99","-13,58","-174,12",1,,,,
50262,N/A,0,0,0,0,0,"463,86","958,76","31,17",0,0,0,0,0,0,"1,7337","0,0571","7,4425","0,2192","-0,064","0,958","-1,9994","0,1079","2,3168","-128,8163","9,7297","62,4268","-4,93","-13,57","-174,12",1,,,,
50414,N/A,0,0,0,0,0,"463,79","958,77","31,18",0,0,0,0,0,0,"1,7667","0,0571","7,4408","0,2275","-0,0513","0,959","-1,3896","1,4494","2,1338","-128,6983","8,0259","62,4605","-4,9","-13,51","-174,05",1,,,,
50462,N/A,0,0,0,0,0,"463,79","958,77","31,18",0,0,0,0,0,0,"1,7603","0,0571","7,428","0,2231","-0,0508","0,9478","-1,5116","0,047","0,7924","-129,2622","7,6365","62,4548","-4,93","-13,4","-173,91",1,,,,
50562,N/A,0,0,0,0,0,"463,79","958,77","31,18",0,0,0,0,0,0,"1,7812","0,0571","7,4203","0,2212","-0,0522","0,9609","-2,4262","-0,3799","-1,7076","-128,8133","9,3285","62,1526","-4,99","-13,29","-173,81",1,,,,
50662,N/A,0,0,0,0,0,"463,79","958,77","31,18",0,0,0,0,0,0,"1,7959","0,0571","7,4325","0,2285","-0,0503","0,9448","0,7445","-0,136","1,0973","-128,964","7,9819","61,9592","-5,04","-13,3","-173,85",1,,,,
50762,N/A,0,0,0,0,0,"463,79","958,77","31,18",0,0,0,0,0,0,"1,7935","0,0571","7,4283","0,2256","-0,0615","0,9458","0,5006","-0,5018","1,1582","-128,6931","9,1898","62,7746",-5,"-13,33","-173,85",1,,,,
51020,N/A,0,0,0,0,0,"463,79","958,77","31,17",0,0,0,0,0,0,"1,7352","0,0571","7,4282","0,2109","-0,0415","0,9531","-1,5726","-0,075","4,4509","-128,7013","8,4272","62,7347","-5,02","-13,4","-173,56",1,,,,
51067,N/A,0,0,0,0,0,"463,79","958,77","31,17",0,0,0,0,0,0,"1,711","0,0571","7,4249","0,2139","-0,0518","0,9497","-1,5726","-1,1116","1,707","-128,1313","8,0141","62,1921","-5,05","-13,41","-173,49",1,,,,
51167,N/A,0,0,0,0,0,"463,79","958,77","31,17",0,0,0,0,0,0,"1,7149","0,0571","7,3937","0,2271","-0,0625","0,9404","0,8055","1,9982","0,9753","-129,9412","8,5496","62,1411","-5,13","-13,46","-173,32",1,,,,
51267,N/A,0,0,0,0,0,"463,79","958,77","31,17",0,0,0,0,0,0,"1,6979","0,0571","7,4124","0,2158","-0,0415","0,9585","-0,414","-0,4409","-1,5247","-128,3012","8,2926","63,3496","-5,15","-13,43","-173,23",1,,,,
51367,N/A,0,0,0,0,0,"463,79","958,77","31,17",0,0,0,0,0,0,"1,765","0,0571","7,4226","0,2329","-0,043","0,9551","-1,0848","0,3518","-0,732","-129,5381","8,0137","62,4819","-5,1","-13,37","-173,27",1,,,,
51519,N/A,0,0,0,0,0,"463,86","958,76","31,17",0,0,0,0,0,0,"1,7763","0,0571","7,4216","0,2324","-0,0469","0,9482","1,4762","0,7787","2,6216","-129,1095","7,7992","62,0799","-5,06","-13,38","-173,31",1,,,,
51567,N/A,0,0,0,0,0,"463,86","958,76","31,17",0,0,0,0,0,0,"1,7685","0,0571","7,4203","0,2236","-0,0605","0,9497","-1,6945","0,047","0,9753","-128,6647","9,1099","61,7577","-5,02","-13,38","-173,28",1,,,,
51667,N/A,0,0,0,0,0,"463,86","958,76","31,17",0,0,0,0,0,0,"1,7795","0,0571","7,3943","0,2295","-0,0576","0,9414","-0,1701","-0,136","0,3046","-129,3671","8,5178","61,6185","-5,03","-13,37","-173,2",1,,,,
51767,N/A,0,0,0,0,0,"463,86","958,76","31,17",0,0,0,0,0,0,"1,7715","0,0571","7,3735","0,228","-0,0508","0,9448","-0,8409","-0,5018","0,3655","-129,8099","8,7722","62,5289","-5,07","-13,36","-173,17",1,,,,
51867,N/A,0,0,0,0,0,"463,86","958,76","31,17",0,0,0,0,0,0,"1,7369","0,0571","7,3509","0,2173","-0,062","0,9365","-1,4506","-1,1116","1,2192","-128,97","8,7844","62,5076","-5,09","-13,35","-173,13",1,,,,
52019,N/A,0,0,0,0,0,"463,69","958,78","31,16",0,0,0,0,0,0,"1,7177","0,0571","7,4008","0,2158","-0,0732","0,9531","0,2567","0,047","-2,7442","-128,4142","8,4113","62,4734","-5,13","-13,34","-173,03",1,,,,
52067,N/A,0,0,0,0,0,"463,69","958,78","31,16",0,0,0,0,0,0,"1,739","0,0571","7,4144","0,2275","-0,0488","0,9526","0,3787","-0,8067","1,768","-128,97","8,7844","62,5076","-5,13","-13,33","-173,02",1,,,,
52167,N/A,0,0,0,0,0,"463,69","958,78","31,16",0,0,0,0,0,0,"1,7397","0,0571","7,3859","0,2168","-0,0527","0,9375","-2,0604","-1,7213","3,5363","-129,25","8,7804","62,5147","-5,11","-13,32","-173,01",1,,,,
52287,143725,"-21,94156456","-48,95269394","513,7",1,5,"463,69","958,78","31,16","0,0001",0,"-0,4072","0,0347",0,"0,1524","1,7333","0,0571","7,417","0,2251","-0,0601","0,9565","-1,2677","-0,4409","-1,1588","-129,2429","8,7604","62,2605","-5,16","-13,36","-172,89",1,,,,
52367,143725,"-21,94156456","-48,95269394","513,7",1,5,"463,69","958,78","31,16","0,0003",0,"-0,3588","0,0345",0,"0,1506","1,7241","0,0571","7,4165","0,2183","-0,0557","0,9502","-0,2311","1,0226","-0,793","-128,8103","8,9272","61,8784","-5,24","-13,39","-172,85",1,,,,
52520,143725,"-21,94156456","-48,95269394","513,7",1,5,"463,69","958,78","31,17","0,0004",0,"-0,3428","0,0351",0,"0,1494","1,753","0,0571","7,3702","0,2275","-0,0635","0,9321","-1,5726","-2,2701","0,1826","-128,9741","8,4032","62,4876","-5,26","-13,39","-172,92",1,,,,
52567,143725,"-21,94156456","-48,95269394","513,7",1,5,"463,69","958,78","31,17","0,0006",0,"-0,3343","0,0356",0,"0,1497","1,7809","0,0571","7,3929","0,2334","-0,0449","0,9526","-1,8774","0,7787","1,829","-129,2276","9,503","62,0462","-5,33","-13,44","-172,95",1,,,,
52667,143725,"-21,94156456","-48,95269394","513,7",1,5,"463,69","958,78","31,17","0,0008",0,"-0,3289","0,0351",0,"0,1503","1,7538","0,0571","7,4381","0,2266","-0,0537","0,9595","-0,1091","-0,2579","-0,0003","-128,571","7,8673","62,8283","-5,44","-13,5","-172,94",1,,,,
52767,143725,"-21,94156456","-48,95269394","513,7",1,5,"463,69","958,78","31,17","0,001",0,"-0,325","0,0353",0,"0,1495","1,7671","0,0571","7,4095","0,2236","-0,0527","0,9487","0,1348","-1,1726","1,0973","-130,2283","8,5655","62,4025","-5,5","-13,55","-172,97",1,,,,
52867,143725,"-21,94156456","-48,95269394","513,7",1,5,"463,69","958,78","31,17","0,0011",0,"-0,322","0,0346",0,"0,149","1,7318","0,0571","7,3993","0,2139","-0,063","0,9463","-1,5726","-1,0506","2,4387","-128,8214","8,5659","62,1127","-5,47","-13,58",-173,1,,,,
53125,143725,"-21,94156456","-48,95269394","513,7",1,5,"463,79","958,77","31,17","0,0013",0,"-0,3374","0,0347",0,"0,1349","1,7368","0,0571","7,4229","0,2222","-0,0532","0,957","0,8055","1,2665","-0,3052","-130,0523","7,4845","60,6966","-5,49","-13,45","-172,93",1,,,,
53171,143725,"-21,94156456","-48,95269394","513,7",1,5,"463,79","958,77","31,17","0,0015",0,"-0,3495","0,0348",0,"0,1366","1,738","0,0571","7,4542","0,2227","-0,0522","0,9609","-0,9628","2,2421","0,6095","-129,2429","8,7604","62,2605","-5,47","-13,37","-172,95",1,,,,
53271,143725,"-21,94156456","-48,95269394","513,7",1,5,"463,79","958,77","31,17","0,0017",0,"-0,3593","0,0347",0,"0,1379","1,7327","0,0571","7,4682","0,2231","-0,0527","0,9585","0,1957","0,2909","-0,1832","-128,8214","8,5659","62,1127","-5,42","-13,22","-172,98",1,,,,
53371,143725,"-21,94156456","-48,95269394","513,7",1,5,"463,79","958,77","31,17","0,0018",0,"-0,3673","0,0354",0,"0,138","1,7688","0,0571","7,422","0,2271","-0,0537","0,9473","-0,7189","1,1445","1,0363","-128,6911","8,006","62,2063","-5,36","-13,14",-173,1,,,,
53471,143725,"-21,94156456","-48,95269394","513,7",1,5,"463,79","958,77","31,17","0,002",0,"-0,3739","0,035",0,"0,139","1,7477","0,0571","7,4264","0,2207","-0,0508","0,9541","-2,0604","-2,2091","3,1704","-127,9887","8,5981","62,3456","-5,33","-13,11","-173,03",1,,,,
53624,143725,"-21,94156456","-48,95269394","513,7",1,5,"463,99","958,75","31,18","0,0022",0,"-0,4123","0,0346",0,"0,0993","1,7283","0,0571","7,4089","0,2173","-0,0542","0,9409","-0,597","-1,7823","2,1948","-129,3732","9,3203","62,1668","-5,37","-13,12","-172,99",1,,,,
53671,143725,"-21,94156456","-48,95269394","513,7",1,5,"463,99","958,75","31,18","0,0023",0,"-0,4444","0,0341",0,"0,1055","1,7047","0,0571","7,4129","0,2134","-0,0591","0,9502","-1,7555","-0,6238","2,2558","-128,2768","7,8314","62,3128","-5,43","-13,16","-172,88",1,,,,
53771,143725,"-21,94156456","-48,95269394","513,7",1,5,"463,99","958,75","31,18","0,0025",0,"-0,4713","0,0345",0,"0,1114","1,7251","0,0571","7,4309","0,2295","-0,0581","0,9482","0,0738","2,1201","-5,1832","-129,2287","8,7205","61,752","-5,47","-13,2","-172,81",1,,,,
53871,143725,"-21,94156456","-48,95269394","513,7",1,5,"463,99","958,75","31,18","0,0027",0,"-0,4939","0,0339",0,"0,1168","1,6973","0,0571","7,4587","0,2197","-0,0405","0,9561","-3,2189","-1,6604","1,4021","-128,9812","8,4231","62,7418","-5,39","-13,2","-172,97",1,,,,
53971,143725,"-21,94156456","-48,95269394","513,7",1,5,"463,99","958,75","31,18","0,0029",0,"-0,5129","0,0349",0,"0,1206","1,7427","0,0571","7,429","0,2319","-0,0664","0,9492","-2,4262","-0,075","2,0119","-129,2358","8,7404","62,0062","-5,38","-13,28","-173,06",1,,,,
54124,143725,"-21,94156456","-48,95269394","513,7",1,5,"463,79","958,77","31,19","0,003",0,"-0,4959","0,0343",0,"0,1698","1,7175","0,0571","7,4184","0,2227","-0,0669","0,9468","-2,7311","-0,5628","-0,3662","-128,6983","8,0259","62,4605","-5,46","-13,37",-173,1,,,,
54172,143727,"-21,94157028","-48,95269394","517,5",1,5,"463,79","958,77","31,19","0,0121","-0,0287","-0,482","0,0348","-0,0002","0,1659","1,736","0,0571","7,4224","0,2266","-0,0493","0,9512","-0,475","0,3518","-0,0613","-128,7135","7,2833","62,6748","-5,52","-13,43","-172,97",1,,,,
54271,143727,"-21,94157028","-48,95269394","517,5",1,5,"463,79","958,77","31,19","0,0203","-0,0546","-0,4703","0,0358","-0,0002","0,1626","1,7861","0,0571","7,4065","0,2334","-0,0591","0,9473","-0,2311","-0,197","1,829","-129,5411","8,415","62,756","-5,52","-13,44","-173,02",1,,,,
54371,143727,"-21,94157028","-48,95269394","517,5",1,5,"463,79","958,77","31,19","0,0277","-0,0781","-0,4604","0,0359","-0,0002","0,16","1,7931","0,0571","7,4066","0,2329","-0,0566","0,9482","-0,353","-0,6848","2,8046","-129,9443","8,9508","62,4153","-5,47","-13,45","-173,03",1,,,,
54471,143727,"-21,94157028","-48,95269394","517,5",1,5,"463,79","958,77","31,19","0,0345","-0,0995","-0,4522","0,0352","-0,0002","0,1584","1,7569","0,0571","7,4366","0,2222","-0,0581","0,9502","0,0738","-0,3799","-1,4027","-128,9711","8,0019","62,2134","-5,43","-13,49","-172,94",1,,,,
54624,143727,"-21,94157028","-48,95269394","517,5",1,5,"463,79","958,77","31,19","0,0407","-0,1191","-0,4453","0,0358","-0,0002","0,1567","1,7881","0,0571","7,4463","0,231","-0,0601","0,9468","-1,5116","-0,5628","0,0607","-129,5381","8,0137","62,4819","-5,39","-13,52","-172,97",1,,,,
54671,143727,"-21,94157028","-48,95269394","517,5",1,5,"463,79","958,77","31,19","0,0465","-0,1371","-0,4395","0,0361","-0,0002","0,1547","1,8026","0,0571","7,4275","0,2324","-0,0474","0,9463","0,6226","0,7177","1,4021","-129,2581","8,0178","62,4747","-5,37","-13,53","-173,06",1,,,,
54771,143727,"-21,94157028","-48,95269394","517,5",1,5,"463,79","958,77","31,19","0,0518","-0,1537","-0,4347","0,0354","-0,0002","0,153","1,766","0,0571","7,4069","0,2124","-0,061","0,9448","0,0738","3,2787","-1,9515","-128,6952","7,6247","62,1863","-5,36","-13,5","-173,11",1,,,,
54871,143727,"-21,94157028","-48,95269394","517,5",1,5,"463,79","958,77","31,19","0,0567","-0,169","-0,4306","0,0362","-0,0002","0,1517","1,8063","0,0571","7,4005","0,2339","-0,0376","0,9468","-0,536","0,4128","1,1582","-129,1197","8,2205","62,6083","-5,35","-13,39","-173,16",1,,,,
54971,143727,"-21,94157028","-48,95269394","517,5",1,5,"463,79","958,77","31,19","0,0613","-0,1833","-0,4272","0,0363","-0,0002","0,1514","1,8099","0,0571","7,4326","0,2305","-0,0527","0,957","-0,353","-0,197","2,5607","-129,2368","7,9579","61,7121","-5,3","-13,3","-173,13",1,,,,
55292,143728,"-21,941576","-48,9526825","520,4",1,5,"463,86","958,76","31,2","0,1083","-0,2228","-0,4359","0,0358","-0,0007","0,1334","1,7476","0,0571","7,4091","0,2192","-0,062","0,9473","-0,6579","-2,514","1,2192","-128,686","9,1698","62,5204","-5,15","-13,31","-173,07",1,,,,
55339,143728,"-21,941576","-48,9526825","520,4",1,5,"463,86","958,76","31,2","0,1522","-0,2597","-0,4431","0,0354","-0,0007","0,1355","1,7283","0,0571","7,4101","0,2168","-0,04","0,9492","-1,3896","1,3274","3,1704","-129,8363","7,6683","62,9775","-5,13","-13,32","-173,06",1,,,,
55439,143728,"-21,941576","-48,9526825","520,4",1,5,"463,86","958,76","31,2","0,1931","-0,2942","-0,4492","0,0347","-0,0007","0,1373","1,6975","0,0571","7,4146","0,2114","-0,0601","0,9473","-1,2677","-2,453","-2,1345","-128,858","7,8832","63,0897","-5,17","-13,38","-172,99",1,,,,
55539,143728,"-21,941576","-48,9526825","520,4",1,5,"463,86","958,76","31,2","0,2316","-0,3265","-0,4542","0,035","-0,0007","0,1388","1,7116","0,0571","7,4195","0,2251","-0,0537","0,9561","0,9274","-0,3189","0,8534","-128,9782","8,0219","62,4676","-5,17","-13,47",-173,1,,,,
55639,143728,"-21,941576","-48,9526825","520,4",1,5,"463,86","958,76","31,2","0,2677","-0,3569","-0,4585","0,0356","-0,0007","0,1392","1,7387","0,0571","7,3788","0,2217","-0,0718","0,9482","0,5616","1,9372","0,6095","-128,257","7,9722","61,6872","-5,07","-13,52","-173,09",1,,,,
55792,143728,"-21,941576","-48,9526825","520,4",1,5,"463,99","958,75","31,2","0,3016","-0,3854","-0,4842","0,035","-0,0007","0,1083","1,7084","0,0571","7,3997","0,2202","-0,0474","0,9478","-1,0238","-0,8677","0,7314","-128,8357","8,6058","62,6211","-4,99","-13,49","-173,12",1,,,,
55839,143728,"-21,941576","-48,9526825","520,4",1,5,"463,99","958,75","31,2","0,3336","-0,4124","-0,5056","0,0351","-0,0007","0,1149","1,7166","0,0571","7,4193","0,2222","-0,0596","0,9546","-0,1091","1,3884","-1,3418","-129,3895","7,7952","62,087","-4,97","-13,43","-173,12",1,,,,
55939,143728,"-21,941576","-48,9526825","520,4",1,5,"463,99","958,75","31,2","0,3639","-0,4378","-0,5236","0,0361","-0,0007","0,1191","1,764","0,0571","7,374","0,2305","-0,0576","0,9429","0,6226","-3,2457","0,7924","-128,8326","8,2046","62,347","-4,93","-13,36","-173,18",1,,,,
56039,143728,"-21,941576","-48,9526825","520,4",1,5,"463,99","958,75","31,2","0,3925","-0,4618","-0,5385","0,0355","-0,0007","0,1245","1,7347","0,0571","7,4285","0,2144","-0,0503","0,9648","0,5006","1,2665","-1,1588","-128,1272","8,3954","62,212","-4,86","-13,37","-173,27",1,,,,
56139,143728,"-21,941576","-48,9526825","520,4",1,5,"463,99","958,75","31,2","0,4196","-0,4846","-0,5511","0,0354","-0,0007","0,1284","1,7291","0,0571","7,4416","0,2163","-0,0601","0,9517","-1,3287","0,2909","-0,5491","-128,1414","8,4354","62,7205","-4,78","-13,33","-173,37",1,,,,
56292,143729,"-21,94158745","-48,95270538",517,1,5,"463,99","958,75","31,21","0,3768","-0,5407","-0,5613","0,0333","-0,0017","0,1321","1,7314","0,0571","7,459","0,2231","-0,0522","0,9653","-1,0238","0,7177","1,0363","-128,5669","8,2486","62,8483","-4,71","-13,26","-173,51",1,,,,
56339,143729,"-21,94158745","-48,95270538",517,1,5,"463,99","958,75","31,21","0,3362","-0,594","-0,5698","0,0338","-0,0017","0,1346","1,7572","0,0571","7,4609","0,2305","-0,0508","0,9546","-1,8165","1,0226","-0,9759","-128,3888","8,7327","61,7307","-4,69","-13,21","-173,6",1,,,,
56439,143729,"-21,94158745","-48,95270538",517,1,5,"463,99","958,75","31,21","0,2975","-0,6447","-0,5769","0,033","-0,0017","0,1362","1,7179","0,0571","7,4393","0,2173","-0,0552","0,9482","-1,8165","-0,9896","-0,4881","-128,5791","7,1047","62,7884","-4,73","-13,12","-173,64",1,,,,
56539,143729,"-21,94158745","-48,95270538",517,1,5,"463,99","958,75","31,21","0,2606","-0,693","-0,5829","0,0332","-0,0017","0,1374","1,7276","0,0571","7,4134","0,2251","-0,0513","0,9468","-1,0238","2,547","-0,3052","-128,9782","8,0219","62,4676","-4,82","-13,05","-173,65",1,,,,
56639,143729,"-21,94158745","-48,95270538",517,1,5,"463,99","958,75","31,21","0,2255","-0,7391","-0,5879","0,0336","-0,0017","0,1385","1,7462","0,0571","7,3981","0,2202","-0,0342","0,9507","-1,5116","-1,1726","-0,9149","-128,8337","7,422","62,0528","-4,89",-13,"-173,7",1,,,,
56792,143729,"-21,94158745","-48,95270538",517,1,5,"463,99","958,75","31,22","0,1919","-0,7831","-0,592","0,0341","-0,0017","0,1397","1,7703","0,0571","7,3978","0,2212","-0,0532","0,9497","-1,5116","-0,9287","-0,3052","-128,4142","8,4113","62,4734","-4,93","-13,07","-173,77",1,,,,
56839,143729,"-21,94158745","-48,95270538",517,1,5,"463,99","958,75","31,22","0,1599","-0,8252","-0,5955","0,0335","-0,0017","0,141","1,7441","0,0571","7,4108","0,2168","-0,0659","0,9521","-1,3287","1,3884","-2,9271","-129,4149","7,4738","62,8297","-4,98","-13,19","-173,82",1,,,,
56939,143729,"-21,94158745","-48,95270538",517,1,5,"463,99","958,75","31,22","0,1292","-0,8655","-0,5984","0,0332","-0,0017","0,1423","1,7269","0,0571","7,4379","0,2222","-0,0605","0,9585","-0,1701","0,2299","-1,8296","-128,2829","8,6339","62,8611","-4,98","-13,24","-173,91",1,,,,
57039,143729,"-21,94158745","-48,95270538",517,1,5,"463,99","958,75","31,22","0,0998","-0,9041","-0,6008","0,0333","-0,0017","0,1428","1,7305","0,0571","7,4259","0,2256","-0,0601","0,9458","-1,8774","1,5104","1,8899","-127,7047","8,9835","62,3584","-4,94","-13,2",-174,1,,,,
57139,143729,"-21,94158745","-48,95270538",517,1,5,"463,99","958,75","31,22","0,0716","-0,9411","-0,6029","0,0328","-0,0017","0,1432","1,7081","0,0571","7,4159","0,2188","-0,062","0,9468","-1,3896","1,9372","0,9753","-129,3854","8,1764","62,107","-4,96","-13,11",-174,1,,,,
57415,143730,"-21,94159508","-48,9527092","517,5",1,5,"464,2","958,72","31,21","0,0409","-0,9925","-0,6389","0,0346","-0,0025","0,0933","1,8064","0,0571","7,4092","0,2368","-0,0542","0,9551","-1,6945","-1,4165","1,2192","-128,686","9,1698","62,5204","-5,19","-13,14","-173,9",1,,,,
57462,143730,"-21,94159508","-48,9527092","517,5",1,5,"464,2","958,72","31,21","0,0114","-1,0419","-0,669","0,0352","-0,0025","0,1018","1,837","0,0571","7,403","0,2397","-0,0571","0,9468","0,1348","1,8762","1,0973","-128,97","8,7844","62,5076","-5,23","-13,17","-173,87",1,,,,
57562,143730,"-21,94159508","-48,9527092","517,5",1,5,"464,2","958,72","31,21","-0,017","-1,0894","-0,6942","0,0351","-0,0025","0,1098","1,8291","0,0571","7,4394","0,2329","-0,0542","0,9565","0,5006","1,2055","0,0607","-129,3701","8,9191","61,8927","-5,28","-13,19","-173,82",1,,,,
57662,143730,"-21,94159508","-48,9527092","517,5",1,5,"464,2","958,72","31,21","-0,0443","-1,1352","-0,7152","0,035","-0,0025","0,1155","1,8238","0,0571","7,4199","0,2358","-0,0483","0,9438","-0,6579","0,7787","0,7924","-129,2429","8,7604","62,2605","-5,29","-13,15","-173,78",1,,,,
57762,143730,"-21,94159508","-48,9527092","517,5",1,5,"464,2","958,72","31,21","-0,0706","-1,1792","-0,7328","0,0346","-0,0025","0,121","1,8069","0,0571","7,4431","0,2241","-0,043","0,9639","-1,2067","0,5348","-1,0369","-129,365","10,0829","62,2068","-5,26","-13,14","-173,78",1,,,,
57915,143730,"-21,94159508","-48,9527092","517,5",1,5,"463,99","958,75","31,24","-0,0959","-1,2217","-0,7132","0,0337","-0,0025","0,1742","1,7626","0,0571","7,3828","0,2188","-0,0596","0,9453","1,7201","-1,6604","0,8534","-129,5086","8,7164","61,7591","-5,18","-13,12","-173,83",1,,,,
57962,143730,"-21,94159508","-48,9527092","517,5",1,5,"463,99","958,75","31,24","-0,1204","-1,2627","-0,6967","0,0336","-0,0025","0,1705","1,7532","0,0571","7,4319","0,2217","-0,0464","0,9629","-0,414","1,0835","-0,1223","-129,3966","7,8151","62,3412","-5,05","-13,1","-173,84",1,,,,
58062,143730,"-21,94159508","-48,9527092","517,5",1,5,"463,99","958,75","31,24","-0,144","-1,3022","-0,683","0,0336","-0,0025","0,1665","1,7548","0,0571","7,4323","0,2261","-0,0518","0,9507","0,3177","-0,8677","-1,0979","-128,8204","9,3484","62,4068","-4,94","-13,06","-173,85",1,,,,
58162,143730,"-21,94159508","-48,9527092","517,5",1,5,"463,99","958,75","31,24","-0,1668","-1,3404","-0,6716","0,0339","-0,0025","0,1637","1,7675","0,0571","7,4565","0,2246","-0,0625","0,9551","-1,9994","-1,1116","1,4021","-128,9802","9,2057","63,036","-4,89","-13,03","-173,89",1,,,,
58262,143731,"-21,9416008","-48,95270538","510,3",1,6,"463,99","958,75","31,24","-0,1856","-1,3877","-0,6614","0,034","-0,0032","0,1627","1,7618","0,0571","7,5046","0,2261","-0,0566","0,9619","-0,414","0,6567","2,8655","-129,1055","8,1805","62,0998","-4,94","-13,03","-173,87",1,,,,
58415,143731,"-21,9416008","-48,95270538","510,3",1,6,"464,1","958,73","31,23","-0,2038","-1,4334","-0,6699","0,0332","-0,0031","0,1347","1,7216","0,0571","7,4646","0,2178","-0,0586","0,9526","0,3787","0,2299","-1,2808","-129,8028","8,7522","62,2747","-4,99","-13,03","-173,77",1,,,,
58462,143731,"-21,9416008","-48,95270538","510,3",1,6,"464,1","958,73","31,23","-0,2215","-1,4776","-0,677","0,034","-0,0031","0,1366","1,7661","0,0571","7,4561","0,2358","-0,0571","0,9517","-0,0482","-0,136","-1,8296","-128,6871","8,3873","62,2263","-4,95","-13,08","-173,76",1,,,,
58562,143731,"-21,9416008","-48,95270538","510,3",1,6,"464,1","958,73","31,23","-0,2385","-1,5204","-0,683","0,034","-0,0031","0,1376","1,7636","0,0571","7,4245","0,2266","-0,0508","0,9478","0,5616","-0,014","1,2192","-128,287","8,2527","62,8412","-4,86","-13,13","-173,83",1,,,,
58662,143731,"-21,9416008","-48,95270538","510,3",1,6,"464,1","958,73","31,23","-0,2551","-1,5619","-0,6879","0,0336","-0,0031","0,139","1,7443","0,0571","7,4214","0,2231","-0,0688","0,9458","-3,8287","3,2177","-2,0735","-128,2687","8,594","62,3527","-4,78","-13,17","-173,87",1,,,,
58762,143731,"-21,9416008","-48,95270538","510,3",1,6,"464,1","958,73","31,23","-0,2711","-1,6022","-0,6921","0,0334","-0,0031","0,1408","1,734","0,0571","7,4523","0,2222","-0,0542","0,9609","-0,9018","0,5348","1,1582","-128,6911","8,006","62,2063","-4,81","-13,11","-173,93",1,,,,
58915,143731,"-21,9416008","-48,95270538","510,3",1,6,"464,34","958,71","31,23","-0,2867","-1,6412","-0,7355","0,0332","-0,0031","0,0826","1,7212","0,0571","7,4161","0,2168","-0,0513","0,9507","0,3177","0,047","0,4265","-128,8479","7,4619","62,5613","-4,88","-13,02","-173,97",1,,,,
58962,143731,"-21,9416008","-48,95270538","510,3",1,6,"464,34","958,71","31,23","-0,3018","-1,6791","-0,7718","0,0333","-0,0031","0,0926","1,7299","0,0571","7,392","0,2236","-0,0522","0,9414","0,7445","-1,3555","-0,0003","-128,568","7,466","62,5541","-4,91","-12,97","-173,97",1,,,,
59062,143731,"-21,9416008","-48,95270538","510,3",1,6,"464,34","958,71","31,23","-0,3165","-1,716","-0,8021","0,0335","-0,0031","0,101","1,7386","0,0571","7,3745","0,2183","-0,0464","0,937","-0,8409","-0,3189","-0,0613","-128,4183","8,03","62,4534","-4,88","-12,97","-173,95",1,,,,
59162,143731,"-21,9416008","-48,95270538","510,3",1,6,"464,34","958,71","31,23","-0,3307","-1,7518","-0,8275","0,0327","-0,0031","0,1082","1,6984","0,0571","7,3703","0,2124","-0,0488","0,9521","-0,0482","-1,5994","-1,4637","-129,1115","8,983","62,6482","-4,83","-13,02","-173,99",1,,,,
59262,143731,"-21,9416008","-48,95270538","510,3",1,6,"464,34","958,71","31,23","-0,3446","-1,7866","-0,8486","0,0327","-0,0031","0,1147","1,6961","0,0571","7,3926","0,2139","-0,0435","0,9502","-4,0116","-1,7823","0,7314","-129,6643","8,9549","62,4082","-4,81","-13,07","-174,09",1,,,,
59549,143731,"-21,9416008","-48,95270538","510,3",1,6,"464,1","958,73","31,23","-0,358","-1,8204","-0,8263","0,0332","-0,0031","0,1784","1,725","0,0571","7,4","0,2236","-0,0679","0,9429","-0,475","1,5104","1,0973","-128,6647","9,1099","61,7577","-5,18","-13,29","-174,13",1,,,,
59596,143731,"-21,9416008","-48,95270538","510,3",1,6,"464,1","958,73","31,23","-0,3711","-1,8533","-0,8077","0,0337","-0,0031","0,1739","1,7499","0,0571","7,4397","0,2295","-0,0513","0,9614","-0,8409","1,3274","-0,3662","-129,0872","8,5219","61,6114","-5,21","-13,28","-174,14",1,,,,
59696,143731,"-21,9416008","-48,95270538","510,3",1,6,"464,1","958,73","31,23","-0,3839","-1,8854","-0,7921","0,0331","-0,0031","0,1693","1,72","0,0571","7,437","0,2158","-0,061","0,9517","-0,6579","-1,2945","-0,793","-128,967","8,3832","62,2334","-5,24","-13,21","-174,17",1,,,,
59796,143731,"-21,9416008","-48,95270538","510,3",1,6,"464,1","958,73","31,23","-0,3963","-1,9167","-0,7791","0,0338","-0,0031","0,165","1,7536","0,0571","7,4073","0,2236","-0,0522","0,9424","-1,7555","2,2421","0,5485","-128,5445","8,9712","62,3798","-5,25","-13,17","-174,19",1,,,,
59896,143731,"-21,9416008","-48,95270538","510,3",1,6,"464,1","958,73","31,23","-0,4084","-1,9471","-0,7683","0,0334","-0,0031","0,1617","1,7333","0,0571","7,3987","0,2197","-0,0586","0,9468","-0,0482","0,3518","-1,5247","-128,4071","8,3914","62,2192","-5,23","-13,19","-174,22",1,,,,
60049,143731,"-21,9416008","-48,95270538","510,3",1,6,"464,2","958,72","31,24","-0,4202","-1,9768","-0,7761","0,0338","-0,003","0,1335","1,7507","0,0571","7,3564","0,229","-0,0474","0,9321","-0,2311","-0,5628","0,4265","-128,1241","7,9942","61,9379","-5,16","-13,24","-174,29",1,,,,
60096,143731,"-21,9416008","-48,95270538","510,3",1,6,"464,2","958,72","31,24","-0,4317","-2,0057","-0,7827","0,0335","-0,003","0,1357","1,7377","0,0571","7,3761","0,2192","-0,0562","0,9502","-2,914","-1,5384","-0,0003","-128,8357","8,6058","62,6211","-5,09","-13,28","-174,37",1,,,,
60196,143731,"-21,9416008","-48,95270538","510,3",1,6,"464,2","958,72","31,24","-0,4429","-2,034","-0,7882","0,0338","-0,003","0,1377","1,7531","0,0571","7,3936","0,2236","-0,064","0,9424","1,2933","1,5713","-2,1954","-128,5456","8,1887","62,0856","-5,07","-13,32","-174,4",1,,,,
60296,143733,"-21,94160271","-48,95266342","515,7",1,6,"464,2","958,72","31,24","-0,3875","-2,067","-0,7932","0,041","-0,0036","0,1385","1,7498","0,0571","7,3993","0,2192","-0,062","0,9482","-0,1701","1,1445","-1,9515","-129,1156","8,6017","62,6282","-5,01","-13,28","-174,43",1,,,,
60396,143733,"-21,94160271","-48,95266342","515,7",1,6,"464,2","958,72","31,24","-0,3334","-2,0993","-0,7974","0,0412","-0,0036","0,1399","1,7592","0,0571","7,4083","0,2227","-0,0459","0,9473","-1,5116","0,1689","0,3655","-129,3742","8,5378","61,8727","-4,93","-13,19","-174,53",1,,,,
60549,143733,"-21,94160271","-48,95266342","515,7",1,6,"464,09","958,73","31,24","-0,2806","-2,1309","-0,7835","0,0411","-0,0036","0,1654","1,7572","0,0571","7,3631","0,2231","-0,0542","0,9355","-2,1823","-0,6238","0,0607","-128,9711","8,0019","62,2134","-4,9","-13,16","-174,61",1,,,,
60596,143733,"-21,94160271","-48,95266342","515,7",1,6,"464,09","958,73","31,24","-0,229","-2,1617","-0,7719","0,0411","-0,0036","0,1626","1,7552","0,0571","7,388","0,2236","-0,0415","0,9526","-0,536","-3,3067","0,4875","-128,966","9,1657","62,5275","-4,95","-13,21","-174,6",1,,,,
60696,143733,"-21,94160271","-48,95266342","515,7",1,6,"464,09","958,73","31,24","-0,1785","-2,1918","-0,7622","0,0417","-0,0036","0,1602","1,7864","0,0571","7,4088","0,2368","-0,0479","0,9507","-0,1091","-0,3189","1,1582","-128,5557","8,6099","62,614","-4,98","-13,31","-174,58",1,,,,
60796,143733,"-21,94160271","-48,95266342","515,7",1,6,"464,09","958,73","31,24","-0,1292","-2,2213","-0,7541","0,0405","-0,0036","0,1577","1,7296","0,0571","7,3994","0,2144","-0,0454","0,9468","-0,414","-0,197","1,2192","-128,8296","7,8033","62,0728","-4,94","-13,4","-174,53",1,,,,
60896,143733,"-21,94160271","-48,95266342","515,7",1,6,"464,09","958,73","31,24","-0,0809","-2,2501","-0,7473","0,0406","-0,0036","0,1552","1,7331","0,0571","7,3708","0,2236","-0,0532","0,9424","-1,8165","1,3274","0,0607","-128,8113","8,1447","61,5843","-4,91","-13,44","-174,43",1,,,,
61049,143733,"-21,94160271","-48,95266342","515,7",1,6,"464,2","958,72","31,25","-0,0337","-2,2783","-0,759","0,0407","-0,0036","0,1287","1,7416","0,0571","7,4025","0,2188","-0,0508","0,9531","0,4396","0,1079","-1,8296","-129,8038","7,9697","61,9805","-4,94","-13,43","-174,37",1,,,,
61096,143733,"-21,94160271","-48,95266342","515,7",1,6,"464,2","958,72","31,25","0,0126","-2,3059","-0,7688","0,0408","-0,0035","0,1322","1,7471","0,0571","7,4342","0,2246","-0,0527","0,959","-1,5726","0,2909","-1,4637","-129,3824","7,7752","61,8328","-4,98","-13,41","-174,38",1,,,,
61196,143733,"-21,94160271","-48,95266342","515,7",1,6,"464,2","958,72","31,25","0,0579","-2,3329","-0,777","0,0414","-0,0035","0,1349","1,7761","0,0571","7,4529","0,2319","-0,0537","0,959","0,2567","-2,3311","1,2192","-128,6942","8,4072","62,4805","-4,97","-13,41","-174,43",1,,,,
61296,143734,"-21,94161415","-48,95266724","513,5",1,6,"464,2","958,72","31,25","0,0975","-2,3746","-0,7837","0,0403","-0,0055","0,1369","1,7522","0,0571","7,4427","0,2319","-0,0547","0,9497","-1,5116","-2,0262","-2,2564","-128,397","7,9701","61,6908","-4,93","-13,46","-174,39",1,,,,
61396,143734,"-21,94161415","-48,95266724","513,5",1,6,"464,2","958,72","31,25","0,1363","-2,4155","-0,7892","0,0419","-0,0055","0,1383","1,8355","0,0571","7,429","0,2417","-0,0435","0,9443","0,7445","-0,6238","0,4265","-128,4071","8,3914","62,2192","-4,89","-13,56","-174,4",1,,,,
61679,143734,"-21,94161415","-48,95266724","513,5",1,6,"464,34","958,71","31,25","0,1744","-2,4555","-0,8169","0,0423","-0,0055","0,1063","1,8547","0,0571","7,4498","0,2451","-0,0527","0,9556","0,9884","0,1079","-3,293","-129,1156","8,6017","62,6282","-4,73","-13,84","-174,59",1,,,,
61726,143734,"-21,94161415","-48,95266724","513,5",1,6,"464,34","958,71","31,25","0,2117","-2,4947","-0,8401","0,0422","-0,0055","0,1125","1,8521","0,0571","7,4242","0,2334","-0,061","0,9443","1,4762","-1,0506","-3,5979","-128,8509","7,8632","62,8354","-4,67","-13,86","-174,64",1,,,,
61826,143734,"-21,94161415","-48,95266724","513,5",1,6,"464,34","958,71","31,25","0,2483","-2,5332","-0,8594","0,0411","-0,0055","0,1191","1,7995","0,0571","7,4784","0,2183","-0,0571","0,9673","1,2323","3,5835","-1,0979","-129,2581","8,0178","62,4747","-4,51","-13,88","-174,86",1,,,,
61926,143734,"-21,94161415","-48,95266724","513,5",1,6,"464,34","958,71","31,25","0,2842","-2,571","-0,8755","0,0413","-0,0054","0,1231","1,807","0,0571","7,4457","0,2412","-0,0562","0,9458","-0,9628","-1,6604","3,4753","-129,3844","8,959","62,4011","-4,39","-13,72","-175,03",1,,,,
62026,143734,"-21,94161415","-48,95266724","513,5",1,6,"464,34","958,71","31,25","0,3193","-2,608","-0,889","0,0404","-0,0054","0,1267","1,7633","0,0571","7,4309","0,2183","-0,0664","0,9482","-0,7189","-0,8067","0,4875","-129,537","8,7962","62,776","-4,4","-13,6","-174,92",1,,,,
62179,143734,"-21,94161415","-48,95266724","513,5",1,6,"464,2","958,72","31,28","0,3539","-2,6443","-0,8773","0,0402","-0,0054","0,1628","1,7571","0,0571","7,3906","0,2207","-0,0532","0,9404","-0,7189","-1,5994","-3,4759","-129,6542","8,5337","61,8798","-4,43","-13,58","-174,78",1,,,,
62226,143734,"-21,94161415","-48,95266724","513,5",1,6,"464,2","958,72","31,28","0,3878","-2,68","-0,8674","0,0401","-0,0054","0,16","1,7521","0,0571","7,3914","0,2227","-0,0283","0,9473","-0,0482","-0,8067","-1,8905","-128,7013","8,4272","62,7347","-4,41","-13,61","-174,87",1,,,,
62326,143734,"-21,94161415","-48,95266724","513,5",1,6,"464,2","958,72","31,28","0,421","-2,715","-0,8592","0,0395","-0,0054","0,1582","1,7232","0,0571","7,4188","0,2192","-0,0513","0,959","-0,1091","-0,6848","2,4997","-128,5628","8,6299","62,8683","-4,36","-13,65","-174,98",1,,,,
62426,143734,"-21,94161415","-48,95266724","513,5",1,6,"464,2","958,72","31,28","0,4537","-2,7494","-0,8524","0,0392","-0,0053","0,1564","1,7074","0,0571","7,4283","0,2266","-0,0537","0,9512","-0,0482","-0,5628","-2,6223","-128,2534","9,3366","62,1384","-4,36","-13,65","-174,9",1,,,,
62526,143734,"-21,94161415","-48,95266724","513,5",1,6,"464,2","958,72","31,28","0,4858","-2,7831","-0,8466","0,0404","-0,0053","0,1549","1,7712","0,0571","7,4329","0,2358","-0,0454","0,9521","-1,3896","0,9616","-3,7808","-127,9969","7,8355","62,3057","-4,34","-13,65","-174,9",1,,,,
62679,143734,"-21,94161415","-48,95266724","513,5",1,6,"463,99","958,75","31,27","0,5173","-2,8163","-0,8075","0,0415","-0,0053","0,2032","1,8245","0,0571","7,4096","0,2437","-0,0493","0,9541","-0,2921","0,6567","6,707","-129,1207","7,4379","62,3141","-4,32","-13,63","-175,09",1,,,,
62726,143734,"-21,94161415","-48,95266724","513,5",1,6,"463,99","958,75","31,27","0,5483","-2,8489","-0,7748","0,0413","-0,0053","0,1938","1,8195","0,0571","7,4076","0,2295","-0,0405","0,9482","-0,1701","-0,9896","7,0729","-128,288","7,4701","62,547","-4,36","-13,6","-175,09",1,,,,
62826,143734,"-21,94161415","-48,95266724","513,5",1,6,"463,99","958,75","31,27","0,5788","-2,8809","-0,7475","0,0398","-0,0053","0,1864","1,7425","0,0571","7,4309","0,2163","-0,0562","0,9443","-0,1701","0,8396","-4,6345","-129,247","8,3791","62,2405","-4,42","-13,57","-174,8",1,,,,
62926,143734,"-21,94161415","-48,95266724","513,5",1,6,"463,99","958,75","31,27","0,6087","-2,9124","-0,7247","0,04","-0,0052","0,1797","1,7538","0,0571","7,4266","0,2183","-0,0566","0,9448","-0,0482","1,6323","-14,4515","-128,8255","8,1846","62,0927","-4,38","-13,58","-174,82",1,,,,
63026,143734,"-21,94161415","-48,95266724","513,5",1,6,"463,99","958,75","31,27","0,6382","-2,9433","-0,7057","0,0435","-0,0052","0,1745","1,9296","0,0571","7,4401","0,2607","-0,0781","0,9453","-1,3287","-0,6848","9,3899","-128,4173","8,8126","62,7476","-4,21","-13,66","-175,47",1,,,,
63179,143734,"-21,94161415","-48,95266724","513,5",1,6,"464,1","958,73","31,27","0,6672","-2,9738","-0,7071","0,0428","-0,0052","0,1445","1,8975","0,0571","7,4422","0,2407","-0,0547","0,9517","-1,8165","-0,7457","2,6216","-129,2297","7,9379","61,4579","-4,23","-13,71","-175,65",1,,,,
63226,143736,"-21,9416008","-48,95268631","511,5",1,6,"464,1","958,73","31,27","0,6699","-2,9876","-0,7082","0,0372","-0,0024","0,1445","1,8375","0,0571","7,4103","0,2183","-0,0522","0,9414","-0,414","0,9006","-7,3784","-129,2399","8,3592","61,9863","-4,38","-13,73","-175,42",1,,,,
63326,143736,"-21,9416008","-48,95268631","511,5",1,6,"464,1","958,73","31,27","0,6726","-3,0011","-0,7091","0,0352","-0,0024","0,1451","1,742","0,0571","7,4273","0,2114","-0,0679","0,9536","-0,536","-0,5628","2,4997","-128,1323","7,2316","61,8979","-4,46","-13,74","-175,33",1,,,,
63426,143736,"-21,9416008","-48,95268631","511,5",1,6,"464,1","958,73","31,27","0,6753","-3,0144","-0,7099","0,0366","-0,0023","0,1443","1,8079","0,0571","7,3759","0,2251","-0,0596","0,936","-1,3287","0,047","2,6216","-129,8028","8,7522","62,2747","-4,51","-13,77","-175,19",1,,,,
63526,143736,"-21,9416008","-48,95268631","511,5",1,6,"464,1","958,73","31,27","0,6779","-3,0275","-0,7105","0,036","-0,0023","0,144","1,7786","0,0571","7,3521","0,2227","-0,0371","0,9468","-2,5482","-1,7823","-5,9149","-128,5333","9,3326","62,1455","-4,61","-13,77","-174,84",1,,,,
63802,143736,"-21,9416008","-48,95268631","511,5",1,6,"464,09","958,73","31,26","0,6805","-3,0404","-0,7106","0,0345","-0,0023","0,1459","1,7049","0,0571","7,4101","0,2114","-0,0693","0,96","-1,3896","-0,075","2,6826","-128,6707","9,9124","62,3061","-4,65","-13,77","-175,26",1,,,,
63849,143736,"-21,9416008","-48,95268631","511,5",1,6,"464,09","958,73","31,26","0,683","-3,0531","-0,7106","0,0346","-0,0023","0,1457","1,7113","0,0571","7,3978","0,2212","-0,0488","0,9448","-0,8409","0,8396","-3,4149","-128,686","9,1698","62,5204","-4,65","-13,75","-175,37",1,,,,
63949,143736,"-21,9416008","-48,95268631","511,5",1,6,"464,09","958,73","31,26","0,6855","-3,0657","-0,7107","0,0348","-0,0023","0,1458","1,7208","0,0571","7,4023","0,2222","-0,0508","0,9424","0,1348","0,3518","-1,2808","-129,1044","8,9631","62,394","-4,65","-13,69","-175,53",1,,,,
64049,143736,"-21,9416008","-48,95268631","511,5",1,6,"464,09","958,73","31,26","0,688","-3,078","-0,7108","0,0355","-0,0023","0,146","1,7561","0,0571","7,4135","0,2227","-0,0708","0,9424","0,9274","-0,5628","6,2192","-128,9883","8,4431","62,996","-4,62","-13,61","-175,61",1,,,,
64149,143736,"-21,9416008","-48,95268631","511,5",1,6,"464,09","958,73","31,26","0,6904","-3,0901","-0,7108","0,0348","-0,0023","0,1465","1,7196","0,0571","7,4374","0,2153","-0,04","0,9507","0,1348","1,6323","7,3777","-129,0943","8,5419","61,8656","-4,66","-13,51","-175,33",1,,,,
64302,143737,"-21,94159889","-48,95262909",523,1,6,"463,86","958,76","31,28","0,7636","-3,0976","-0,6726","0,048","-0,0014","0,2024","1,708","0,0571","7,4357","0,2178","-0,0391","0,9526","-0,475","-0,014","-4,5125","-128,2768","7,8314","62,3128","-4,72","-13,38","-174,88",1,,,,
64349,143737,"-21,94159889","-48,95262909",523,1,6,"463,86","958,76","31,28","0,8357","-3,1049","-0,6407","0,0479","-0,0014","0,193","1,7077","0,0571","7,4244","0,2192","-0,0513","0,9478","0,0128","3,3396","-7,9881","-128,5527","8,2087","62,3398","-4,69","-13,28","-174,75",1,,,,
64449,143737,"-21,94159889","-48,95262909",523,1,6,"463,86","958,76","31,28","0,9067","-3,1122","-0,614","0,0486","-0,0014","0,1859","1,7444","0,0571","7,4528","0,2178","-0,0498","0,9575","1,0494","-0,8067","2,9265","-128,5669","8,2486","62,8483","-4,55","-13,19",-175,1,,,,
64549,143737,"-21,94159889","-48,95262909",523,1,6,"463,86","958,76","31,28","0,9767","-3,1193","-0,5917","0,0475","-0,0014","0,1792","1,6952","0,0571","7,4392","0,2021","-0,061","0,9561","0,3177","-0,075","5,3655","-128,5049","9,2527","61,1286","-4,44","-13,15","-175,12",1,,,,
64649,143737,"-21,94159889","-48,95262909",523,1,6,"463,86","958,76","31,28","1,0457","-3,1264","-0,5731","0,0482","-0,0014","0,174","1,7308","0,0571","7,4461","0,2207","-0,0425","0,9565","-0,6579","-0,197","-3,5979","-128,8184","8,1646","61,8385","-4,46","-13,12","-174,91",1,,,,
64802,143737,"-21,94159889","-48,95262909",523,1,6,"464,2","958,72","31,26","1,1137","-3,1333","-0,6136","0,049","-0,0014","0,088","1,7792","0,0571","7,4707","0,2319","-0,0508","0,9624","-1,8774","0,5957","2,4387","-128,8367","7,8233","62,327","-4,52","-13,08","-174,8",1,,,,
64849,143737,"-21,94159889","-48,95262909",523,1,6,"464,2","958,72","31,26","1,1808","-3,1401","-0,6474","0,0492","-0,0014","0,0974","1,7921","0,0571","7,4547","0,231","-0,0684","0,9497","-2,853","-0,6848","-4,0247","-129,5605","7,291","62,9504","-4,63","-13,05","-174,75",1,,,,
64949,143737,"-21,94159889","-48,95262909",523,1,6,"464,2","958,72","31,26","1,247","-3,1469","-0,6757","0,0489","-0,0014","0,1056","1,7787","0,0571","7,4573","0,2246","-0,041","0,9526","-1,0848","-1,9043","-7,8052","-129,0841","8,1206","61,3372","-4,7","-13,05","-174,89",1,,,,
65049,143737,"-21,94159889","-48,95262909",523,1,6,"464,2","958,72","31,26","1,3122","-3,1535","-0,6993","0,0491","-0,0014","0,1124","1,7922","0,0571","7,4572","0,2314","-0,041","0,9478","-2,4262","0,2909","4,329","-128,9457","8,3233","61,4707","-4,62","-13,16","-175,36",1,,,,
65149,143737,"-21,94159889","-48,95262909",523,1,6,"464,2","958,72","31,26","1,3765","-3,1601","-0,719","0,051","-0,0013","0,1196","1,8934","0,0571","7,5347","0,2588","-0,02","0,9819","-2,1213","1,5104","5,7314","-128,4041","7,9901","61,945","-4,61","-13,24","-175,5",1,,,,
65302,143737,"-21,94159889","-48,95262909",523,1,6,"464,34","958,71","31,28","1,44","-3,1666","-0,7585","0,0478","-0,0013","0,0898","1,7342","0,0571","7,4901","0,2046","-0,0742","0,9614","1,964","-0,197","-1,8905","-128,9741","8,4032","62,4876","-4,72","-13,2","-175,16",1,,,,
65349,143737,"-21,94159889","-48,95262909",523,1,6,"464,34","958,71","31,28","1,5026","-3,1729","-0,7915","0,0485","-0,0013","0,0986","1,7735","0,0571","7,4553","0,2354","-0,041","0,9453","-0,2921","-1,5384","-13,232","-128,9629","8,7645","62,2533","-4,75","-13,13","-174,95",1,,,,
65449,143737,"-21,94159889","-48,95262909",523,1,6,"464,34","958,71","31,28","1,5643","-3,1792","-0,8191","0,0475","-0,0013","0,1069","1,7282","0,0571","7,4727","0,1948","-0,0322","0,9561","-0,597","0,7177","6,646","-129,9341","8,5296","61,8869","-4,64","-13,13","-175,11",1,,,,
65549,143737,"-21,94159889","-48,95262909",523,1,6,"464,34","958,71","31,28","1,6252","-3,1855","-0,8422","0,0473","-0,0013","0,1127","1,721","0,0571","7,4279","0,2222","-0,0771","0,9458","-0,6579","4,5591","2,4997","-128,4203","9,2138","63,0218","-4,55","-13,13","-175,11",1,,,,
65649,143737,"-21,94159889","-48,95262909",523,1,6,"464,34","958,71","31,28","1,6853","-3,1916","-0,8614","0,0479","-0,0013","0,1175","1,7575","0,0571","7,3902","0,2378","-0,0562","0,9429","-1,0848","-1,1116","-8,1101","-129,3824","7,7752","61,8328","-4,56","-13,04","-174,96",1,,,,
65975,143737,"-21,94159889","-48,95262909",523,1,6,"464,34","958,71","31,27","1,7447","-3,1976","-0,8779","0,0473","-0,0013","0,1226","1,7315","0,0571","7,4451","0,2236","-0,0684","0,9492","-1,2677","-1,2945","-3,5369","-129,2581","8,0178","62,4747","-4,44","-13,11","-175,6",1,,,,
66022,143737,"-21,94159889","-48,95262909",523,1,6,"464,34","958,71","31,27","1,8032","-3,2036","-0,8918","0,0478","-0,0013","0,1256","1,7587","0,0571","7,398","0,231","-0,0552","0,9365","-0,9628","-1,7823","-4,0857","-129,1024","7,7793","61,8257","-4,43","-13,13","-175,69",1,,,,
66122,143737,"-21,94159889","-48,95262909",523,1,6,"464,34","958,71","31,27","1,861","-3,2095","-0,9033","0,0486","-0,0013","0,1299","1,8043","0,0571","7,4467","0,2334","-0,0342","0,9653","-0,0482","1,4494","5,1216","-130,2365","7,8029","62,3625","-4,42","-13,26","-175,84",1,,,,
66222,143739,"-21,94161797","-48,95266724","510,6",1,6,"464,34","958,71","31,27","1,8738","-3,2414","-0,912","0,0394","-0,007","0,1333","1,8328","0,0571","7,4091","0,229","-0,0542","0,9458","-1,1457","1,4494","-4,3296","-128,2616","8,5741","62,0985","-4,45","-13,33","-175,72",1,,,,
66322,143739,"-21,94161797","-48,95266724","510,6",1,6,"464,34","958,71","31,27","1,8865","-3,2728","-0,9193","0,0389","-0,007","0,1362","1,8095","0,0571","7,4515","0,2256","-0,0474","0,9531","0,7445","-1,2945","0,7314","-129,6654","8,1724","62,1141","-4,47","-13,3","-175,68",1,,,,
66475,143739,"-21,94161797","-48,95266724","510,6",1,6,"463,86","958,76","31,26","1,8989","-3,3039","-0,8458","0,0396","-0,0069","0,2548","1,8471","0,0571","7,4758","0,2344","-0,0537","0,9561","-0,0482","1,4494","4,7558","-129,3691","9,7016","62,1868","-4,46","-13,29","-175,67",1,,,,
66522,143739,"-21,94161797","-48,95266724","510,6",1,6,"463,86","958,76","31,26","1,9112","-3,3345","-0,7844","0,0385","-0,0069","0,237","1,7936","0,0571","7,4712","0,2153","-0,0098","0,9541","-0,353","4,0104","13,9021","-129,2399","8,3592","61,9863","-4,52","-13,22","-175,34",1,,,,
66622,143739,"-21,94161797","-48,95266724","510,6",1,6,"463,86","958,76","31,26","1,9234","-3,3648","-0,7332","0,0384","-0,0068","0,2226","1,787","0,0571","7,4883","0,248","-0,0928","0,9639","0,3787","3,5835","-10,6101","-129,2134","9,4631","61,5377","-4,54","-13,02","-174,95",1,,,,
66722,143739,"-21,94161797","-48,95266724","510,6",1,6,"463,86","958,76","31,26","1,9354","-3,3947","-0,6904","0,0383","-0,0068","0,2096","1,7821","0,0571","7,4548","0,2256","-0,0581","0,9448","-2,1213","2,7299","-2,7442","-128,117","7,9742","61,6836","-4,41","-12,84","-175,23",1,,,,
66822,143739,"-21,94161797","-48,95266724","510,6",1,6,"463,86","958,76","31,26","1,9472","-3,4243","-0,6546","0,0378","-0,0067","0,1986","1,7594","0,0571","7,4223","0,2163","-0,0796","0,9448","-0,536","-3,1848","2,8655","-129,245","7,1953","61,6722","-4,29","-12,77","-175,67",1,,,,
66975,143739,"-21,94161797","-48,95266724","510,6",1,6,"463,99","958,75","31,25","1,9589","-3,4534","-0,6468","0,0377","-0,0067","0,1587","1,7556","0,0571","7,4792","0,2246","-0,0557","0,959","2,2689","0,5348","-3,5369","-129,5228","8,7563","62,2676","-4,28","-12,89","-175,73",1,,,,
67022,143739,"-21,94161797","-48,95266724","510,6",1,6,"463,99","958,75","31,25","1,9705","-3,4822","-0,6404","0,038","-0,0066","0,1558","1,7698","0,0571","7,4261","0,229","-0,0723","0,938","-0,8409","0,9616","-8,1101","-128,6728","8,3474","61,7178","-4,25","-13,04","-175,75",1,,,,
67122,143739,"-21,94161797","-48,95266724","510,6",1,6,"463,99","958,75","31,25","1,9819","-3,5107","-0,635","0,0388","-0,0066","0,1551","1,8109","0,0571","7,4693","0,2256","-0,0347","0,9502","0,3177","-0,5018","2,0729","-129,36","8,4979","61,3642","-4,14","-13,16","-176,15",1,,,,
67222,143740,"-21,94160652","-48,95267487","509,9",1,6,"463,99","958,75","31,25","1,9852","-3,5237","-0,6304","0,0366","-0,003","0,153","1,794","0,0571","7,4271","0,2305","-0,063","0,9468","0,6835","1,0226","-0,1832","-128,568","7,466","62,5541","-4,05","-13,25","-176,54",1,,,,
67322,143740,"-21,94160652","-48,95267487","509,9",1,6,"463,99","958,75","31,25","1,9884","-3,5366","-0,6266","0,0371","-0,003","0,1522","1,8211","0,0571","7,4417","0,2363","-0,0308","0,9492","-1,6335","-0,5018","-4,2076","-128,9853","8,0418","62,7219","-3,97","-13,27","-176,63",1,,,,
67475,143740,"-21,94160652","-48,95267487","509,9",1,6,"465,06","958,62","31,25","1,9916","-3,5494","-0,7985","0,0357","-0,003","-0,1054","1,7492","0,0571","7,4151","0,2036","-0,0391","0,9497","-0,0482","0,1079","2,1948","-129,2399","8,3592","61,9863","-3,9","-13,33","-176,73",1,,,,
67522,143740,"-21,94160652","-48,95267487","509,9",1,6,"465,06","958,62","31,25","1,9948","-3,5619","-0,9422","0,0357","-0,003","-0,0643","1,7538","0,0571","7,3999","0,2251","-0,0522","0,9443","0,0738","-0,197","-0,5491","-129,1055","8,1805","62,0998","-3,89","-13,39","-176,7",1,,,,
67622,143740,"-21,94160652","-48,95267487","509,9",1,6,"465,06","958,62","31,25","1,9979","-3,5744","-1,0622","0,0357","-0,0029","-0,0304","1,7529","0,0571","7,3645","0,2246","-0,0508","0,9395","-0,9628","0,1689","1,768","-128,5385","8,1687","61,8314","-3,91","-13,39","-176,6",1,,,,
67722,143740,"-21,94160652","-48,95267487","509,9",1,6,"465,06","958,62","31,25","2,001","-3,5867","-1,1625","0,0357","-0,0029","-0,0009","1,7515","0,0571","7,3947","0,2305","-0,0317","0,958","-0,9018","2,7909","1,4021","-129,138","7,8791","63,0968","-3,96","-13,35","-176,5",1,,,,
67822,143740,"-21,94160652","-48,95267487","509,9",1,6,"465,06","958,62","31,25","2,0041","-3,5988","-1,2463","0,0358","-0,0029","0,0227","1,7565","0,0571","7,3697","0,2266","-0,0659","0,9414","-3,5238","-0,6238","0,8534","-128,5689","9,4324","63,4166","-4,04","-13,29","-176,39",1,,,,
68112,143740,"-21,94160652","-48,95267487","509,9",1,6,"464,34","958,71","31,25","2,0071","-3,6108","-1,1981","0,0363","-0,0029","0,2159","1,7828","0,0571","7,3795","0,2344","-0,0459","0,9482","-1,4506","2,1811","-7,4393","-129,6643","8,9549","62,4082","-4,44","-13,49","-176,04",1,,,,
68159,143740,"-21,94160652","-48,95267487","509,9",1,6,"464,34","958,71","31,25","2,0101","-3,6226","-1,1578","0,0366","-0,0029","0,2052","1,7975","0,0571","7,421","0,2319","-0,0049","0,96","-2,5482","-1,1116","4,146","-128,7094","7,6646","62,6948","-4,49","-13,51","-176,04",1,,,,
68259,143740,"-21,94160652","-48,95267487","509,9",1,6,"464,34","958,71","31,25","2,0131","-3,6343","-1,1241","0,0354","-0,0028","0,1953","1,7378","0,0571","7,415","0,2231","-0,0542","0,9429","-0,9628","-0,9287","6,829","-129,1502","6,7352","63,0369","-4,57","-13,53","-175,97",1,,,,
68359,143740,"-21,94160652","-48,95267487","509,9",1,6,"464,34","958,71","31,25","2,016","-3,6459","-1,096","0,0368","-0,0028","0,1865","1,8082","0,0571","7,3788","0,2393","-0,0693","0,9336","-0,7799","-1,9043","6,3412","-128,8337","7,422","62,0528","-4,66","-13,54","-175,58",1,,,,
68459,143740,"-21,94160652","-48,95267487","509,9",1,6,"464,34","958,71","31,25","2,0189","-3,6574","-1,0725","0,035","-0,0028","0,1801","1,7177","0,0571","7,3972","0,2139","-0,04","0,937","-0,414","-0,4409","-6,0979","-129,2653","8,0377","62,729","-4,69","-13,54","-175,12",1,,,,
68612,143740,"-21,94160652","-48,95267487","509,9",1,6,"463,86","958,76","31,28","2,0217","-3,6687","-0,9738","0,0366","-0,0028","0,2913","1,7978","0,0571","7,4537","0,2534","-0,0151","0,9702","-0,2311","1,5104","-1,7076","-129,4068","8,2363","62,8696","-4,59","-13,52","-175,2",1,,,,
68659,143740,"-21,94160652","-48,95267487","509,9",1,6,"463,86","958,76","31,28","2,0245","-3,6799","-0,8914","0,0362","-0,0028","0,2653","1,7807","0,0571","7,3407","0,2227","-0,0547","0,915","-0,2311","-0,014","9,207","-129,1319","7,0766","62,5484","-4,48","-13,48","-175,54",1,,,,
68759,143740,"-21,94160652","-48,95267487","509,9",1,6,"463,86","958,76","31,28","2,0273","-3,6909","-0,8225","0,0359","-0,0027","0,2468","1,7643","0,0571","7,41","0,2158","-0,0806","0,9556","-0,7189","-1,6604","5,6704","-128,2585","8,1728","61,8243","-4,45","-13,4","-175,51",1,,,,
68859,143740,"-21,94160652","-48,95267487","509,9",1,6,"463,86","958,76","31,28","2,0301","-3,7018","-0,7649","0,0358","-0,0027","0,2304","1,7606","0,0571","7,418","0,2344","-0,0688","0,9512","-1,8165","0,2909","-0,9149","-128,1373","8,8167","62,7405","-4,55","-13,39","-175,15",1,,,,
68959,143740,"-21,94160652","-48,95267487","509,9",1,6,"463,86","958,76","31,28","2,0328","-3,7126","-0,7168","0,0349","-0,0027","0,2171","1,7134","0,0571","7,4482","0,2046","-0,0645","0,957","0,6226","0,7177","2,6216","-129,0932","9,3244","62,1597","-4,67","-13,41","-174,94",1,,,,
69112,143740,"-21,94160652","-48,95267487","509,9",1,6,"463,79","958,77","31,29","2,0355","-3,7233","-0,6653","0,035","-0,0027","0,2221","1,7184","0,0571","7,4473","0,2251","-0,0737","0,9507","-0,2921","-0,9287","-3,9637","-128,1129","8,3555","61,7036","-4,72","-13,42","-174,82",1,,,,
69159,143740,"-21,94160652","-48,95267487","509,9",1,6,"463,79","958,77","31,29","2,0381","-3,7339","-0,6223","0,0352","-0,0026","0,21","1,7308","0,0571","7,4642","0,2246","-0,042","0,9585","-0,7189","-0,075","0,2436","-129,2175","9,0818","61,5177","-4,76","-13,48","-174,81",1,,,,
69259,143742,"-21,94161987","-48,95266724","515,1",1,6,"463,79","958,77","31,29","2,0487","-3,7615","-0,5868","0,0372","-0,007","0,198","1,7297","0,0571","7,4097","0,2168","-0,0654","0,9414","0,0738","-2,575","0,7924","-129,0963","9,7257","62,4339","-4,73","-13,52","-174,89",1,,,,
69359,143742,"-21,94161987","-48,95266724","515,1",1,6,"463,79","958,77","31,29","2,0592","-3,7889","-0,5571","0,038","-0,0069","0,1893","1,7725","0,0571","7,4008","0,2295","-0,0703","0,9409","-0,2311","-0,3189","4,9387","-128,5613","8,4292","62,7312","-4,69","-13,52","-174,87",1,,,,
69459,143742,"-21,94161987","-48,95266724","515,1",1,6,"463,79","958,77","31,29","2,0696","-3,8159","-0,5323","0,0376","-0,0068","0,1823","1,7518","0,0571","7,4081","0,229","-0,0371","0,9565","-0,536","-0,075","-5,9149","-129,2368","7,9579","61,7121","-4,72","-13,45","-174,66",1,,,,
69612,143742,"-21,94161987","-48,95266724","515,1",1,6,"463,99","958,75","31,26","2,0799","-3,8426","-0,5454","0,0379","-0,0068","0,127","1,7696","0,0571","7,4227","0,2344","-0,0464","0,9507","0,9274","1,1445","-5,671","-129,2734","7,2752","62,689","-4,72","-13,43","-174,75",1,,,,
69659,143742,"-21,94161987","-48,95266724","515,1",1,6,"463,99","958,75","31,26","2,09","-3,869","-0,5564","0,0381","-0,0067","0,1298","1,7796","0,0571","7,4024","0,229","-0,041","0,9434","-2,975","0,7787","2,8046","-129,1126","8,2005","62,3541","-4,67","-13,45","-175,08",1,,,,
69759,143742,"-21,94161987","-48,95266724","515,1",1,6,"463,99","958,75","31,26","2,1","-3,8952","-0,5656","0,0387","-0,0067","0,1329","1,81","0,0571","7,4246","0,2295","-0,0527","0,9492","-1,4506","-1,9652","6,1582","-128,964","7,9819","61,9592","-4,67","-13,46","-175,22",1,,,,
69859,143742,"-21,94161987","-48,95266724","515,1",1,6,"463,99","958,75","31,26","2,1099","-3,921","-0,5733","0,0377","-0,0066","0,1355","1,7645","0,0571","7,4444","0,2168","-0,0562","0,9536","0,3787","3,5835","4,8777","-129,1238","7,8392","62,5883","-4,79","-13,46","-174,91",1,,,,
69959,143742,"-21,94161987","-48,95266724","515,1",1,6,"463,99","958,75","31,26","2,1198","-3,9465","-0,5797","0,0381","-0,0066","0,1372","1,7847","0,0571","7,4364","0,2217","-0,0454","0,9575","-1,2677","-2,1482","1,0973","-129,6694","7,7911","62,0941","-4,89","-13,36","-174,5",1,,,,
70246,143743,"-21,94161415","-48,95265579","512,2",1,6,"463,99","958,75","31,27","2,1415","-3,9632","-0,5849","0,0416","-0,0043","0,1384","1,8048","0,0571","7,4024","0,2334","-0,0532","0,9385","-1,2677","2,425","-4,8784","-129,1197","8,2205","62,6083","-5,03","-13,36","-174,25",1,,,,
70293,143743,"-21,94161415","-48,95265579","512,2",1,6,"463,99","958,75","31,27","2,1629","-3,9796","-0,5891","0,0421","-0,0042","0,1399","1,8315","0,0571","7,4183","0,2383","-0,062","0,9536","-2,1213","0,1079","-3,232","-129,2551","7,6165","62,2006","-5,03","-13,35","-174,31",1,,,,
70393,143743,"-21,94161415","-48,95265579","512,2",1,6,"463,99","958,75","31,27","2,1842","-3,9959","-0,5927","0,0412","-0,0042","0,1415","1,792","0,0571","7,4443","0,2246","-0,0625","0,957","-1,2677","-1,1726","5,1216","-128,9599","8,3632","61,9792","-5,04","-13,35","-174,56",1,,,,
70493,143743,"-21,94161415","-48,95265579","512,2",1,6,"463,99","958,75","31,27","2,2051","-4,0119","-0,5957","0,0402","-0,0042","0,1425","1,7451","0,0571","7,4531","0,2231","-0,042","0,9536","1,2323","1,7543","-1,4637","-128,403","8,7726","62,2391","-5,06","-13,37","-174,53",1,,,,
70593,143743,"-21,94161415","-48,95265579","512,2",1,6,"463,99","958,75","31,27","2,2259","-4,0278","-0,5982","0,0401","-0,0041","0,1425","1,7393","0,0571","7,4145","0,2163","-0,0488","0,9473","1,1104","-0,136","-3,1101","-128,967","8,3832","62,2334",-5,"-13,31","-174,48",1,,,,
70746,143743,"-21,94161415","-48,95265579","512,2",1,6,"463,86","958,76","31,27","2,2464","-4,0435","-0,5777","0,0397","-0,0041","0,1752","1,7229","0,0571","7,3677","0,2227","-0,0464","0,9419","-1,3287","1,3274","5,3655","-128,4234","6,8662","62,1393","-4,91","-13,27","-174,61",1,,,,
70793,143743,"-21,94161415","-48,95265579","512,2",1,6,"463,86","958,76","31,27","2,2667","-4,0591","-0,5606","0,0398","-0,0041","0,1713","1,7282","0,0571","7,4214","0,2227","-0,0571","0,9629","-0,7189","-0,136","-0,6101","-128,1414","8,4354","62,7205","-4,9","-13,24","-174,65",1,,,,
70893,143743,"-21,94161415","-48,95265579","512,2",1,6,"463,86","958,76","31,27","2,2867","-4,0745","-0,5463","0,0388","-0,004","0,1665","1,6824","0,0571","7,3886","0,2148","-0,04","0,9424","1,5372","-0,7457","1,8899","-128,2585","8,1728","61,8243","-4,86","-13,22","-174,64",1,,,,
70993,143743,"-21,94161415","-48,95265579","512,2",1,6,"463,86","958,76","31,27","2,3066","-4,0897","-0,5344","0,0399","-0,004","0,1636","1,741","0,0571","7,4118","0,228","-0,0415","0,9561","-2,6091","-2,3311","2,3777","-128,1313","8,0141","62,1921","-4,74","-13,19","-174,62",1,,,,
71093,143743,"-21,94161415","-48,95265579","512,2",1,6,"463,86","958,76","31,27","2,3262","-4,1047","-0,5244","0,0394","-0,0039","0,1608","1,717","0,0571","7,4163","0,2139","-0,0659","0,9482","0,4396","1,2055","2,6216","-128,6972","8,8085","62,7547","-4,73","-13,17","-174,48",1,,,,
71246,143743,"-21,94161415","-48,95265579","512,2",1,6,"463,86","958,76","31,27","2,3456","-4,1196","-0,5164","0,0397","-0,0039","0,1578","1,7319","0,0571","7,4208","0,2236","-0,0615","0,9531","-1,2067","-1,7213","-3,232","-129,1014","8,5618","62,1198","-4,78","-13,14","-174,33",1,,,,
71293,143743,"-21,94161415","-48,95265579","512,2",1,6,"463,86","958,76","31,27","2,3648","-4,1343","-0,5098","0,0399","-0,0039","0,1563","1,7489","0,0571","7,4413","0,2275","-0,0605","0,957","-0,1091","-2,0872","0,3655","-128,6657","8,3274","61,4636","-4,83","-13,21","-174,31",1,,,,
71393,143743,"-21,94161415","-48,95265579","512,2",1,6,"463,86","958,76","31,27","2,3838","-4,1488","-0,5043","0,0404","-0,0038","0,1543","1,7735","0,0571","7,4198","0,2256","-0,0601","0,9404","-0,2921","1,2665","4,146","-128,8154","7,7634","61,5643","-4,87","-13,33","-174,29",1,,,,
71493,143743,"-21,94161415","-48,95265579","512,2",1,6,"463,86","958,76","31,27","2,4025","-4,1632","-0,4997","0,0399","-0,0038","0,1529","1,752","0,0571","7,4175","0,2207","-0,061","0,9531","-0,536","-3,7945","6,4021","-128,8072","8,526","61,6042","-4,92","-13,36","-174,08",1,,,,
71593,143743,"-21,94161415","-48,95265579","512,2",1,6,"463,86","958,76","31,27","2,4211","-4,1774","-0,4958","0,04","-0,0038","0,1517","1,7606","0,0571","7,413","0,2207","-0,0518","0,9517","-1,9384","-0,014","-2,9881","-128,5445","8,9712","62,3798","-5,01","-13,42","-173,67",1,,,,
71746,143743,"-21,94161415","-48,95265579","512,2",1,6,"463,86","958,76","31,27","2,4394","-4,1915","-0,4926","0,0392","-0,0037","0,1513","1,7218","0,0571","7,4376","0,2119","-0,0557","0,9546","-0,353","1,3274","2,6216","-129,2287","8,7205","61,752","-5,12","-13,5","-173,36",1,,,,
71793,143743,"-21,94161415","-48,95265579","512,2",1,6,"463,86","958,76","31,27","2,4576","-4,2054","-0,4899","0,039","-0,0037","0,1504","1,7117","0,0571","7,43","0,2173","-0,0586","0,9492","-1,5116","0,7787","2,8046","-128,9792","7,2393","62,1735","-5,19","-13,51","-173,18",1,,,,
71893,143743,"-21,94161415","-48,95265579","512,2",1,6,"463,86","958,76","31,27","2,4755","-4,2191","-0,4877","0,0389","-0,0037","0,1499","1,713","0,0571","7,4393","0,2222","-0,0615","0,9517","0,5616","-0,6848","-2,0125","-128,9548","9,5271","62,2933","-5,22","-13,51","-173,05",1,,,,
71993,143743,"-21,94161415","-48,95265579","512,2",1,6,"463,86","958,76","31,27","2,4932","-4,2327","-0,4858","0,0396","-0,0036","0,1487","1,7495","0,0571","7,4066","0,2207","-0,0469","0,9482","0,3787","2,0591","-0,854","-128,966","9,1657","62,5275","-5,13","-13,58","-173,1",1,,,,
72093,143743,"-21,94161415","-48,95265579","512,2",1,6,"463,86","958,76","31,27","2,5108","-4,2462","-0,4842","0,0396","-0,0036","0,1481","1,748","0,0571","7,4002","0,2261","-0,0459","0,9512","-1,6945","-2,8799","2,2558","-129,3895","7,7952","62,087","-5,01","-13,63","-173,26",1,,,,
72374,143745,"-21,94161415","-48,95266724",514,1,6,"463,38","958,82","31,29","2,514","-4,2595","-0,4048","0,0358","-0,0036","0,2631","1,7524","0,0571","7,4579","0,2246","-0,0464","0,96","-0,7799","-0,197","-1,8905","-129,6654","8,1724","62,1141","-5,2","-13,82","-173,14",1,,,,
72421,143745,"-21,94161415","-48,95266724",514,1,6,"463,38","958,82","31,29","2,5171","-4,2726","-0,3385","0,0363","-0,0035","0,2434","1,779","0,0571","7,4255","0,2329","-0,0654","0,9429","1,3543","-0,3799","-3,354","-129,0912","8,1406","61,5914","-5,21","-13,83","-173,16",1,,,,
72521,143745,"-21,94161415","-48,95266724",514,1,6,"463,38","958,82","31,29","2,5202","-4,2856","-0,2831","0,0358","-0,0035","0,2265","1,7542","0,0571","7,3798","0,2178","-0,0654","0,9414","-3,097","0,2909","1,646","-128,6789","9,1499","62,2662","-5,17","-13,86","-173,33",1,,,,
72621,143745,"-21,94161415","-48,95266724",514,1,6,"463,38","958,82","31,29","2,5233","-4,2985","-0,2368","0,0368","-0,0035","0,2136","1,8046","0,0571","7,4032","0,25","-0,0859","0,9443","1,903","-0,4409","1,9509","-129,534","8,395","62,5018","-5,22","-13,88","-173,34",1,,,,
72721,143745,"-21,94161415","-48,95266724",514,1,6,"463,38","958,82","31,29","2,5263","-4,3112","-0,1981","0,0358","-0,0034","0,2036","1,7543","0,0571","7,4576","0,2231","-0,0796","0,9463","-1,2677","2,8518","-1,7686","-129,1207","7,4379","62,3141","-5,26","-13,86","-173,21",1,,,,
72874,143745,"-21,94161415","-48,95266724",514,1,6,"463,79","958,77","31,28","2,5293","-4,3238","-0,2323","0,0362","-0,0034","0,0964","1,776","0,0571","7,4284","0,23","-0,0415","0,9468","0,9884","1,0835","-2,1345","-128,5598","8,2286","62,5941","-5,21","-13,72","-173,28",1,,,,
72921,143745,"-21,94161415","-48,95266724",514,1,6,"463,79","958,77","31,28","2,5323","-4,3362","-0,2608","0,036","-0,0034","0,1049","1,7654","0,0571","7,4394","0,2227","-0,0659","0,9546","0,0738","0,3518","0,3046","-129,1085","8,5818","62,374","-5,1","-13,56","-173,48",1,,,,
73021,143745,"-21,94161415","-48,95266724",514,1,6,"463,79","958,77","31,28","2,5352","-4,3485","-0,2847","0,0372","-0,0033","0,1115","1,8244","0,0571","7,4288","0,2251","-0,0591","0,9482","0,8665","1,5104","-2,0125","-129,9453","8,1683","62,1212","-4,99","-13,44","-173,58",1,,,,
73121,143745,"-21,94161415","-48,95266724",514,1,6,"463,79","958,77","31,28","2,5381","-4,3607","-0,3046","0,0367","-0,0033","0,1172","1,8029","0,0571","7,4263","0,2285","-0,0654","0,9502","0,0128","0,9006","-4,6954","-129,2704","6,8739","62,4149","-4,91","-13,37","-173,67",1,,,,
73221,143746,"-21,94162178","-48,95265198","515,2",1,6,"463,79","958,77","31,28","2,5594","-4,3837","-0,3213","0,0407","-0,0062","0,1221","1,7504","0,0571","7,4368","0,2173","-0,061","0,9531","-1,6945","-2,8189","3,6582","-128,6688","8,7286","61,7378","-4,81","-13,34","-173,96",1,,,,
73374,143746,"-21,94162178","-48,95265198","515,2",1,6,"463,52","958,8","31,28","2,5803","-4,4065","-0,2914","0,0401","-0,0062","0,1902","1,728","0,0571","7,4292","0,2144","-0,0464","0,9502","-0,1091","0,5348","-0,4271","-128,8195","7,3821","61,5444","-4,83","-13,43","-174,11",1,,,,
73421,143746,"-21,94162178","-48,95265198","515,2",1,6,"463,52","958,8","31,28","2,6011","-4,429","-0,2664","0,0402","-0,0061","0,1829","1,7333","0,0571","7,4285","0,2231","-0,0317","0,9507","-2,1823","0,1689","-0,671","-129,2459","9,1617","62,5346","-4,9","-13,54","-174,18",1,,,,
73521,143746,"-21,94162178","-48,95265198","515,2",1,6,"463,52","958,8","31,28","2,6216","-4,4513","-0,2456","0,0408","-0,006","0,1772","1,7639","0,0571","7,4408","0,2383","-0,0596","0,9565","-1,3287","-0,8677","2,4997","-128,8195","7,3821","61,5444","-4,96","-13,55","-174,18",1,,,,
73621,143746,"-21,94162178","-48,95265198","515,2",1,6,"463,52","958,8","31,28","2,6419","-4,4733","-0,2281","0,0399","-0,006","0,1719","1,7256","0,0571","7,4298","0,2178","-0,0591","0,9497","0,5616","0,2299","3,5363","-129,3813","8,5577","62,1269","-5,03","-13,57","-174,06",1,,,,
73721,143746,"-21,94162178","-48,95265198","515,2",1,6,"463,52","958,8","31,28","2,662","-4,4951","-0,2136","0,0403","-0,0059","0,1679","1,7451","0,0571","7,4382","0,2246","-0,062","0,9551","-1,9384","-0,5628","1,5851","-128,2727","8,2127","62,3327","-5,09","-13,6","-173,84",1,,,,
73874,143746,"-21,94162178","-48,95265198","515,2",1,6,"463,3","958,83","31,29","2,6818","-4,5166","-0,1653","0,0407","-0,0059","0,2173","1,772","0,0571","7,4464","0,2261","-0,0449","0,9541","-0,475","-0,4409","2,6826","-128,3949","9,5352","62,279","-5,16","-13,55","-173,64",1,,,,
73921,143746,"-21,94162178","-48,95265198","515,2",1,6,"463,3","958,83","31,29","2,7014","-4,5379","-0,125","0,0404","-0,0058","0,2056","1,7597","0,0571","7,4434","0,2217","-0,0571","0,9517","-1,2067","-3,3677","1,5241","-128,5415","8,57","62,1056","-5,2","-13,53","-173,51",1,,,,
74021,143746,"-21,94162178","-48,95265198","515,2",1,6,"463,3","958,83","31,29","2,7208","-4,5589","-0,0913","0,0409","-0,0057","0,1956","1,7852","0,0571","7,4252","0,2329","-0,042","0,9487","-1,0848","-0,8067","0,7314","-129,0872","8,5219","61,6114","-5,23","-13,56","-173,45",1,,,,
74121,143746,"-21,94162178","-48,95265198","515,2",1,6,"463,3","958,83","31,29","2,74","-4,5797","-0,0632","0,0404","-0,0057","0,1869","1,7655","0,0571","7,398","0,2227","-0,0518","0,9463","-1,2677","-1,5384","0,5485","-129,3925","8,1964","62,3612","-5,21","-13,64","-173,51",1,,,,
74221,143747,"-21,94161415","-48,95266724","509,2",1,6,"463,3","958,83","31,29","2,7405","-4,5914","-0,0393","0,035","-0,0032","0,1819","1,7504","0,0571","7,4523","0,2256","-0,0659","0,9648","-1,6945","-0,2579","0,9143","-128,6759","8,7486","61,992","-5,18","-13,73","-173,57",1,,,,
74497,143747,"-21,94161415","-48,95266724","509,2",1,6,"463,3","958,83","31,28","2,7409","-4,603","-0,0192","0,0346","-0,0032","0,1761","1,7305","0,0571","7,4505","0,2197","-0,0537","0,9575","-1,0238","-1,1726","-0,1832","-129,9667","8,2282","62,8838","-5,27","-13,72","-173,54",1,,,,
74544,143747,"-21,94161415","-48,95266724","509,2",1,6,"463,3","958,83","31,28","2,7414","-4,6145","-0,0025","0,0344","-0,0031","0,1709","1,7163","0,0571","7,4319","0,2168","-0,0518","0,9468","-2,5482","-1,5994","-2,4393","-129,3977","7,0326","62,0471","-5,29","-13,71","-173,52",1,,,,
74644,143747,"-21,94161415","-48,95266724","509,2",1,6,"463,3","958,83","31,28","2,7418","-4,6258","0,0114","0,0346","-0,0031","0,1668","1,7272","0,0571","7,4258","0,2231","-0,0508","0,957","0,1348","0,8396","1,5241","-128,8337","7,422","62,0528","-5,34","-13,75","-173,58",1,,,,
74744,143747,"-21,94161415","-48,95266724","509,2",1,6,"463,3","958,83","31,28","2,7423","-4,637","0,0231","0,0343","-0,0031","0,1621","1,7136","0,0571","7,3592","0,2075","-0,1133","0,9316","0,5006","-3,3677","4,329","-129,1014","8,5618","62,1198","-5,34","-13,78","-173,54",1,,,,
74844,143747,"-21,94161415","-48,95266724","509,2",1,6,"463,3","958,83","31,28","2,7427","-4,6481","0,0328","0,0344","-0,003","0,1591","1,7187","0,0571","7,3493","0,2173","-0,0464","0,9517","-1,7555","1,6933","-2,4393","-129,9636","7,8269","62,6097","-5,37","-13,86","-173,35",1,,,,
74997,143747,"-21,94161415","-48,95266724","509,2",1,6,"463,3","958,83","31,29","2,7432","-4,659","0,0414","0,035","-0,003","0,1587","1,748","0,0571","7,4152","0,2192","-0,0488","0,959","1,3543","-1,1726","0,4265","-128,9599","8,3632","61,9792","-5,4","-13,88","-173,36",1,,,,
75044,143747,"-21,94161415","-48,95266724","509,2",1,6,"463,3","958,83","31,29","2,7436","-4,6698","0,0486","0,035","-0,003","0,1563","1,7472","0,0571","7,3972","0,2231","-0,064","0,9434","1,4152","-0,9896","1,0363","-128,6901","8,7885","62,5005","-5,35","-13,89","-173,46",1,,,,
75144,143747,"-21,94161415","-48,95266724","509,2",1,6,"463,3","958,83","31,29","2,744","-4,6805","0,0546","0,0342","-0,0029","0,1549","1,7074","0,0571","7,4174","0,2178","-0,061","0,9565","0,0738","-0,075","-0,0613","-128,8398","8,2245","62,6012","-5,23","-13,94","-173,49",1,,,,
75244,143748,"-21,94161034","-48,95268631","511,6",1,6,"463,3","958,83","31,29","2,7217","-4,6844","0,0594","0,0286","-0,0011","0,1529","1,7395","0,0571","7,3992","0,2261","-0,0532","0,9531","-0,7799","0,7177","3,1095","-128,116","8,7568","61,9778","-5,12","-14,02","-173,48",1,,,,
75344,143748,"-21,94161034","-48,95268631","511,6",1,6,"463,3","958,83","31,29","2,6996","-4,6883","0,0634","0,0288","-0,0011","0,1518","1,748","0,0571","7,4059","0,2236","-0,0728","0,9458","0,4396","1,0226","6,5851","-129,2317","9,1217","62,0262","-5,08",-14,"-173,35",1,,,,
75497,143748,"-21,94161034","-48,95268631","511,6",1,6,"463,3","958,83","31,28","2,6778","-4,6921","0,0668","0,0291","-0,001","0,1528","1,7585","0,0571","7,5003","0,2422","-0,04","0,9658","-0,1701","0,047","-0,4271","-128,8225","7,7834","61,8185","-5,11","-13,89","-173,07",1,,,,
75544,143748,"-21,94161034","-48,95268631","511,6",1,6,"463,3","958,83","31,28","2,6562","-4,6958","0,0696","0,0283","-0,001","0,1521","1,7187","0,0571","7,5085","0,2109","-0,0405","0,9609","-0,0482","-0,197","-1,0979","-129,1126","8,2005","62,3541","-5,08","-13,79","-172,93",1,,,,
75644,143748,"-21,94161034","-48,95268631","511,6",1,6,"463,3","958,83","31,28","2,6349","-4,6996","0,072","0,0287","-0,001","0,1501","1,7331","0,0571","7,4394","0,2251","-0,0562","0,9424","-1,6945","-0,3799","6,3412","-129,1126","8,2005","62,3541","-5,02","-13,73","-172,93",1,,,,
75744,143748,"-21,94161034","-48,95268631","511,6",1,6,"463,3","958,83","31,28","2,6137","-4,7032","0,074","0,0269","-0,001","0,1488","1,6391","0,0571","7,4045","0,2178","-0,0547","0,9458","-0,0482","-0,2579","-0,4881","-129,2287","8,7205","61,752","-5,06","-13,68","-172,83",1,,,,
75844,143748,"-21,94161034","-48,95268631","511,6",1,6,"463,3","958,83","31,28","2,5929","-4,7069","0,0756","0,0282","-0,001","0,1482","1,7023","0,0571","7,3992","0,2241","-0,0483","0,9409","0,4396","-0,197","-1,3418","-129,2287","8,7205","61,752","-5,1","-13,63","-172,76",1,,,,
75997,143748,"-21,94161034","-48,95268631","511,6",1,6,"462,88","958,87","31,28","2,5723","-4,7104","0,1456","0,0295","-0,001","0,2486","1,763","0,0571","7,4194","0,2407","-0,0488","0,9463","-0,536","0,1079","-1,2198","-128,8225","7,7834","61,8185","-5,04","-13,6","-172,8",1,,,,
76044,143748,"-21,94161034","-48,95268631","511,6",1,6,"462,88","958,87","31,28","2,5519","-4,714","0,2041","0,029","-0,001","0,2319","1,7362","0,0571","7,4245","0,2158","-0,0464","0,9517","-0,1701","-0,3799","3,8412","-128,4315","8,8525","63,256","-4,95","-13,59","-172,85",1,,,,
76144,143748,"-21,94161034","-48,95268631","511,6",1,6,"462,88","958,87","31,28","2,5317","-4,7175","0,253","0,0286","-0,001","0,2178","1,7114","0,0571","7,4248","0,2183","-0,0596","0,9565","-0,536","-0,9287","1,2192","-128,5781","7,8872","63,0825","-4,92","-13,6","-172,8",1,,,,
76244,143749,"-21,94161415","-48,95267868","513,2",1,6,"462,88","958,87","31,28","2,5222","-4,7277","0,2937","0,0324","-0,0028","0,2056","1,7551","0,0571","7,4117","0,2324","-0,0645","0,9473","0,9884","0,8396","-3,0491","-128,9711","8,0019","62,2134","-4,94","-13,63","-172,75",1,,,,
76344,143749,"-21,94161415","-48,95267868","513,2",1,6,"462,88","958,87","31,28","2,5128","-4,7378","0,3277","0,0323","-0,0028","0,1965","1,7513","0,0571","7,444","0,229","-0,0698","0,9546","-0,1701","-1,5994","-9,9393","-128,8255","8,1846","62,0927","-4,86","-13,68","-172,98",1,,,,
76674,143749,"-21,94161415","-48,95267868","513,2",1,6,"462,88","958,87","31,27","2,5036","-4,7478","0,3566","0,0353","-0,0028","0,1896","1,8968","0,0571","7,4806","0,2563","0,0078","0,9639","-1,5116","-3,7335","12,5607","-130,0868","8,3669","62,2618","-4,3","-14,04","-175,07",1,,,,
76720,143749,"-21,94161415","-48,95267868","513,2",1,6,"462,88","958,87","31,27","2,4944","-4,7576","0,3807","0,0348","-0,0027","0,1825","1,8701","0,0571","7,4688","0,2295","-0,1079","0,9521","-0,2311","-1,0506","5,7924","-129,0973","8,9431","62,1398","-4,26","-14,08","-175,2",1,,,,
76820,143749,"-21,94161415","-48,95267868","513,2",1,6,"462,88","958,87","31,27","2,4854","-4,7674","0,4009","0,0344","-0,0027","0,1765","1,8491","0,0571","7,462","0,2349","-0,0581","0,9536","1,4152","1,0226","-2,9881","-128,6871","8,3873","62,2263","-4,29","-14,19","-175,05",1,,,,
76920,143749,"-21,94161415","-48,95267868","513,2",1,6,"462,88","958,87","31,27","2,4764","-4,777","0,4177","0,0335","-0,0027","0,1713","1,805","0,0571","7,4448","0,2251","-0,0518","0,9492","-2,914","1,0835","-8,7198","-128,8286","8,5859","62,3669","-4,23","-14,25","-175,13",1,,,,
77020,143749,"-21,94161415","-48,95267868","513,2",1,6,"462,88","958,87","31,27","2,4676","-4,7865","0,4318","0,0327","-0,0026","0,1673","1,7643","0,0571","7,4432","0,2183","-0,0767","0,9604","-1,2067","-0,014","-4,2076","-128,2829","8,6339","62,8611","-4,16","-14,28","-175,68",1,,,,
77173,143749,"-21,94161415","-48,95267868","513,2",1,6,"462,55","958,91","31,27","2,4588","-4,7959","0,4974","0,0326","-0,0026","0,2431","1,7561","0,0571","7,4633","0,2134","-0,0601","0,9556","-0,2311","-0,075","8,9021","-129,3773","8,939","62,1469","-4,15","-14,31","-176,11",1,,,,
77220,143750,"-21,94161224","-48,95267487","514,9",1,6,"462,55","958,91","31,27","2,4564","-4,8007","0,5521","0,0339","-0,0013","0,2258","1,7314","0,0571","7,3992","0,2158","-0,0664","0,9326","-0,475","-1,6604","11,3412","-128,5568","7,8274","62,3199","-4,23","-14,31","-175,94",1,,,,
77320,143750,"-21,94161224","-48,95267487","514,9",1,6,"462,55","958,91","31,27","2,454","-4,8055","0,5978","0,0325","-0,0013","0,2122","1,6617","0,0571","7,3775","0,2056","-0,0693","0,9478","-0,7799","-0,6238","-5,2442","-128,5395","7,3862","61,5373","-4,32","-14,25","-175,46",1,,,,
77420,143750,"-21,94161224","-48,95267487","514,9",1,6,"462,55","958,91","31,27","2,4517","-4,8101","0,636","0,0333","-0,0013","0,2014","1,7014","0,0571","7,3839","0,2163","-0,0493","0,9512","0,0128","-0,6238","3,1095","-128,1252","7,2116","61,6437","-4,29","-14,21","-175,37",1,,,,
77520,143750,"-21,94161224","-48,95267487","514,9",1,6,"462,55","958,91","31,27","2,4494","-4,8148","0,6678","0,0347","-0,0013","0,1925","1,7742","0,0571","7,4019","0,2334","-0,062","0,9497","0,9884","-0,6848","2,3777","-128,6983","8,0259","62,4605","-4,22","-14,2","-175,35",1,,,,
77673,143750,"-21,94161224","-48,95267487","514,9",1,6,"463,15","958,84","31,26","2,4471","-4,8193","0,5963","0,0322","-0,0013","0,0409","1,648","0,0571","7,3851","0,2119","-0,0352","0,9937","-0,353","-0,014","-4,5735","-128,7135","7,2833","62,6748","-4,18","-14,17","-175,28",1,,,,
77720,143750,"-21,94161224","-48,95267487","514,9",1,6,"463,15","958,84","31,26","2,4448","-4,8238","0,5365","0,0321","-0,0013","0,0584","1,6413","0,0571","7,4019","0,2109","-0,042","0,9521","-0,1701","-2,3921","-9,5735","-128,8275","9,3684","62,6611","-4,1","-14,11","-175,45",1,,,,
77820,143750,"-21,94161224","-48,95267487","514,9",1,6,"463,15","958,84","31,26","2,4426","-4,8283","0,4866","0,0336","-0,0012","0,0732","1,7156","0,0571","7,4228","0,2266","-0,0332","0,9531","-0,8409","0,4738","-4,1466","-128,5557","8,6099","62,614","-3,92","-14,1","-175,95",1,,,,
77920,143750,"-21,94161224","-48,95267487","514,9",1,6,"463,15","958,84","31,26","2,4404","-4,8327","0,4448","0,0347","-0,0012","0,086","1,769","0,0571","7,458","0,2231","-0,0586","0,9541","-0,414","-2,575","6,4021","-128,1109","9,9206","62,2919","-3,78","-14,16","-176,37",1,,,,
78020,143750,"-21,94161224","-48,95267487","514,9",1,6,"463,15","958,84","31,26","2,4382","-4,8371","0,41","0,0333","-0,0012","0,0959","1,701","0,0571","7,4524","0,2041","-0,0659","0,9521","-1,7555","3,7055","10,3046","-129,5168","7,9538","61,7192","-3,86","-14,2","-176,13",1,,,,
78173,143750,"-21,94161224","-48,95267487","514,9",1,6,"463,68","958,78","31,26","2,4361","-4,8414","0,2926","0,033","-0,0012","-0,0249","1,6865","0,0571","7,4442","0,2129","-0,0757","0,9619","0,5006","-0,5018","-1,3418","-129,7009","8,2722","63,3852","-4,07","-14,04","-175,46",1,,,,
78220,143751,"-21,94161415","-48,95266724","513,2",1,6,"463,68","958,78","31,26","2,4424","-4,8502","0,1947","0,0351","-0,0024","0,0025","1,6725","0,0571","7,3959","0,2124","-0,0552","0,936","-0,353","0,7177","-1,6466","-127,9816","8,5781","62,0914","-4,2","-13,88","-174,94",1,,,,
78320,143751,"-21,94161415","-48,95266724","513,2",1,6,"463,68","958,78","31,26","2,4486","-4,8589","0,1129","0,0354","-0,0024","0,0268","1,6876","0,0571","7,4328","0,2197","-0,0327","0,9541","0,9884","-0,6848","6,4631","-127,9704","8,9395","61,8571","-4,23","-13,75","-174,71",1,,,,
78420,143751,"-21,94161415","-48,95266724","513,2",1,6,"463,68","958,78","31,26","2,4547","-4,8675","0,0446","0,0353","-0,0024","0,0466","1,6858","0,0571","7,4346","0,2207","-0,0728","0,9551","-1,2677","0,4128","1,768","-128,6677","9,5112","62,0319","-4,21","-13,69","-174,56",1,,,,
78520,143751,"-21,94161415","-48,95266724","513,2",1,6,"463,68","958,78","31,26","2,4608","-4,876","-0,0125","0,036","-0,0024","0,0626","1,7185","0,0571","7,4121","0,2178","-0,0718","0,9434","-0,7189","0,7177","-0,0003","-128,5557","8,6099","62,614","-4,23","-13,68","-174,49",1,,,,
78801,143751,"-21,94161415","-48,95266724","513,2",1,6,463,"958,86","31,26","2,4668","-4,8844","0,0524","0,0367","-0,0023","0,2415","1,7545","0,0571","7,442","0,2354","-0,063","0,9487","-0,1701","-0,014","-0,2442","-128,8286","8,5859","62,3669","-4,23","-13,74","-174,66",1,,,,
78848,143751,"-21,94161415","-48,95266724","513,2",1,6,463,"958,86","31,26","2,4727","-4,8927","0,1065","0,0366","-0,0023","0,2256","1,7546","0,0571","7,4245","0,2241","-0,0542","0,9463","0,5616","-0,2579","0,9143","-129,0943","8,5419","61,8656","-4,21","-13,73","-174,7",1,,,,
78948,143751,"-21,94161415","-48,95266724","513,2",1,6,463,"958,86","31,26","2,4786","-4,9009","0,1518","0,037","-0,0023","0,2122","1,7718","0,0571","7,41","0,2251","-0,0581","0,9512","0,5006","-0,8067","1,707","-128,5395","7,3862","61,5373","-4,15","-13,72","-174,75",1,,,,
79048,143751,"-21,94161415","-48,95266724","513,2",1,6,463,"958,86","31,26","2,4844","-4,909","0,1896","0,0367","-0,0022","0,2012","1,7608","0,0571","7,4026","0,2236","-0,0552","0,9497","0,2567","1,3884","1,2802","-130,0858","9,1494","62,556","-4,1","-13,72","-174,74",1,,,,
79148,143751,"-21,94161415","-48,95266724","513,2",1,6,463,"958,86","31,26","2,4902","-4,917","0,2212","0,0362","-0,0022","0,1922","1,7369","0,0571","7,4088","0,2197","-0,0601","0,9482","-0,414","-1,7823","0,9753","-129,6684","8,5736","62,3882","-4,06","-13,71","-174,67",1,,,,
79301,143751,"-21,94161415","-48,95266724","513,2",1,6,"463,15","958,84","31,28","2,4958","-4,9249","0,2228","0,036","-0,0022","0,1491","1,7246","0,0571","7,4448","0,2202","-0,0542","0,9595","-1,4506","0,7787","0,1216","-128,4","8,3714","61,9649","-4,07","-13,76","-174,59",1,,,,
79348,143751,"-21,94161415","-48,95266724","513,2",1,6,"463,15","958,84","31,28","2,5014","-4,9327","0,2242","0,0363","-0,0022","0,1487","1,7424","0,0571","7,4452","0,2271","-0,0571","0,9526","-2,1213","-0,136","-0,9149","-128,0121","7,0929","62,52","-4,14","-13,83","-174,55",1,,,,
79448,143751,"-21,94161415","-48,95266724","513,2",1,6,"463,15","958,84","31,28","2,5069","-4,9404","0,2253","0,0361","-0,0021","0,1482","1,732","0,0571","7,4374","0,2153","-0,0625","0,9536","-1,9994","-2,0262","-1,6466","-128,5374","8,9513","62,1255","-4,24","-13,83","-174,55",1,,,,
79548,143751,"-21,94161415","-48,95266724","513,2",1,6,"463,15","958,84","31,28","2,5124","-4,9481","0,2263","0,0358","-0,0021","0,1484","1,7172","0,0571","7,4598","0,2236","-0,061","0,9561","-0,2921","0,1689","0,3655","-128,8286","8,5859","62,3669","-4,37","-13,8","-174,58",1,,,,
79648,143751,"-21,94161415","-48,95266724","513,2",1,6,"463,15","958,84","31,28","2,5178","-4,9556","0,2271","0,0356","-0,0021","0,1472","1,7089","0,0571","7,4086","0,2236","-0,0488","0,9414","-0,9628","2,1201","1,707","-129,0984","8,1606","61,8456","-4,44","-13,7","-174,6",1,,,,
79801,143751,"-21,94161415","-48,95266724","513,2",1,6,463,"958,86","31,27","2,5231","-4,9631","0,2525","0,0356","-0,0021","0,1834","1,7097","0,0571","7,4212","0,2212","-0,0557","0,9453","0,3177","-0,3189","3,9021","-128,9558","8,7445","61,9991","-4,49","-13,58","-174,56",1,,,,
79848,143751,"-21,94161415","-48,95266724","513,2",1,6,463,"958,86","31,27","2,5284","-4,9704","0,2738","0,0357","-0,002","0,1771","1,7161","0,0571","7,4114","0,2217","-0,0518","0,9468","0,1348","0,1689","-0,3052","-129,6602","9,3362","62,4282","-4,55","-13,52","-174,42",1,,,,
79948,143751,"-21,94161415","-48,95266724","513,2",1,6,463,"958,86","31,27","2,5336","-4,9777","0,2915","0,0352","-0,002","0,1722","1,6912","0,0571","7,4192","0,2144","-0,0391","0,9438","-0,2311","-0,5018","-0,9149","-129,0891","9,7057","62,1797","-4,55","-13,46","-174,31",1,,,,
80048,143751,"-21,94161415","-48,95266724","513,2",1,6,463,"958,86","31,27","2,5387","-4,9849","0,3063","0,0356","-0,002","0,168","1,7125","0,0571","7,4248","0,2251","-0,0483","0,9458","-1,4506","-0,2579","0,6704","-128,6942","8,4072","62,4805","-4,51","-13,43","-174,3",1,,,,
80148,143751,"-21,94161415","-48,95266724","513,2",1,6,463,"958,86","31,27","2,5438","-4,992","0,3187","0,0358","-0,002","0,164","1,725","0,0571","7,4025","0,2251","-0,063","0,9482","2,2079","1,3884","-0,732","-129,3762","9,7216","62,441","-4,5","-13,43","-174,27",1,,,,
80301,143753,"-21,94160652","-48,95270538",505,1,6,"463,3","958,83","31,27","2,4999","-4,9876","0,2806","0,0224","0,0012","0,0899","1,7309","0,0571","7,3922","0,2236","-0,0586","0,9443","-1,2067","0,5957","-0,1832","-128,9711","8,0019","62,2134","-4,45","-13,39","-174,25",1,,,,
80348,143753,"-21,94160652","-48,95270538",505,1,6,"463,3","958,83","31,27","2,4566","-4,9832","0,2487","0,0222","0,0012","0,0991","1,7166","0,0571","7,394","0,2168","-0,0566","0,9478","-0,353","-0,9287","0,9753","-127,8513","8,0182","62,185","-4,42","-13,35","-174,29",1,,,,
80448,143753,"-21,94160652","-48,95270538",505,1,6,"463,3","958,83","31,27","2,4138","-4,9788","0,2221","0,0235","0,0012","0,1056","1,7751","0,0571","7,3364","0,2329","-0,085","0,9292","0,3787","0,4738","-0,2442","-128,6728","8,3474","61,7178","-4,43","-13,37","-174,3",1,,,,
80548,143753,"-21,94160652","-48,95270538",505,1,6,"463,3","958,83","31,27","2,3715","-4,9746","0,1998","0,0228","0,0012","0,1127","1,7311","0,0571","7,368","0,2212","-0,0527","0,9502","-1,3287","-0,197","3,3534","-129,252","9,9642","63,083","-4,46","-13,41","-174,29",1,,,,
80648,143753,"-21,94160652","-48,95270538",505,1,6,"463,3","958,83","31,27","2,3296","-4,9703","0,1812","0,0227","0,0012","0,1184","1,719","0,0571","7,3878","0,2183","-0,0552","0,9482","-1,0848","-1,9043","-1,2808","-128,5314","8,1488","61,5772","-4,53","-13,4","-174,2",1,,,,
80942,143753,"-21,94160652","-48,95270538",505,1,6,"463,79","958,77","31,28","2,2883","-4,9662","0,0853","0,0213","0,0012","0,0039","1,6425","0,0571","7,3172","0,1943","-0,1201","0,9189","-0,8409","0,5348","5,1216","-128,9772","8,8044","62,7618","-4,67","-13,36","-174,13",1,,,,
80988,143753,"-21,94160652","-48,95270538",505,1,6,"463,79","958,77","31,28","2,2475","-4,962","0,0052","0,0224","0,0011","0,0279","1,6921","0,0571","7,3659","0,2295","-0,062","0,9561","-1,9994","-0,8067","-1,4027","-128,8245","8,9672","62,3869","-4,7","-13,31","-174,08",1,,,,
81088,143753,"-21,94160652","-48,95270538",505,1,6,"463,79","958,77","31,28","2,2072","-4,9579","-0,0618","0,0241","0,0011","0,0475","1,7664","0,0571","7,3794","0,2378","-0,0532","0,9434","-1,3287","-0,6848","1,1582","-129,7967","7,9497","61,7263","-4,82","-13,25","-173,92",1,,,,
81188,143753,"-21,94160652","-48,95270538",505,1,6,"463,79","958,77","31,28","2,1674","-4,9539","-0,1177","0,0245","0,0011","0,0636","1,7828","0,0571","7,3776","0,2275","-0,0508","0,9395","-0,1091","-0,5018","1,9509","-128,3918","9,134","62,0049","-4,96","-13,25","-173,76",1,,,,
81288,143754,"-21,94159698","-48,95266724","513,1",1,6,"463,79","958,77","31,28","2,1749","-4,9361","-0,165","0,0361","0,0049","0,0765","1,7028","0,0571","7,3926","0,2031","-0,0796","0,9473","-0,9628","-0,3799","-1,6466","-128,8143","8,5459","61,8585","-5,04","-13,28","-173,67",1,,,,
81441,143754,"-21,94159698","-48,95266724","513,1",1,6,"463,38","958,82","31,29","2,1824","-4,9186","-0,1381","0,0374","0,0049","0,1864","1,7713","0,0571","7,4596","0,2339","-0,0625","0,959","0,0128","0,1689","0,6095","-128,512","9,2727","61,3828","-5,05","-13,29","-173,68",1,,,,
81488,143754,"-21,94159698","-48,95266724","513,1",1,6,"463,38","958,82","31,29","2,1898","-4,9012","-0,1156","0,0376","0,0048","0,1796","1,7837","0,0571","7,4411","0,23","-0,0562","0,9478","1,1713","-0,2579","-0,4881","-129,4027","8,6176","62,8896","-5,02","-13,25","-173,72",1,,,,
81588,143754,"-21,94159698","-48,95266724","513,1",1,6,"463,38","958,82","31,29","2,1972","-4,8841","-0,0968","0,0373","0,0048","0,1735","1,7692","0,0571","7,41","0,2197","-0,0493","0,9487","-0,9018","0,1079","-0,0003","-128,6728","8,3474","61,7178","-4,95","-13,25","-173,76",1,,,,
81688,143754,"-21,94159698","-48,95266724","513,1",1,6,"463,38","958,82","31,29","2,2044","-4,8671","-0,0811","0,0371","0,0047","0,1696","1,7593","0,0571","7,4374","0,2256","-0,0625","0,9595","-0,353","-0,8677","2,7436","-129,2642","8,8203","63,0231","-4,92","-13,27","-173,79",1,,,,
81788,143754,"-21,94159698","-48,95266724","513,1",1,6,"463,38","958,82","31,29","2,2115","-4,8504","-0,0679","0,0367","0,0046","0,1657","1,7393","0,0571","7,4344","0,2222","-0,0547","0,9512","1,2933","1,0226","-1,8905","-129,8069","8,371","62,2547","-4,92","-13,26","-173,77",1,,,,
81941,143754,"-21,94159698","-48,95266724","513,1",1,6,"463,38","958,82","31,3","2,2186","-4,8339","-0,057","0,037","0,0046","0,1622","1,757","0,0571","7,4144","0,2202","-0,0464","0,9507","-0,6579","-0,197","0,6095","-128,6778","9,9324","62,5603","-4,86","-13,22","-173,8",1,,,,
81988,143754,"-21,94159698","-48,95266724","513,1",1,6,"463,38","958,82","31,3","2,2255","-4,8175","-0,0478","0,0372","0,0045","0,1596","1,7708","0,0571","7,4196","0,229","-0,0625","0,9512","0,4396","-1,2335","1,5241","-128,6871","8,3873","62,2263","-4,81","-13,23","-173,79",1,,,,
82088,143754,"-21,94159698","-48,95266724","513,1",1,6,"463,38","958,82","31,3","2,2324","-4,8014","-0,0402","0,0367","0,0045","0,1574","1,7458","0,0571","7,4211","0,2231","-0,0566","0,9551","-1,9994","-0,7457","-0,9149","-128,9588","9,1458","62,2733","-4,77","-13,3","-173,76",1,,,,
82188,143754,"-21,94159698","-48,95266724","513,1",1,6,"463,38","958,82","31,3","2,2392","-4,7854","-0,0338","0,0355","0,0044","0,1559","1,6854","0,0571","7,4343","0,2017","-0,0532","0,9556","-0,7799","-0,8677","-3,9027","-128,964","7,9819","61,9592","-4,81","-13,39","-173,8",1,,,,
82288,143754,"-21,94159698","-48,95266724","513,1",1,6,"463,38","958,82","31,3","2,2459","-4,7697","-0,0284","0,0365","0,0044","0,1538","1,7383","0,0571","7,4074","0,2222","-0,0537","0,9473","-1,0848","0,4128","0,4875","-128,6942","8,4072","62,4805","-4,81","-13,45","-173,98",1,,,,
82441,143754,"-21,94159698","-48,95266724","513,1",1,6,463,"958,86","31,31","2,2525","-4,7541","0,039","0,035","0,0043","0,2447","1,6625","0,0571","7,4111","0,2095","-0,0684","0,9482","-0,9628","-0,8067","-0,0613","-128,6769","7,9661","61,6979","-4,74","-13,45","-174,13",1,,,,
82488,143754,"-21,94159698","-48,95266724","513,1",1,6,463,"958,86","31,31","2,2591","-4,7388","0,0954","0,0357","0,0043","0,2284","1,7003","0,0571","7,4072","0,2275","-0,0679","0,9478","-1,6335","-0,136","-0,4271","-128,8438","7,8432","62,5812","-4,7","-13,42","-174,18",1,,,,
82588,143754,"-21,94159698","-48,95266724","513,1",1,6,463,"958,86","31,31","2,2655","-4,7236","0,1425","0,0364","0,0042","0,2154","1,7338","0,0571","7,434","0,2271","-0,0635","0,9561","-0,475","1,0226","-2,1345","-128,8214","8,5659","62,1127","-4,71","-13,4","-174,22",1,,,,
82688,143754,"-21,94159698","-48,95266724","513,1",1,6,463,"958,86","31,31","2,2719","-4,7086","0,1819","0,0362","0,0042","0,2045","1,7255","0,0571","7,4542","0,2139","-0,064","0,9492","-1,0848","-1,3555","-0,6101","-127,9917","8,9994","62,6198","-4,72","-13,36","-174,33",1,,,,
82788,143754,"-21,94159698","-48,95266724","513,1",1,6,463,"958,86","31,31","2,2782","-4,6938","0,2147","0,0362","0,0041","0,1942","1,7297","0,0571","7,4166","0,2197","-0,0723","0,9434","-0,353","0,9006","-2,0125","-129,1055","8,1805","62,0998","-4,75","-13,33","-174,44",1,,,,
83065,143754,"-21,94159698","-48,95266724","513,1",1,6,"463,15","958,84","31,31","2,2844","-4,6792","0,2179","0,0358","0,0041","0,1512","1,7098","0,0571","7,4376","0,2168","-0,0483","0,9561","0,5616","0,2299","0,1826","-128,9711","8,0019","62,2134","-4,66","-13,23","-174,67",1,,,,
83111,143754,"-21,94159698","-48,95266724","513,1",1,6,"463,15","958,84","31,31","2,2906","-4,6647","0,2205","0,035","0,004","0,1504","1,6702","0,0571","7,4372","0,2061","-0,0576","0,9517","-2,6091","-0,5018","-0,9759","-128,1567","7,6927","62,9348","-4,61","-13,19","-174,69",1,,,,
83211,143756,"-21,94160271","-48,95267868","508,7",1,6,"463,15","958,84","31,31","2,2838","-4,6597","0,223","0,0318","0,0014","0,1501","1,6914","0,0571","7,4282","0,2241","-0,0601","0,9521","-0,7799","-0,9896","-0,732","-128,855","7,4819","62,8155","-4,58","-13,17","-174,71",1,,,,
83311,143756,"-21,94160271","-48,95267868","508,7",1,6,"463,15","958,84","31,31","2,2771","-4,6547","0,2251","0,0326","0,0014","0,1497","1,7253","0,0571","7,4407","0,2212","-0,0498","0,9497","-0,414","0,8396","1,2192","-128,6718","9,1299","62,012","-4,59","-13,16","-174,7",1,,,,
83411,143756,"-21,94160271","-48,95267868","508,7",1,6,"463,15","958,84","31,31","2,2704","-4,6498","0,2269","0,0313","0,0014","0,1474","1,6598","0,0571","7,3485","0,1943","-0,0537","0,9204","-0,7189","-1,7213","1,646","-128,4193","7,2475","62,1593","-4,6","-13,1","-174,62",1,,,,
83564,143756,"-21,94160271","-48,95267868","508,7",1,6,"463,3","958,83","31,31","2,2639","-4,645","0,2036","0,0315","0,0013","0,112","1,6715","0,0571","7,4127","0,2188","-0,0669","0,9668","1,2323","1,0835","0,6704","-128,3042","8,6938","63,6238","-4,64","-13,12","-174,47",1,,,,
83611,143756,"-21,94160271","-48,95267868","508,7",1,6,"463,3","958,83","31,31","2,2574","-4,6402","0,1841","0,0329","0,0013","0,1173","1,7382","0,0571","7,3997","0,2383","-0,0518","0,9448","0,7445","0,9616","0,1216","-129,1055","8,1805","62,0998","-4,66","-13,17","-174,38",1,,,,
83711,143756,"-21,94160271","-48,95267868","508,7",1,6,"463,3","958,83","31,31","2,251","-4,6355","0,1678","0,0315","0,0013","0,1217","1,6698","0,0571","7,3819","0,1973","-0,0635","0,9434","-0,7799","-0,8677","0,6704","-129,3996","8,2164","62,6154","-4,62","-13,19","-174,34",1,,,,
83811,143756,"-21,94160271","-48,95267868","508,7",1,6,"463,3","958,83","31,31","2,2447","-4,6308","0,1542","0,0321","0,0013","0,1266","1,6952","0,0571","7,4328","0,2139","-0,0537","0,9585","1,1104","-0,014","-1,8296","-128,9711","8,0019","62,2134","-4,57","-13,24","-174,34",1,,,,
83911,143756,"-21,94160271","-48,95267868","508,7",1,6,"463,3","958,83","31,31","2,2385","-4,6262","0,1429","0,0325","0,0013","0,1296","1,7184","0,0571","7,4172","0,2295","-0,0728","0,9468","-0,536","-0,7457","0,6704","-128,2504","8,9354","61,8642","-4,5","-13,29","-174,38",1,,,,
84064,143756,"-21,94160271","-48,95267868","508,7",1,6,"463,38","958,82","31,3","2,2323","-4,6217","0,1195","0,0324","0,0013","0,1119","1,7119","0,0571","7,4135","0,2104","-0,0542","0,9512","1,5982","0,047","0,0607","-129,3742","8,5378","61,8727","-4,45","-13,35","-174,39",1,,,,
84111,143756,"-21,94160271","-48,95267868","508,7",1,6,"463,38","958,82","31,3","2,2262","-4,6172","0,0999","0,0324","0,0012","0,118","1,7105","0,0571","7,4362","0,2192","-0,0615","0,957","-0,536","1,9982","0,7924","-128,5537","7,4261","62,0457","-4,4","-13,35","-174,39",1,,,,
84211,143757,"-21,94160271","-48,95267487","508,9",1,6,"463,38","958,82","31,3","2,2267","-4,6127","0,0836","0,0349","0,0012","0,1227","1,743","0,0571","7,4391","0,2295","-0,0581","0,9526","0,1348","0,1689","2,1948","-128,967","8,3832","62,2334","-4,36","-13,3","-174,39",1,,,,
84311,143757,"-21,94160271","-48,95267487","508,9",1,6,"463,38","958,82","31,3","2,2271","-4,6083","0,07","0,0355","0,0012","0,1269","1,7716","0,0571","7,4501","0,229","-0,0547","0,9531","-1,5726","1,3274","-2,9271","-129,5381","8,0137","62,4819","-4,36","-13,27","-174,43",1,,,,
84411,143757,"-21,94160271","-48,95267487","508,9",1,6,"463,38","958,82","31,3","2,2276","-4,604","0,0585","0,0353","0,0012","0,1294","1,766","0,0571","7,4112","0,2285","-0,0459","0,9429","-1,0238","1,2055","3,2314","-128,2575","8,9554","62,1184","-4,33","-13,21","-174,62",1,,,,
84564,143757,"-21,94160271","-48,95267487","508,9",1,6,"463,52","958,8","31,31","2,228","-4,5997","0,0269","0,0351","0,0012","0,0993","1,7547","0,0571","7,3894","0,2222","-0,0498","0,9443","-2,0604","0,8396","1,0973","-128,2616","8,5741","62,0985","-4,29","-13,11","-174,68",1,,,,
84611,143757,"-21,94160271","-48,95267487","508,9",1,6,"463,52","958,8","31,31","2,2284","-4,5955","0,0004","0,0347","0,0012","0,1065","1,7361","0,0571","7,3704","0,2178","-0,0625","0,9404","-1,8165","0,4738","0,4875","-128,403","8,7726","62,2391","-4,31","-13,03","-174,64",1,,,,
84711,143757,"-21,94160271","-48,95267487","508,9",1,6,"463,52","958,8","31,31","2,2288","-4,5913","-0,0217","0,0354","0,0012","0,1137","1,7685","0,0571","7,412","0,2339","-0,0405","0,9526","0,9884","0,2299","1,2802","-129,6623","7,7711","61,8399","-4,39","-12,96","-174,56",1,,,,
84811,143757,"-21,94160271","-48,95267487","508,9",1,6,"463,52","958,8","31,31","2,2293","-4,5872","-0,0402","0,0349","0,0011","0,1186","1,746","0,0571","7,3891","0,2246","-0,0532","0,9458","-3,7067","-1,5384","2,0729","-128,8398","8,2245","62,6012","-4,42","-12,96","-174,46",1,,,,
84911,143757,"-21,94160271","-48,95267487","508,9",1,6,"463,52","958,8","31,31","2,2297","-4,5831","-0,0557","0,0339","0,0011","0,1237","1,6966","0,0571","7,4228","0,2119","-0,0605","0,9512","-1,8774","-1,1116","-1,4637","-129,2592","7,2352","62,1806","-4,51","-13,02","-174,33",1,,,,
85185,143757,"-21,94160271","-48,95267487","508,9",1,6,463,"958,86","31,32","2,2301","-4,5791","0,017","0,0347","0,0011","0,2528","1,7322","0,0571","7,4332","0,2305","-0,0552","0,9521","-1,6945","0,7177","1,8899","-128,4224","7,6487","62,4335","-4,68","-13,28","-174,35",1,,,,
85232,143757,"-21,94160271","-48,95267487","508,9",1,6,463,"958,86","31,32","2,2305","-4,5751","0,0778","0,0343","0,0011","0,2356","1,7161","0,0571","7,447","0,2163","-0,0835","0,9561","-0,8409","0,9616","2,0729","-129,138","7,8791","63,0968","-4,69","-13,3","-174,33",1,,,,
85332,143757,"-21,94160271","-48,95267487","508,9",1,6,463,"958,86","31,32","2,2309","-4,5712","0,1285","0,0353","0,0011","0,2202","1,7641","0,0571","7,4074","0,231","-0,0708","0,9482","-1,2067","-0,6238","-5,0613","-128,5374","8,9513","62,1255","-4,73","-13,29","-174,27",1,,,,
85432,143757,"-21,94160271","-48,95267487","508,9",1,6,463,"958,86","31,32","2,2313","-4,5673","0,1709","0,0346","0,0011","0,2086","1,728","0,0571","7,4377","0,2124","-0,0483","0,9624","0,1348","0,3518","2,4997","-128,8417","9,4083","63,1695","-4,74","-13,27","-174,31",1,,,,
85532,143757,"-21,94160271","-48,95267487","508,9",1,6,463,"958,86","31,32","2,2317","-4,5635","0,2063","0,0371","0,0011","0,1976","1,8526","0,0571","7,3992","0,2539","-0,0708","0,9385","0,0128","-0,5628","1,3412","-128,287","8,2527","62,8412","-4,72","-13,23","-174,3",1,,,,
85685,143757,"-21,94160271","-48,95267487","508,9",1,6,"462,88","958,87","31,3","2,2321","-4,5597","0,2555","0,0353","0,001","0,2172","1,7646","0,0571","7,3729","0,2207","-0,0645","0,9414","-0,8409","1,2055","1,0363","-128,4162","9,5951","63,0417","-4,69","-13,24","-174,22",1,,,,
85732,143757,"-21,94160271","-48,95267487","508,9",1,6,"462,88","958,87","31,3","2,2324","-4,556","0,2965","0,0352","0,001","0,2053","1,7618","0,0571","7,3689","0,2241","-0,0562","0,9438","-1,8165","1,5713","2,9265","-129,3783","8,1565","61,8527","-4,68","-13,23","-174,17",1,,,,
85832,143757,"-21,94160271","-48,95267487","508,9",1,6,"462,88","958,87","31,3","2,2328","-4,5523","0,3308","0,0355","0,001","0,1949","1,7734","0,0571","7,3441","0,2275","-0,0571","0,9404","-0,7189","0,5957","0,9753","-129,6755","8,5936","62,6425","-4,69","-13,17","-174,08",1,,,,
85932,143757,"-21,94160271","-48,95267487","508,9",1,6,"462,88","958,87","31,3","2,2332","-4,5487","0,3595","0,0348","0,001","0,1871","1,7391","0,0571","7,3686","0,2231","-0,0571","0,9478","1,1713","0,1079","2,1948","-128,6789","9,1499","62,2662","-4,7","-13,11",-174,1,,,,
86032,143757,"-21,94160271","-48,95267487","508,9",1,6,"462,88","958,87","31,3","2,2335","-4,5451","0,3835","0,0339","0,001","0,1806","1,6932","0,0571","7,3861","0,2119","-0,0542","0,9482","0,1957","-0,6238","-4,3296","-129,3925","8,1964","62,3612","-4,67","-13,05","-173,96",1,,,,
86185,143757,"-21,94160271","-48,95267487","508,9",1,6,"462,55","958,91","31,31","2,2339","-4,5415","0,4578","0,0342","0,001","0,2534","1,7108","0,0571","7,343","0,2266","-0,0547","0,9365","-0,7189","-0,9896","-1,6466","-128,8245","8,9672","62,3869","-4,58","-13,02","-174,1",1,,,,
86232,143759,"-21,9416008","-48,95267487","509,1",1,6,"462,55","958,91","31,31","2,2342","-4,5357","0,5198","0,0343","0,0016","0,2358","1,714","0,0571","7,3581","0,2207","-0,0391","0,9473","0,9274","-0,197","5,6095","-128,858","7,8832","63,0897","-4,5","-13,04","-174,24",1,,,,
86332,143759,"-21,9416008","-48,95267487","509,1",1,6,"462,55","958,91","31,31","2,2346","-4,5299","0,5717","0,0347","0,0016","0,2218","1,7368","0,0571","7,4029","0,2217","-0,0747","0,9492","-0,0482","-2,514","-2,2564","-129,1055","8,1805","62,0998","-4,42","-13,07","-174,28",1,,,,
86432,143759,"-21,9416008","-48,95267487","509,1",1,6,"462,55","958,91","31,31","2,2349","-4,5242","0,615","0,0343","0,0016","0,2092","1,7169","0,0571","7,4003","0,2207","-0,0547","0,9453","2,025","-2,2091","1,5851","-129,1095","7,7992","62,0799","-4,32","-13,14","-174,4",1,,,,
86532,143759,"-21,9416008","-48,95267487","509,1",1,6,"462,55","958,91","31,31","2,2353","-4,5186","0,6512","0,0348","0,0016","0,199","1,7382","0,0571","7,4115","0,2217","-0,0513","0,9492","0,0738","3,0957","-0,0613","-129,3844","8,959","62,4011","-4,23","-13,18","-174,5",1,,,,
86685,143759,"-21,9416008","-48,95267487","509,1",1,6,"462,7","958,9","31,3","2,2356","-4,5131","0,6567","0,0354","0,0015","0,1544","1,77","0,0571","7,4286","0,2275","-0,0615","0,9487","0,0738","0,2299","-0,9759","-128,4132","9,1939","62,7675","-4,22","-13,11","-174,5",1,,,,
86732,143759,"-21,9416008","-48,95267487","509,1",1,6,"462,7","958,9","31,3","2,2359","-4,5076","0,6613","0,0352","0,0015","0,1536","1,7626","0,0571","7,4525","0,2231","-0,0493","0,959","-1,2677","-0,7457","-1,8296","-128,4213","8,4313","62,7276","-4,26","-13,06","-174,45",1,,,,
86832,143759,"-21,9416008","-48,95267487","509,1",1,6,"462,7","958,9","31,3","2,2363","-4,5022","0,6651","0,0351","0,0015","0,1528","1,7539","0,0571","7,468","0,2231","-0,0547","0,9546","-0,2311","-0,3189","0,0607","-129,5482","8,4349","63,0103","-4,29","-13,06","-174,45",1,,,,
86932,143759,"-21,9416008","-48,95267487","509,1",1,6,"462,7","958,9","31,3","2,2366","-4,4968","0,6683","0,0351","0,0015","0,1509","1,7569","0,0571","7,4191","0,2212","-0,0508","0,9453","0,5616","-0,5018","-0,1832","-128,8184","8,1646","61,8385","-4,31","-13,1","-174,45",1,,,,
87032,143759,"-21,9416008","-48,95267487","509,1",1,6,"462,7","958,9","31,3","2,2369","-4,4916","0,671","0,0343","0,0015","0,1505","1,716","0,0571","7,4377","0,2085","-0,0664","0,9536","-0,1701","0,6567","-0,5491","-129,1197","8,2205","62,6083","-4,31","-13,18","-174,37",1,,,,
87362,143800,"-21,9416008","-48,95267487","509,1",1,6,"462,88","958,87","31,3","2,2372","-4,4863","0,6437","0,0339","0,0014","0,1049","1,6936","0,0571","7,3494","0,2119","-0,0488","0,9277","-1,9994","-2,514","2,9265","-128,97","8,7844","62,5076","-4,55","-13,24","-174,34",1,,,,
87408,143800,"-21,9416008","-48,95267487","509,1",1,6,"462,88","958,87","31,3","2,2375","-4,4812","0,6209","0,0336","0,0014","0,1122","1,679","0,0571","7,387","0,2129","-0,061","0,9556","-0,597","1,6323","-0,9759","-129,2561","9,5829","63,063","-4,59","-13,23","-174,33",1,,,,
87508,143800,"-21,9416008","-48,95267487","509,1",1,6,"462,88","958,87","31,3","2,2378","-4,4761","0,6018","0,0337","0,0014","0,1178","1,688","0,0571","7,3946","0,2212","-0,0479","0,9443","0,6226","-0,5628","1,646","-128,9883","8,4431","62,996","-4,67","-13,19","-174,33",1,,,,
87608,143800,"-21,9416008","-48,95267487","509,1",1,6,"462,88","958,87","31,3","2,2381","-4,4711","0,5859","0,0344","0,0014","0,1221","1,7208","0,0571","7,3758","0,2305","-0,0571","0,937","0,5006","0,4128","3,9021","-128,9924","8,0618","62,9761","-4,68","-13,12","-174,28",1,,,,
87708,143800,"-21,9416008","-48,95267487","509,1",1,6,"462,88","958,87","31,3","2,2384","-4,4661","0,5726","0,0351","0,0014","0,1263","1,7568","0,0571","7,3978","0,2246","-0,0645","0,9473","-1,5116","-1,4165","0,4265","-129,3813","8,5577","62,1269","-4,68","-13,07","-174,16",1,,,,
87861,143800,"-21,9416008","-48,95267487","509,1",1,6,"462,88","958,87","31,3","2,2387","-4,4612","0,561","0,0342","0,0014","0,1287","1,7122","0,0571","7,3899","0,2134","-0,0586","0,9443","-1,8774","0,1689","-3,8418","-128,4284","8,4512","62,9818","-4,73","-13,12","-174,14",1,,,,
87908,143800,"-21,9416008","-48,95267487","509,1",1,6,"462,88","958,87","31,3","2,239","-4,4564","0,5513","0,0351","0,0013","0,132","1,7567","0,0571","7,4124","0,2349","-0,0508","0,9546","-1,7555","-0,2579","-2,9271","-128,6688","8,7286","61,7378","-4,82","-13,23","-174,25",1,,,,
88008,143800,"-21,9416008","-48,95267487","509,1",1,6,"462,88","958,87","31,3","2,2393","-4,4516","0,5433","0,0346","0,0013","0,1333","1,7288","0,0571","7,3624","0,2197","-0,0396","0,9404","-0,475","1,1445","0,2436","-129,2805","7,2951","62,9433","-4,92","-13,3","-174,39",1,,,,
88108,143800,"-21,9416008","-48,95267487","509,1",1,6,"462,88","958,87","31,3","2,2396","-4,4469","0,5365","0,035","0,0013","0,1349","1,749","0,0571","7,3444","0,2261","-0,0513","0,9409","-1,3896","-0,075","1,829","-128,5191","9,2926","61,6371",-5,"-13,29","-174,4",1,,,,
88208,143800,"-21,9416008","-48,95267487","509,1",1,6,"462,88","958,87","31,3","2,2399","-4,4422","0,5309","0,0343","0,0013","0,1367","1,7161","0,0571","7,3569","0,2119","-0,0547","0,939","-1,9994","-0,7457","-1,7076","-129,8211","8,4109","62,7632","-5,07","-13,26","-174,32",1,,,,
88361,143800,"-21,9416008","-48,95267487","509,1",1,6,"463,15","958,84","31,3","2,2401","-4,4376","0,4823","0,035","0,0013","0,0745","1,7531","0,0571","7,3845","0,2275","-0,0513","0,9541","0,6226","0,7787","0,3046","-129,1197","8,2205","62,6083","-5,13","-13,27","-174,29",1,,,,
88408,143800,"-21,9416008","-48,95267487","509,1",1,6,"463,15","958,84","31,3","2,2404","-4,4331","0,4417","0,0355","0,0013","0,0857","1,7781","0,0571","7,3641","0,2324","-0,0649","0,9395","1,1713","0,7787","-0,4881","-128,2676","9,3766","62,6468","-5,13","-13,27","-174,3",1,,,,
88508,143800,"-21,9416008","-48,95267487","509,1",1,6,"463,15","958,84","31,3","2,2407","-4,4286","0,4078","0,0347","0,0012","0,097","1,7349","0,0571","7,4401","0,2227","-0,0825","0,9697","-1,3896","-0,8067","1,4631","-129,5198","8,3551","61,9934","-5,07","-13,25","-174,32",1,,,,
88608,143800,"-21,9416008","-48,95267487","509,1",1,6,"463,15","958,84","31,3","2,241","-4,4242","0,3795","0,0348","0,0012","0,1053","1,7387","0,0571","7,4469","0,2236","-0,0522","0,957","0,2567","0,5957","-3,1101","-129,1126","8,2005","62,3541","-5,07","-13,26","-174,34",1,,,,
88708,143800,"-21,9416008","-48,95267487","509,1",1,6,"463,15","958,84","31,3","2,2412","-4,4198","0,3558","0,035","0,0012","0,1122","1,7512","0,0571","7,4515","0,2231","-0,0566","0,9526","-1,5116","-0,4409","1,4021","-128,7054","8,0459","62,7148","-5,07","-13,28","-174,43",1,,,,
88861,143800,"-21,9416008","-48,95267487","509,1",1,6,"463,3","958,83","31,31","2,2415","-4,4155","0,3112","0,0337","0,0012","0,081","1,6849","0,0571","7,4139","0,2129","-0,063","0,9497","-0,9628","-0,9287","-0,1223","-128,5497","7,8074","62,0657","-5,08","-13,26","-174,44",1,,,,
88908,143800,"-21,9416008","-48,95267487","509,1",1,6,"463,3","958,83","31,31","2,2417","-4,4112","0,274","0,0346","0,0012","0,0919","1,7333","0,0571","7,4249","0,2334","-0,064","0,9531","-1,2067","-2,575","-1,8296","-128,6962","9,591","63,0488","-5,1","-13,25","-174,4",1,,,,
89008,143800,"-21,9416008","-48,95267487","509,1",1,6,"463,3","958,83","31,31","2,242","-4,407","0,2429","0,0344","0,0012","0,1003","1,7235","0,0571","7,398","0,2222","-0,0762","0,9419","-2,7311","-0,7457","-1,2198","-128,8398","8,2245","62,6012","-5,1","-13,29","-174,39",1,,,,
89108,143800,"-21,9416008","-48,95267487","509,1",1,6,"463,3","958,83","31,31","2,2422","-4,4029","0,217","0,0346","0,0011","0,1078","1,7331","0,0571","7,3966","0,2168","-0,0688","0,9507","0,8055","0,7787","3,6582","-128,6799","8,3673","61,972","-5,18","-13,34","-174,38",1,,,,
89208,143802,"-21,9416008","-48,95267487","509,1",1,7,"463,3","958,83","31,31","2,2425","-4,3988","0,1953","0,0336","0,0011","0,1154","1,6798","0,0571","7,4676","0,208","-0,0601","0,9658","0,6226","0,5348","-0,6101","-128,7155","8,4671","63,2432","-5,27","-13,34","-174,25",1,,,,
89500,143802,"-21,9416008","-48,95267487","509,1",1,7,"463,3","958,83","31,31","2,2427","-4,3947","0,1771","0,0341","0,0011","0,1193","1,7067","0,0571","7,3971","0,2183","-0,0605","0,937","-0,475","-1,2945","0,2436","-129,2724","8,0577","62,9832",-5,"-13,16","-174,4",1,,,,
89546,143802,"-21,9416008","-48,95267487","509,1",1,7,"463,3","958,83","31,31","2,243","-4,3907","0,162","0,034","0,0011","0,1233","1,7039","0,0571","7,383","0,2183","-0,0571","0,9429","-0,414","1,3274","-0,3662","-128,4061","9,1739","62,5133","-4,92","-13,12","-174,47",1,,,,
89646,143802,"-21,9416008","-48,95267487","509,1",1,7,"463,3","958,83","31,31","2,2432","-4,3867","0,1493","0,0361","0,0011","0,1265","1,8052","0,0571","7,3566","0,2432","-0,0513","0,9434","-3,097","-1,0506","-0,4271","-129,1044","8,9631","62,394","-4,83","-13,07","-174,57",1,,,,
89746,143802,"-21,9416008","-48,95267487","509,1",1,7,"463,3","958,83","31,31","2,2435","-4,3828","0,1387","0,0351","0,0011","0,1299","1,7558","0,0571","7,378","0,2188","-0,0571","0,9526","-1,4506","-0,7457","0,5485","-129,3803","9,3403","62,4211","-4,87","-13,04","-174,62",1,,,,
89846,143802,"-21,9416008","-48,95267487","509,1",1,7,"463,3","958,83","31,31","2,2437","-4,379","0,1299","0,0345","0,0011","0,1321","1,7288","0,0571","7,3591","0,2202","-0,0601","0,9375","-1,2677","0,7177","2,3777","-129,5553","8,4549","63,2645","-4,99","-13,04","-174,6",1,,,,
89999,143802,"-21,9416008","-48,95267487","509,1",1,7,"463,52","958,8","31,32","2,2439","-4,3752","0,0864","0,0346","0,001","0,0818","1,7294","0,0571","7,3735","0,2222","-0,0586","0,9473","0,0128","-0,014","-1,9515","-128,4132","9,1939","62,7675","-5,09","-12,99","-174,55",1,,,,
90046,143802,"-21,9416008","-48,95267487","509,1",1,7,"463,52","958,8","31,32","2,2441","-4,3714","0,0501","0,0345","0,001","0,0926","1,7256","0,0571","7,3952","0,2202","-0,0464","0,9526","-1,3896","-1,4774","0,0607","-128,1556","8,4753","63,2289","-5,14","-12,97","-174,55",1,,,,
90146,143802,"-21,9416008","-48,95267487","509,1",1,7,"463,52","958,8","31,32","2,2444","-4,3677","0,0198","0,0341","0,001","0,1013","1,7044","0,0571","7,3916","0,2207","-0,0591","0,9512","-0,6579","0,1079","2,0729","-128,686","9,1698","62,5204","-5,12",-13,"-174,58",1,,,,
90246,143803,"-21,9416008","-48,95267487","509,1",1,7,"463,52","958,8","31,32","2,2446","-4,364","-0,0055","0,0345","0,001","0,1087","1,7264","0,0571","7,3969","0,2266","-0,062","0,9478","0,4396","0,1689","-1,7686","-129,4048","7,0525","62,3013","-5,08","-13,05","-174,57",1,,,,
90346,143803,"-21,9416008","-48,95267487","509,1",1,7,"463,52","958,8","31,32","2,2448","-4,3604","-0,0267","0,0352","0,001","0,1152","1,7614","0,0571","7,4166","0,2256","-0,0469","0,958","0,0738","0,7787","-2,7442","-128,9782","8,0219","62,4676","-5,04","-13,03","-174,57",1,,,,
90499,143803,"-21,9416008","-48,95267487","509,1",1,7,"463,68","958,78","31,34","2,245","-4,3568","-0,0717","0,0344","0,001","0,0798","1,7212","0,0571","7,3959","0,2188","-0,0596","0,9419","-0,353","-2,0262","-0,1832","-129,2327","8,3392","61,732","-4,97","-12,95","-174,63",1,,,,
90546,143803,"-21,9416008","-48,95267487","509,1",1,7,"463,68","958,78","31,34","2,2452","-4,3533","-0,1094","0,0347","0,001","0,0906","1,7386","0,0571","7,3894","0,2266","-0,0503","0,9453","-2,1213","0,4128","2,9875","-129,1186","9,003","62,9024","-4,94","-12,93","-174,67",1,,,,
90646,143803,"-21,9416008","-48,95267487","509,1",1,7,"463,68","958,78","31,34","2,2454","-4,3498","-0,1409","0,0351","0,001","0,0994","1,757","0,0571","7,3787","0,2207","-0,0649","0,9443","1,4152","0,2909","-1,5247","-129,1095","7,7992","62,0799","-4,95","-12,95","-174,64",1,,,,
90746,143803,"-21,9416008","-48,95267487","509,1",1,7,"463,68","958,78","31,34","2,2456","-4,3464","-0,1671","0,0353","0,0009","0,1061","1,7654","0,0571","7,3371","0,229","-0,0601","0,9316","-1,2677","0,2299","-0,0003","-129,1003","9,3444","62,414","-4,93","-12,97","-174,67",1,,,,
90846,143803,"-21,9416008","-48,95267487","509,1",1,7,"463,68","958,78","31,34","2,2459","-4,343","-0,1891","0,0345","0,0009","0,1129","1,7271","0,0571","7,3586","0,2197","-0,0581","0,9482","-2,4872","-1,2945","-0,9149","-129,4984","11,0441","62,3873","-4,93","-12,98","-174,73",1,,,,
90999,143803,"-21,9416008","-48,95267487","509,1",1,7,"463,86","958,76","31,35","2,2461","-4,3396","-0,2357","0,0351","0,0009","0,077","1,7561","0,0571","7,3655","0,2329","-0,103","0,9419","-1,5116","2,9128","-1,8296","-129,1207","7,4379","62,3141","-4,99","-12,98","-174,72",1,,,,
91046,143803,"-21,9416008","-48,95267487","509,1",1,7,"463,86","958,76","31,35","2,2463","-4,3363","-0,2746","0,0351","0,0009","0,0883","1,7572","0,0571","7,3681","0,2246","-0,0508","0,9453","0,0128","0,1689","-0,0613","-129,0861","9,3044","61,9055","-5,08","-12,92","-174,7",1,,,,
91146,143803,"-21,9416008","-48,95267487","509,1",1,7,"463,86","958,76","31,35","2,2465","-4,333","-0,3071","0,0345","0,0009","0,0983","1,729","0,0571","7,4032","0,2104","-0,0605","0,9565","0,9274","-0,2579","-2,5613","-128,8103","8,9272","61,8784","-5,12","-12,84","-174,72",1,,,,
91246,143803,"-21,9416008","-48,95267487","509,1",1,7,"463,86","958,76","31,35","2,2466","-4,3298","-0,3343","0,0344","0,0009","0,1067","1,7199","0,0571","7,43","0,2192","-0,0518","0,9561","0,1957","1,2055","1,5241","-128,397","7,9701","61,6908","-5,04","-12,81","-174,84",1,,,,
91346,143803,"-21,9416008","-48,95267487","509,1",1,7,"463,86","958,76","31,35","2,2469","-4,3266","-0,357","0,0362","0,0009","0,1088","1,8099","0,0571","7,2055","0,2534","-0,1143","0,876","-3,4018","-0,6238","4,6338","-128,1302","8,7967","62,4862","-4,97","-12,79","-174,85",1,,,,
91623,143803,"-21,9416008","-48,95267487","509,1",1,7,"463,79","958,77","31,36","2,247","-4,3235","-0,3647","0,034","0,0009","0,1345","1,7028","0,0571","7,3949","0,2271","-0,0464","0,9531","0,1348","0,4738","0,7314","-128,7114","8,8484","63,2631","-5,15","-12,9","-174,86",1,,,,
91670,143803,"-21,9416008","-48,95267487","509,1",1,7,"463,79","958,77","31,36","2,2472","-4,3204","-0,3711","0,0343","0,0009","0,1367","1,7156","0,0571","7,4102","0,2231","-0,0547","0,9526","-1,2067","1,3274","1,646","-128,9782","8,0219","62,4676","-5,14","-12,89","-174,92",1,,,,
91770,143803,"-21,9416008","-48,95267487","509,1",1,7,"463,79","958,77","31,36","2,2474","-4,3173","-0,3764","0,0349","0,0008","0,1387","1,7465","0,0571","7,4329","0,2295","-0,0562","0,9565","-0,2311","-0,7457","-1,5857","-128,9772","8,8044","62,7618","-5,11","-12,88","-174,93",1,,,,
91870,143803,"-21,9416008","-48,95267487","509,1",1,7,"463,79","958,77","31,36","2,2476","-4,3143","-0,3809","0,0352","0,0008","0,1401","1,7638","0,0571","7,4377","0,2251","-0,0449","0,9585","0,6226","-0,3189","-2,8662","-130,7994","8,196","62,6509","-5,04","-12,93","-174,98",1,,,,
91970,143803,"-21,9416008","-48,95267487","509,1",1,7,"463,79","958,77","31,36","2,2478","-4,3113","-0,3846","0,035","0,0008","0,1405","1,752","0,0571","7,406","0,2295","-0,0532","0,9473","-3,9506","-1,6604","4,9997","-128,967","8,3832","62,2334","-4,97","-13,03","-175,15",1,,,,
92123,143803,"-21,9416008","-48,95267487","509,1",1,7,"463,3","958,83","31,36","2,248","-4,3083","-0,3069","0,0345","0,0008","0,2606","1,7254","0,0571","7,4573","0,2207","-0,0503","0,9683","1,6591","2,1201","5,3655","-128,8083","7,7434","61,3101","-5,08","-13,11","-175,01",1,,,,
92170,143803,"-21,9416008","-48,95267487","509,1",1,7,"463,3","958,83","31,36","2,2481","-4,3054","-0,242","0,0343","0,0008","0,2415","1,7171","0,0571","7,4366","0,2183","-0,0552","0,9468","0,5006","-1,1116","-1,8296","-128,1414","8,4354","62,7205","-5,21","-13,11","-174,68",1,,,,
92270,143805,"-21,9416008","-48,95267487","509,1",1,7,"463,3","958,83","31,36","2,2483","-4,3025","-0,1877","0,0342","0,0008","0,2258","1,7101","0,0571","7,4333","0,208","-0,0542","0,9458","-0,414","-0,6848","1,707","-128,4101","8,7926","62,4933","-5,22","-13,1","-174,45",1,,,,
92370,143805,"-21,9416008","-48,95267487","509,1",1,7,"463,3","958,83","31,36","2,2485","-4,2997","-0,1424","0,0331","0,0008","0,2136","1,6596","0,0571","7,475","0,2139","-0,0522","0,9561","-3,097","-1,7823","0,3655","-128,8326","8,2046","62,347","-5,18","-13,13","-174,39",1,,,,
92470,143805,"-21,9416008","-48,95267487","509,1",1,7,"463,3","958,83","31,36","2,2486","-4,2968","-0,1045","0,0344","0,0008","0,2024","1,7247","0,0571","7,4573","0,2393","-0,0464","0,9551","0,0738","0,3518","0,6704","-129,25","8,7804","62,5147","-5,14","-13,18","-174,45",1,,,,
92623,143805,"-21,9416008","-48,95267487","509,1",1,7,"462,7","958,9","31,35","2,2488","-4,2941","0,0253","0,0346","0,0008","0,3373","1,7336","0,0571","7,4777","0,2178","-0,0293","0,9561","-3,2189","0,6567","4,7558","-129,6542","8,5337","61,8798","-5,08","-13,19","-174,53",1,,,,
92670,143805,"-21,9416008","-48,95267487","509,1",1,7,"462,7","958,9","31,35","2,2489","-4,2913","0,1338","0,0341","0,0008","0,305","1,7084","0,0571","7,4236","0,2134","-0,061","0,9375","0,4396","-0,9896","1,4631","-128,9406","9,4871","61,7848","-5,09","-13,16","-174,47",1,,,,
92770,143805,"-21,9416008","-48,95267487","509,1",1,7,"462,7","958,9","31,35","2,2491","-4,2886","0,2244","0,0352","0,0007","0,279","1,7631","0,0571","7,431","0,2295","-0,0688","0,9526","0,6226","-0,5628","-3,9637","-128,6576","9,09","61,5035","-5,08","-13,14","-174,32",1,,,,
92870,143805,"-21,9416008","-48,95267487","509,1",1,7,"462,7","958,9","31,35","2,2493","-4,286","0,3001","0,0363","0,0007","0,2576","1,8153","0,0571","7,4525","0,2446","-0,0332","0,957","0,0738","0,7787","-4,2076","-128,686","9,1698","62,5204","-4,98","-13,2","-174,36",1,,,,
92970,143805,"-21,9416008","-48,95267487","509,1",1,7,"462,7","958,9","31,35","2,2495","-4,2833","0,3634","0,0352","0,0007","0,2398","1,7648","0,0571","7,473","0,2222","-0,0586","0,9614","0,1348","2,7299","8,7802","-128,5415","8,57","62,1056","-4,87","-13,26","-174,52",1,,,,
93123,143805,"-21,9416008","-48,95267487","509,1",1,7,"462,7","958,9","31,34","2,2496","-4,2807","0,4162","0,0353","0,0007","0,2244","1,7676","0,0571","7,4651","0,2227","-0,0591","0,957","0,0738","-0,9287","-0,3052","-128,8133","9,3285","62,1526","-4,84","-13,17","-174,42",1,,,,
93170,143805,"-21,9416008","-48,95267487","509,1",1,7,"462,7","958,9","31,34","2,2498","-4,2781","0,4604","0,0349","0,0007","0,212","1,748","0,0571","7,4795","0,2188","-0,041","0,9595","-0,2311","-0,6238","-5,0613","-129,3844","8,959","62,4011","-4,78","-13,1","-174,35",1,,,,
93270,143806,"-21,9416008","-48,95267487","509,1",1,7,"462,7","958,9","31,34","2,2499","-4,2756","0,4973","0,0346","0,0007","0,2018","1,7325","0,0571","7,5023","0,2275","-0,0654","0,9614","-2,7311","0,2299","-7,3784","-129,251","7,9978","62,2205","-4,67","-13,08","-174,59",1,,,,
93370,143806,"-21,9416008","-48,95267487","509,1",1,7,"462,7","958,9","31,34","2,2501","-4,2731","0,5281","0,0339","0,0007","0,192","1,6996","0,0571","7,4543","0,2251","-0,0615","0,9536","-2,914","-0,2579","10,9753","-129,2541","8,3991","62,4947","-4,59","-13,03","-175,05",1,,,,
93470,143806,"-21,9416008","-48,95267487","509,1",1,7,"462,7","958,9","31,34","2,2502","-4,2706","0,5538","0,0348","0,0007","0,1832","1,744","0,0571","7,3871","0,2344","-0,1191","0,936","-1,0848","-0,3189","-8,4759","-129,0943","8,5419","61,8656","-4,73","-12,93","-174,85",1,,,,
93753,143806,"-21,9416008","-48,95267487","509,1",1,7,"463,38","958,82","31,33","2,2504","-4,2682","0,4628","0,0351","0,0007","0,0143","1,7598","0,0571","7,4813","0,2222","-0,0615","0,9521","0,5616","-1,6604","5,8534","-128,6668","7,5448","61,1695","-4,78","-12,81","-174,8",1,,,,
93799,143806,"-21,9416008","-48,95267487","509,1",1,7,"463,38","958,82","31,33","2,2505","-4,2658","0,3868","0,0346","0,0007","0,0357","1,7311","0,0571","7,4563","0,2148","-0,1021","0,9478","-0,2311","-1,2945","-3,5369","-127,7281","7,4783","62,5328","-4,72","-12,79","-174,86",1,,,,
93899,143806,"-21,9416008","-48,95267487","509,1",1,7,"463,38","958,82","31,33","2,2507","-4,2634","0,3232","0,0346","0,0007","0,0534","1,735","0,0571","7,4237","0,2158","-0,0352","0,9468","-1,3287","-1,4165","-0,854","-129,36","8,4979","61,3642","-4,6","-12,84",-175,1,,,,
93999,143806,"-21,9416008","-48,95267487","509,1",1,7,"463,38","958,82","31,33","2,2508","-4,261","0,2701","0,0357","0,0006","0,0691","1,7886","0,0571","7,4447","0,2334","-0,0396","0,959","-0,6579","1,5713","3,4143","-128,2697","7,8115","62,0585","-4,5","-12,93","-175,14",1,,,,
94099,143806,"-21,9416008","-48,95267487","509,1",1,7,"463,38","958,82","31,33","2,2509","-4,2587","0,2258","0,0318","0,0006","0,0797","1,5932","0,0571","7,3398","0,2124","-0,103","0,9517","0,6226","-1,0506","1,5851","-129,1055","8,1805","62,0998","-4,47","-12,94","-175,17",1,,,,
94252,143807,"-21,9416008","-48,95267487","509,1",1,7,"462,88","958,87","31,34","2,251","-4,2564","0,2713","0,0321","0,0006","0,2122","1,6072","0,0571","7,3915","0,2148","-0,0459","0,959","-0,475","0,4738","0,4875","-129,7916","9,1136","62,0404","-4,48","-12,87","-175,17",1,,,,
94299,143807,"-21,9416008","-48,95267487","509,1",1,7,"462,88","958,87","31,34","2,2512","-4,2541","0,3093","0,033","0,0006","0,2013","1,653","0,0571","7,392","0,2246","-0,0566","0,9473","1,0494","-1,4774","0,7924","-128,5639","7,8473","62,5741","-4,46","-12,81","-175,14",1,,,,
94399,143807,"-21,9416008","-48,95267487","509,1",1,7,"462,88","958,87","31,34","2,2513","-4,2519","0,341","0,0347","0,0006","0,1932","1,7375","0,0571","7,4445","0,2222","-0,1201","0,957","0,3787","0,5348","-0,9759","-128,3093","7,53","63,3097","-4,44","-12,81","-175,08",1,,,,
94499,143807,"-21,9416008","-48,95267487","509,1",1,7,"462,88","958,87","31,34","2,2514","-4,2497","0,3676","0,0341","0,0006","0,1859","1,7104","0,0571","7,4615","0,2163","-0,0586","0,9517","-0,353","0,5348","-0,3662","-127,9805","9,3607","62,3855","-4,46","-12,83","-175,05",1,,,,
94599,143807,"-21,9416008","-48,95267487","509,1",1,7,"462,88","958,87","31,34","2,2515","-4,2475","0,3898","0,034","0,0006","0,1785","1,7054","0,0571","7,4105","0,2212","-0,0449","0,9414","1,7201","-0,9287","0,6095","-129,532","7,2112","61,9335","-4,44","-12,81","-175,07",1,,,,
94752,143807,"-21,9416008","-48,95267487","509,1",1,7,"462,34","958,94","31,35","2,2517","-4,2454","0,4969","0,0346","0,0006","0,3024","1,733","0,0571","7,3925","0,2188","-0,0522","0,9448","-1,6945","0,9616","1,768","-129,3661","9,3004","61,9126","-4,33","-12,83","-175,12",1,,,,
94799,143807,"-21,9416008","-48,95267487","509,1",1,7,"462,34","958,94","31,35","2,2518","-4,2432","0,5865","0,0343","0,0006","0,2769","1,7167","0,0571","7,4056","0,2163","-0,0596","0,9517","-1,9994","1,0226","-1,0979","-128,6677","9,5112","62,0319","-4,25","-12,84","-175,12",1,,,,
94899,143807,"-21,9416008","-48,95267487","509,1",1,7,"462,34","958,94","31,35","2,2519","-4,2411","0,6613","0,0347","0,0006","0,2562","1,7361","0,0571","7,4486","0,2285","-0,0605","0,9609","-2,5482","0,4128","0,5485","-128,8204","9,3484","62,4068","-4,24","-12,8","-175,16",1,,,,
94999,143807,"-21,9416008","-48,95267487","509,1",1,7,"462,34","958,94","31,35","2,252","-4,2391","0,7238","0,0345","0,0006","0,2381","1,7301","0,0571","7,4447","0,228","-0,0303","0,9531","-0,9018","0,9006","-0,671","-128,6871","8,3873","62,2263","-4,32","-12,81","-175,22",1,,,,
95099,143807,"-21,9416008","-48,95267487","509,1",1,7,"462,34","958,94","31,35","2,2522","-4,237","0,776","0,0343","0,0006","0,2233","1,717","0,0571","7,4531","0,2085","-0,0391","0,958","-2,4872","-1,2335","2,1948","-128,4142","8,4113","62,4734","-4,4","-12,81","-175,16",1,,,,
95252,143808,"-21,9416008","-48,95267487","509,1",1,7,"463,3","958,83","31,35","2,2523","-4,235","0,6623","0,0331","0,0006","-0,0199","1,6605","0,0571","7,4254","0,2134","-0,0923","0,9414","-1,1457","-1,2335","0,7314","-128,6759","8,7486","61,992","-4,55","-12,81","-174,97",1,,,,
95299,143808,"-21,9416008","-48,95267487","509,1",1,7,"463,3","958,83","31,35","2,2524","-4,233","0,5673","0,0331","0,0005","0,0074","1,6573","0,0571","7,4258","0,2134","-0,0479","0,9507","0,6226","-1,0506","0,4265","-128,2687","8,594","62,3527","-4,7","-12,83","-174,81",1,,,,
95399,143808,"-21,9416008","-48,95267487","509,1",1,7,"463,3","958,83","31,35","2,2525","-4,231","0,488","0,0343","0,0005","0,0297","1,7202","0,0571","7,3992","0,2241","-0,0449","0,9438","-1,8774","0,2909","4,8168","-129,2541","8,3991","62,4947","-4,77","-12,87","-174,67",1,,,,
95499,143808,"-21,9416008","-48,95267487","509,1",1,7,"463,3","958,83","31,35","2,2526","-4,2291","0,4217","0,0346","0,0005","0,0495","1,7331","0,0571","7,4303","0,2231","-0,0771","0,9609","0,6226","1,5104","1,9509","-129,1035","6,9967","61,5315","-4,83","-12,91","-174,46",1,,,,
95599,143808,"-21,9416008","-48,95267487","509,1",1,7,"463,3","958,83","31,35","2,2527","-4,2272","0,3663","0,0344","0,0005","0,0651","1,7245","0,0571","7,4119","0,2222","-0,0659","0,9546","-1,2067","-0,9287","-1,8905","-129,1167","7,8192","62,3341","-4,89","-12,91","-174,27",1,,,,
95880,143808,"-21,9416008","-48,95267487","509,1",1,7,"463,15","958,84","31,35","2,2528","-4,2253","0,3452","0,0343","0,0005","0,1151","1,7163","0,0571","7,4022","0,2139","-0,0684","0,9409","1,0494","-0,3799","1,2192","-128,2585","8,1728","61,8243","-5,01",-13,"-174,26",1,,,,
95926,143808,"-21,9416008","-48,95267487","509,1",1,7,"463,15","958,84","31,35","2,2529","-4,2234","0,3276","0,0344","0,0005","0,1195","1,7222","0,0571","7,3708","0,2222","-0,085","0,9375","-2,6091","-0,5018","1,646","-128,3959","8,7527","61,9849","-5,01","-13,01","-174,24",1,,,,
96026,143808,"-21,9416008","-48,95267487","509,1",1,7,"463,15","958,84","31,35","2,2531","-4,2215","0,3129","0,035","0,0005","0,124","1,7537","0,0571","7,3864","0,2227","-0,0518","0,9463","-0,353","3,1567","-2,2564","-129,1126","8,2005","62,3541","-4,98","-13,06","-174,22",1,,,,
96126,143808,"-21,9416008","-48,95267487","509,1",1,7,"463,15","958,84","31,35","2,2532","-4,2197","0,3006","0,0347","0,0005","0,1281","1,7373","0,0571","7,4133","0,2241","-0,0898","0,9556","-4,0116","-1,1726","4,5119","-128,8225","7,7834","61,8185","-4,89","-13,06","-174,31",1,,,,
96226,143809,"-21,9416008","-48,95267487","509,1",1,7,"463,15","958,84","31,35","2,2533","-4,2179","0,2904","0,0347","0,0005","0,1305","1,7372","0,0571","7,3858","0,2183","-0,0815","0,938","-2,2433","-0,2579","-0,0003","-129,3671","8,5178","61,6185","-4,94","-13,04","-174,3",1,,,,
96379,143809,"-21,9416008","-48,95267487","509,1",1,7,"462,88","958,87","31,37","2,2534","-4,2161","0,3257","0,0355","0,0005","0,1971","1,7769","0,0571","7,381","0,2314","-0,0562","0,9478","0,4396","1,2665","-1,0369","-129,0861","9,3044","61,9055","-5,04","-13,03","-174,28",1,,,,
96426,143809,"-21,9416008","-48,95267487","509,1",1,7,"462,88","958,87","31,37","2,2535","-4,2144","0,3552","0,0371","0,0005","0,1884","1,858","0,0571","7,3703","0,2539","-0,0601","0,9424","0,7445","1,0835","-1,8905","-129,1055","8,1805","62,0998","-5,08","-13,03","-174,32",1,,,,
96526,143809,"-21,9416008","-48,95267487","509,1",1,7,"462,88","958,87","31,37","2,2537","-4,2126","0,3798","0,0363","0,0005","0,1827","1,8186","0,0571","7,4393","0,2241","-0,0537","0,9609","0,1348","-0,8677","7,1338","-128,5557","8,6099","62,614","-5,08",-13,"-174,33",1,,,,
96626,143809,"-21,9416008","-48,95267487","509,1",1,7,"462,88","958,87","31,37","2,2538","-4,2109","0,4004","0,0351","0,0005","0,1762","1,757","0,0571","7,4112","0,2207","-0,0576","0,9443","-2,7921","1,6933","-0,4271","-129,1044","8,9631","62,394","-5,1","-13,02","-174,18",1,,,,
96726,143809,"-21,9416008","-48,95267487","509,1",1,7,"462,88","958,87","31,37","2,2539","-4,2092","0,4176","0,0351","0,0005","0,1712","1,76","0,0571","7,4116","0,2344","-0,0659","0,9478","-0,8409","-1,1116","-4,2076","-128,6942","8,4072","62,4805","-5,07","-13,04","-174,16",1,,,,
96879,143809,"-21,9416008","-48,95267487","509,1",1,7,"463,68","958,78","31,37","2,254","-4,2076","0,2999","0,0362","0,0005","-0,026","1,8118","0,0571","7,4199","0,2378","-0,0449","0,9536","-0,7189","1,4494","0,3046","-128,2473","8,5341","61,59","-4,98","-13,1","-174,38",1,,,,
96926,143809,"-21,9416008","-48,95267487","509,1",1,7,"463,68","958,78","31,37","2,2541","-4,2059","0,2015","0,0344","0,0005","0,0023","1,7229","0,0571","7,4191","0,1997","-0,1646","0,9497","-1,6945","-1,1726","0,1216","-127,9562","8,8996","61,3487","-4,89","-13,18","-174,63",1,,,,
97026,143809,"-21,9416008","-48,95267487","509,1",1,7,"463,68","958,78","31,37","2,2542","-4,2043","0,1194","0,0342","0,0004","0,0258","1,7124","0,0571","7,4065","0,2153","-0,043","0,9502","-0,1701","0,047","2,1948","-128,5587","9,0112","62,8882","-4,91","-13,24","-174,73",1,,,,
97126,143809,"-21,9416008","-48,95267487","509,1",1,7,"463,68","958,78","31,37","2,2543","-4,2027","0,0507","0,0344","0,0004","0,0458","1,7237","0,0571","7,4171","0,2271","-0,0562","0,9556","-1,9384","1,8152","-0,3052","-127,9867","7,4143","61,7773","-4,93","-13,26","-174,66",1,,,,
97226,143810,"-21,9416008","-48,95267487","509,1",1,7,"463,68","958,78","31,37","2,2544","-4,2011","-0,0067","0,0349","0,0004","0,0611","1,7495","0,0571","7,3598","0,2295","-0,0859","0,936","-1,9994","0,047","2,4387","-128,6942","8,4072","62,4805","-4,95","-13,16","-174,61",1,,,,
97379,143810,"-21,9416008","-48,95267487","509,1",1,7,"463,68","958,78","31,38","2,2545","-4,1995","-0,055","0,0344","0,0004","0,0769","1,7224","0,0571","7,4904","0,2119","-0,0347","0,979","0,5616","0,5348","-3,171","-128,2921","7,0888","62,5271","-5,04","-13,04","-174,55",1,,,,
97426,143810,"-21,9416008","-48,95267487","509,1",1,7,"463,68","958,78","31,38","2,2546","-4,198","-0,0954","0,035","0,0004","0,0877","1,7538","0,0571","7,4498","0,2314","-0,0405","0,9434","-1,5116","-0,8067","-1,4637","-128,5354","7,7675","61,5572","-5,08","-12,96","-174,59",1,,,,
97526,143810,"-21,9416008","-48,95267487","509,1",1,7,"463,68","958,78","31,38","2,2547","-4,1964","-0,1291","0,0352","0,0004","0,0969","1,7648","0,0571","7,4215","0,2222","-0,0479","0,9536","-0,7189","-0,3799","2,8655","-129,4027","8,6176","62,8896","-5,04","-12,92","-174,75",1,,,,
97626,143810,"-21,9416008","-48,95267487","509,1",1,7,"463,68","958,78","31,38","2,2547","-4,1949","-0,1574","0,034","0,0004","0,1021","1,7023","0,0571","7,2779","0,2012","-0,1221","0,8989","0,0128","2,8518","1,829","-129,3783","8,1565","61,8527","-5,06","-12,87","-174,74",1,,,,
97726,143810,"-21,9416008","-48,95267487","509,1",1,7,"463,68","958,78","31,38","2,2548","-4,1934","-0,1809","0,0352","0,0004","0,1105","1,7626","0,0571","7,3543","0,2402","-0,0537","0,958","1,4762","0,7177","1,4631","-128,5353","10,5164","62,7138","-5,18","-12,74","-174,53",1,,,,
98057,143810,"-21,9416008","-48,95267487","509,1",1,7,"463,79","958,77","31,39","2,2549","-4,192","-0,2176","0,0373","0,0004","0,0913","1,8698","0,0571","7,3529","0,2407","-0,0732","0,9375","-2,1213","-0,075","6,5851","-129,1106","7,0167","61,7857","-5,11","-12,66","-174,79",1,,,,
98103,143810,"-21,9416008","-48,95267487","509,1",1,7,"463,79","958,77","31,39","2,255","-4,1905","-0,2482","0,0355","0,0004","0,1006","1,7779","0,0571","7,375","0,2046","-0,0312","0,9507","-2,2433","-1,6604","-3,354","-128,6819","9,5511","62,5404","-5,11","-12,67","-174,85",1,,,,
98203,143811,"-21,9416008","-48,95267487","509,1",1,7,"463,79","958,77","31,39","2,2551","-4,1891","-0,2738","0,0356","0,0004","0,108","1,7823","0,0571","7,38","0,2275","-0,0469","0,9492","-1,8774","1,0835","-10,732","-128,8103","8,9272","61,8784","-5,14","-12,73","-174,99",1,,,,
98303,143811,"-21,9416008","-48,95267487","509,1",1,7,"463,79","958,77","31,39","2,2552","-4,1877","-0,2951","0,0347","0,0004","0,1147","1,7362","0,0571","7,4046","0,2139","-0,042","0,9492","-0,353","-2,3311","-0,3662","-128,6963","6,8421","61,8922","-5,05","-12,74","-175,46",1,,,,
98403,143811,"-21,9416008","-48,95267487","509,1",1,7,"463,79","958,77","31,39","2,2553","-4,1863","-0,313","0,0354","0,0004","0,1194","1,7737","0,0571","7,3849","0,2295","-0,0562","0,9463","-1,6945","1,2055","4,3899","-128,5445","8,9712","62,3798","-4,94","-12,78","-175,83",1,,,,
98556,143811,"-21,9416008","-48,95267487","509,1",1,7,"463,86","958,76","31,41","2,2554","-4,1849","-0,3392","0,0349","0,0004","0,107","1,7471","0,0571","7,3748","0,2173","-0,0513","0,9458","-0,9628","-2,2701","-0,0613","-128,964","7,9819","61,9592","-4,92","-12,81","-175,75",1,,,,
98603,143811,"-21,9416008","-48,95267487","509,1",1,7,"463,86","958,76","31,41","2,2555","-4,1835","-0,3611","0,0355","0,0004","0,1134","1,7782","0,0571","7,3774","0,2339","-0,0352","0,9463","-0,353","0,9616","-2,4393","-129,1055","8,1805","62,0998","-4,88","-12,86","-175,58",1,,,,
98703,143811,"-21,9416008","-48,95267487","509,1",1,7,"463,86","958,76","31,41","2,2556","-4,1822","-0,3794","0,0347","0,0004","0,119","1,7405","0,0571","7,3953","0,2153","-0,0532","0,9561","-1,1457","-0,6238","4,4509","-129,2429","8,7604","62,2605","-4,85","-12,88","-175,47",1,,,,
98803,143811,"-21,9416008","-48,95267487","509,1",1,7,"463,86","958,76","31,41","2,2557","-4,1809","-0,3946","0,0352","0,0004","0,1243","1,764","0,0571","7,4391","0,2275","-0,0552","0,9639","-1,1457","0,7177","5,3046","-129,2429","8,7604","62,2605","-4,88","-12,9","-175,2",1,,,,
98903,143811,"-21,9416008","-48,95267487","509,1",1,7,"463,86","958,76","31,41","2,2557","-4,1796","-0,4074","0,0348","0,0004","0,1268","1,7429","0,0571","7,3832","0,2305","-0,0547","0,9355","0,7445","0,047","-2,9881","-128,5374","8,9513","62,1255","-4,93","-12,92","-174,85",1,,,,
99056,143811,"-21,9416008","-48,95267487","509,1",1,7,"463,68","958,78","31,41","2,2558","-4,1783","-0,3894","0,035","0,0004","0,1717","1,7518","0,0571","7,3757","0,2261","-0,0513","0,9443","-0,353","1,1445","3,5363","-128,5385","8,1687","61,8314","-4,88","-12,99","-174,81",1,,,,
99103,143811,"-21,9416008","-48,95267487","509,1",1,7,"463,68","958,78","31,41","2,2559","-4,177","-0,3744","0,034","0,0004","0,1651","1,7054","0,0571","7,2631","0,208","-0,0249","0,9072","-0,2311","2,7299","-6,8905","-128,1332","9,1979","62,7604","-4,78","-13,04","-174,87",1,,,,
99203,143811,"-21,9416008","-48,95267487","509,1",1,7,"463,68","958,78","31,41","2,256","-4,1757","-0,3618","0,0348","0,0003","0,1642","1,7421","0,0571","7,3979","0,229","-0,0234","0,9541","-0,8409","0,3518","2,4387","-128,6505","9,07","61,2493","-4,64","-12,99","-175,01",1,,,,
99303,143811,"-21,9416008","-48,95267487","509,1",1,7,"463,68","958,78","31,41","2,256","-4,1745","-0,3513","0,0353","0,0003","0,162","1,7711","0,0571","7,4383","0,2324","-0,063","0,9673","-2,2433","0,047","2,9875","-128,6972","8,8085","62,7547","-4,57","-12,91","-175,01",1,,,,
99403,143811,"-21,9416008","-48,95267487","509,1",1,7,"463,68","958,78","31,41","2,2561","-4,1732","-0,3425","0,035","0,0003","0,159","1,7539","0,0571","7,4164","0,231","-0,0532","0,9473","1,7811","0,047","-0,4271","-128,118","9,9406","62,5461","-4,64","-12,86","-174,87",1,,,,
99556,143811,"-21,9416008","-48,95267487","509,1",1,7,"463,79","958,77","31,41","2,2562","-4,172","-0,3525","0,035","0,0003","0,1304","1,7548","0,0571","7,3648","0,2222","-0,0596","0,9375","1,1713","-0,7457","2,2558","-127,5591","9,1662","62,2378","-4,67","-12,86","-174,85",1,,,,
99603,143811,"-21,9416008","-48,95267487","509,1",1,7,"463,79","958,77","31,41","2,2563","-4,1708","-0,3609","0,035","0,0003","0,1328","1,7548","0,0571","7,3633","0,2241","-0,0459","0,9438","-0,1091","-0,5628","0,5485","-127,9715","8,1569","61,563","-4,63","-12,94","-174,91",1,,,,
99703,143811,"-21,9416008","-48,95267487","509,1",1,7,"463,79","958,77","31,41","2,2563","-4,1696","-0,368","0,0344","0,0003","0,1342","1,7252","0,0571","7,3297","0,2314","-0,0669","0,9443","0,6226","0,9616","0,7314","-128,5699","8,6498","63,1225","-4,56","-13,02","-174,88",1,,,,
99803,143811,"-21,9416008","-48,95267487","509,1",1,7,"463,79","958,77","31,41","2,2564","-4,1685","-0,3738","0,0338","0,0003","0,1367","1,6923","0,0571","7,3735","0,2197","-0,0664","0,9453","0,0738","0,3518","-1,0369","-128,397","7,9701","61,6908","-4,49","-13,07","-174,75",1,,,,
99903,143811,"-21,9416008","-48,95267487","509,1",1,7,"463,79","958,77","31,41","2,2565","-4,1673","-0,3787","0,0337","0,0003","0,1383","1,6907","0,0571","7,3817","0,2134","-0,0259","0,9497","-0,6579","-1,9043","0,1826","-128,2758","8,614","62,6069","-4,43","-13,11","-174,67",1,,,,
100192,143813,"-21,9416008","-48,95267487","509,1",1,7,"463,3","958,83","31,42","2,2565","-4,1662","-0,3024","0,0353","0,0003","0,2578","1,7703","0,0571","7,4175","0,2241","-0,0669","0,9526","-1,6335","-0,6238","-0,3662","-129,1065","7,398","61,8057","-4,38","-13,25","-174,75",1,,,,
100238,143813,"-21,9416008","-48,95267487","509,1",1,7,"463,3","958,83","31,42","2,2566","-4,165","-0,2387","0,0354","0,0003","0,2398","1,7743","0,0571","7,4375","0,2271","-0,0513","0,9565","-1,3896","-1,1726","-0,854","-129,2683","8,439","63,0032","-4,38","-13,26","-174,75",1,,,,
100338,143813,"-21,9416008","-48,95267487","509,1",1,7,"463,3","958,83","31,42","2,2567","-4,1639","-0,1854","0,0346","0,0003","0,2241","1,734","0,0571","7,4167","0,2056","-0,041","0,9458","-0,536","-3,4896","4,0851","-128,291","7,8714","62,8212","-4,43","-13,35","-174,8",1,,,,
100438,143813,"-21,9416008","-48,95267487","509,1",1,7,"463,3","958,83","31,42","2,2567","-4,1628","-0,1409","0,0346","0,0003","0,2114","1,7323","0,0571","7,4228","0,2236","-0,0708","0,9609","-0,9628","1,1445","1,4631","-127,9745","8,5582","61,8371","-4,49","-13,51","-174,78",1,,,,
100538,143813,"-21,9416008","-48,95267487","509,1",1,7,"463,3","958,83","31,42","2,2568","-4,1618","-0,1037","0,034","0,0003","0,1998","1,7035","0,0571","7,3783","0,2148","-0,0737","0,939","-0,2311","-1,1726","0,3046","-128,5425","7,7874","61,8114","-4,54","-13,58","-174,7",1,,,,
100691,143813,"-21,9416008","-48,95267487","509,1",1,7,"463,99","958,75","31,41","2,2569","-4,1607","-0,1861","0,0345","0,0003","0,0247","1,7276","0,0571","7,3685","0,2183","-0,0586","0,9424","0,2567","1,1445","1,4631","-128,2484","7,7516","61,2959","-4,57","-13,56","-174,64",1,,,,
100738,143813,"-21,9416008","-48,95267487","509,1",1,7,"463,99","958,75","31,41","2,2569","-4,1596","-0,2549","0,0344","0,0003","0,0453","1,7229","0,0571","7,4033","0,2197","-0,0571","0,9565","-1,5116","0,4738","1,707","-128,9731","9,1857","62,7817","-4,6","-13,5","-174,59",1,,,,
100838,143813,"-21,9416008","-48,95267487","509,1",1,7,"463,99","958,75","31,41","2,257","-4,1586","-0,3124","0,035","0,0003","0,0624","1,752","0,0571","7,4345","0,2271","-0,0806","0,9463","-1,4506","0,1689","1,2802","-128,5202","8,5101","61,3429","-4,63","-13,42","-174,53",1,,,,
100938,143813,"-21,9416008","-48,95267487","509,1",1,7,"463,99","958,75","31,41","2,257","-4,1576","-0,3604","0,0347","0,0003","0,0752","1,7389","0,0571","7,3827","0,2144","-0,0488","0,9375","-0,597","0,8396","-4,2686","-128,4071","8,3914","62,2192","-4,68","-13,37","-174,51",1,,,,
101038,143813,"-21,9416008","-48,95267487","509,1",1,7,"463,99","958,75","31,41","2,2571","-4,1565","-0,4005","0,0345","0,0003","0,0867","1,7274","0,0571","7,3759","0,2144","-0,0601","0,9448","-1,3896","-0,197","1,768","-127,9816","8,5781","62,0914","-4,67","-13,35","-174,57",1,,,,
101192,143814,"-21,9416008","-48,95267487","509,1",1,7,"463,68","958,78","31,41","2,2571","-4,1555","-0,3837","0,0335","0,0003","0,1697","1,681","0,0571","7,36","0,2217","-0,0498","0,9409","0,3177","1,5713","1,0363","-127,9928","8,2168","62,3256","-4,68","-13,31","-174,55",1,,,,
101238,143814,"-21,9416008","-48,95267487","509,1",1,7,"463,68","958,78","31,41","2,2572","-4,1545","-0,3696","0,034","0,0003","0,1657","1,7018","0,0571","7,3614","0,2236","-0,0508","0,9443","-1,4506","-0,9287","-1,0369","-128,8266","7,4021","61,7986","-4,7","-13,23","-174,45",1,,,,
101338,143814,"-21,9416008","-48,95267487","509,1",1,7,"463,68","958,78","31,41","2,2573","-4,1536","-0,3578","0,0352","0,0003","0,1631","1,7647","0,0571","7,4","0,2271","-0,0698","0,9453","-0,536","-0,2579","-0,5491","-128,97","8,7844","62,5076","-4,7","-13,16","-174,43",1,,,,
101438,143814,"-21,9416008","-48,95267487","509,1",1,7,"463,68","958,78","31,41","2,2573","-4,1526","-0,3479","0,0358","0,0003","0,16","1,7937","0,0571","7,3887","0,2363","-0,0605","0,9429","-1,0848","-0,5628","2,0119","-128,2646","8,9753","62,3727","-4,7","-13,15","-174,46",1,,,,
101538,143814,"-21,9416008","-48,95267487","509,1",1,7,"463,68","958,78","31,41","2,2574","-4,1516","-0,3397","0,0356","0,0003","0,1578","1,7846","0,0571","7,3988","0,2271","-0,0576","0,9458","-1,8165","2,2421","-0,4271","-128,9629","8,7645","62,2533","-4,74","-13,17","-174,39",1,,,,
101691,143814,"-21,9416008","-48,95267487","509,1",1,7,"464,19","958,72","31,41","2,2575","-4,1507","-0,4171","0,0356","0,0003","0,032","1,7845","0,0571","7,3702","0,2319","-0,0527","0,9409","0,6226","-1,3555","1,2802","-128,684","7,986","61,9521","-4,78","-13,12","-174,34",1,,,,
101738,143814,"-21,9416008","-48,95267487","509,1",1,7,"464,19","958,72","31,41","2,2575","-4,1498","-0,4818","0,0359","0,0003","0,0511","1,7987","0,0571","7,3929","0,2319","-0,0527","0,9526","0,5616","-0,5628","2,6216","-129,2459","9,1617","62,5346","-4,77","-13,08","-174,32",1,,,,
101838,143814,"-21,9416008","-48,95267487","509,1",1,7,"464,19","958,72","31,41","2,2576","-4,1488","-0,5359","0,0342","0,0003","0,0673","1,7161","0,0571","7,4241","0,2036","-0,0693","0,9585","-2,6701","-0,6848","0,7924","-128,2504","8,9354","61,8642","-4,74","-13,09","-174,23",1,,,,
101938,143814,"-21,9416008","-48,95267487","509,1",1,7,"464,19","958,72","31,41","2,2576","-4,1479","-0,581","0,0342","0,0002","0,0805","1,7142","0,0571","7,4367","0,2144","-0,0493","0,9531","-0,7799","1,5104","0,4875","-128,2768","7,8314","62,3128","-4,75","-13,15","-174,14",1,,,,
102038,143814,"-21,9416008","-48,95267487","509,1",1,7,"464,19","958,72","31,41","2,2577","-4,147","-0,6187","0,0349","0,0002","0,0903","1,7496","0,0571","7,3845","0,2314","-0,0586","0,9429","0,5006","-0,197","0,2436","-128,6423","9,8326","61,2892","-4,78","-13,14","-174,14",1,,,,
102318,143814,"-21,9416008","-48,95267487","509,1",1,7,"463,15","958,84","31,42","2,2577","-4,1462","-0,4777","0,0356","0,0002","0,3515","1,7822","0,0571","7,3711","0,2227","-0,0586","0,9414","0,2567","-0,136","0,5485","-128,8072","8,526","61,6042","-4,86","-13,19","-174,24",1,,,,
102365,143814,"-21,9416008","-48,95267487","509,1",1,7,"463,15","958,84","31,42","2,2578","-4,1453","-0,3599","0,0352","0,0002","0,3181","1,7654","0,0571","7,3964","0,2212","-0,0488","0,9536","0,8665","0,2909","-3,4149","-128,7155","8,4671","63,2432","-4,87","-13,2","-174,23",1,,,,
102465,143814,"-21,9416008","-48,95267487","509,1",1,7,"463,15","958,84","31,42","2,2579","-4,1444","-0,2615","0,0359","0,0002","0,2897","1,7975","0,0571","7,3948","0,2402","-0,0444","0,9473","-2,1823","-1,7213","-0,6101","-128,9528","8,3433","61,7249","-4,83","-13,23","-174,3",1,,,,
102565,143814,"-21,9416008","-48,95267487","509,1",1,7,"463,15","958,84","31,42","2,2579","-4,1436","-0,1793","0,0353","0,0002","0,2664","1,771","0,0571","7,4173","0,2266","-0,0483","0,9531","0,1348","-2,636","2,8655","-128,9782","8,0219","62,4676","-4,85","-13,33","-174,34",1,,,,
102665,143814,"-21,9416008","-48,95267487","509,1",1,7,"463,15","958,84","31,42","2,258","-4,1427","-0,1106","0,0354","0,0002","0,2465","1,7765","0,0571","7,4116","0,2271","-0,0532","0,9502","-0,8409","-0,5628","-0,1223","-129,9615","9,392","63,1979","-4,89","-13,46","-174,24",1,,,,
102818,143814,"-21,9416008","-48,95267487","509,1",1,7,"463,85","958,76","31,42","2,258","-4,1419","-0,1697","0,0352","0,0002","0,06","1,764","0,0571","7,4273","0,228","-0,0645","0,9551","-0,7799","0,2299","0,8534","-129,3986","8,9989","62,9095","-4,89","-13,51","-174,17",1,,,,
102865,143814,"-21,9416008","-48,95267487","509,1",1,7,"463,85","958,76","31,42","2,2581","-4,1411","-0,219","0,0344","0,0002","0,0739","1,7254","0,0571","7,4142","0,2119","-0,0405","0,9463","0,3787","1,7543","0,4265","-128,9843","8,8244","63,016","-4,88","-13,49","-174,16",1,,,,
102965,143814,"-21,9416008","-48,95267487","509,1",1,7,"463,85","958,76","31,42","2,2581","-4,1403","-0,2602","0,0348","0,0002","0,0851","1,7444","0,0571","7,3782","0,2285","-0,0513","0,9448","-0,9628","-0,2579","-0,854","-129,1186","9,003","62,9024","-4,88","-13,43","-174,15",1,,,,
103065,143814,"-21,9416008","-48,95267487","509,1",1,7,"463,85","958,76","31,42","2,2582","-4,1395","-0,2947","0,0345","0,0002","0,0957","1,73","0,0571","7,4128","0,2119","-0,062","0,9492","-1,2677","1,2055","0,6095","-129,3742","8,5378","61,8727","-4,92","-13,45","-174,16",1,,,,
103165,143814,"-21,9416008","-48,95267487","509,1",1,7,"463,85","958,76","31,42","2,2582","-4,1387","-0,3235","0,0354","0,0002","0,1042","1,775","0,0571","7,4244","0,2344","-0,0464","0,9512","-0,414","0,1079","-1,0369","-128,8122","10,111","62,4468","-4,98","-13,48","-174,17",1,,,,
103318,143816,"-21,9416008","-48,95267487","509,1",1,7,"463,52","958,8","31,43","2,2583","-4,1379","-0,2919","0,0355","0,0002","0,1926","1,7795","0,0571","7,4296","0,2373","-0,0718","0,9507","1,5372","1,8762","-0,1223","-128,2708","7,0289","61,7644","-5,01","-13,5","-174,16",1,,,,
103365,143816,"-21,9416008","-48,95267487","509,1",1,7,"463,52","958,8","31,43","2,2583","-4,1371","-0,2655","0,0355","0,0002","0,1845","1,7793","0,0571","7,4058","0,2266","-0,0649","0,9429","-0,2921","-0,075","-0,0003","-128,8449","7,0607","62,2871","-4,98","-13,48","-174,13",1,,,,
103465,143816,"-21,9416008","-48,95267487","509,1",1,7,"463,52","958,8","31,43","2,2584","-4,1364","-0,2435","0,0351","0,0002","0,178","1,7588","0,0571","7,3962","0,2217","-0,0532","0,9482","0,6226","2,1201","1,2802","-129,2287","8,7205","61,752","-4,92","-13,38","-174,07",1,,,,
103565,143816,"-21,9416008","-48,95267487","509,1",1,7,"463,52","958,8","31,43","2,2584","-4,1356","-0,225","0,0349","0,0002","0,1724","1,7477","0,0571","7,3831","0,2251","-0,0537","0,9443","-0,353","1,2665","-0,2442","-129,1268","8,2404","62,8625","-4,88","-13,22","-174,03",1,,,,
103665,143816,"-21,9416008","-48,95267487","509,1",1,7,"463,52","958,8","31,43","2,2585","-4,1349","-0,2097","0,035","0,0002","0,1681","1,7566","0,0571","7,388","0,23","-0,042","0,9458","-2,975","-2,453","0,6704","-128,4325","8,07","62,9619","-4,85","-13,12",-174,1,,,,
103818,143816,"-21,9416008","-48,95267487","509,1",1,7,"463,38","958,82","31,44","2,2585","-4,1342","-0,1747","0,0353","0,0002","0,1967","1,7698","0,0571","7,3808","0,2354","-0,0542","0,9429","-1,4506","1,5713","0,6095","-128,4284","8,4512","62,9818","-4,9","-13,14","-173,96",1,,,,
103865,143816,"-21,9416008","-48,95267487","509,1",1,7,"463,38","958,82","31,44","2,2586","-4,1334","-0,1454","0,0352","0,0002","0,188","1,7653","0,0571","7,3701","0,2241","-0,0605","0,9424","-0,536","1,8152","-0,732","-129,9667","8,2282","62,8838","-4,98","-13,12","-173,96",1,,,,
103965,143816,"-21,9416008","-48,95267487","509,1",1,7,"463,38","958,82","31,44","2,2586","-4,1327","-0,121","0,0345","0,0002","0,1802","1,7314","0,0571","7,3325","0,2314","-0,0513","0,9312","-1,2067","-0,5018","2,0729","-129,1014","8,5618","62,1198","-5,02","-13,05",-174,1,,,,
104065,143816,"-21,9416008","-48,95267487","509,1",1,7,"463,38","958,82","31,44","2,2587","-4,132","-0,1005","0,0343","0,0002","0,1755","1,7203","0,0571","7,3899","0,2173","-0,0679","0,9487","-1,3896","-0,6238","2,4997","-128,8204","9,3484","62,4068","-5,02","-13,02","-173,99",1,,,,
104165,143816,"-21,9416008","-48,95267487","509,1",1,7,"463,38","958,82","31,44","2,2587","-4,1313","-0,0835","0,0349","0,0002","0,1707","1,7515","0,0571","7,3931","0,228","-0,0605","0,9512","-1,4506","-0,8067","-0,4271","-129,0851","10,087","62,1996","-5,07",-13,"-173,94",1,,,,
104441,143817,"-21,9416008","-48,95267487","509,1",1,7,"463,68","958,78","31,44","2,2587","-4,1307","-0,1188","0,0353","0,0002","0,0947","1,7679","0,0571","7,4251","0,2236","-0,0801","0,9526","-3,5848","-0,5018","0,4265","-128,1496","7,6728","62,6806","-5,21","-13,03","-174,18",1,,,,
104488,143817,"-21,9416008","-48,95267487","509,1",1,7,"463,68","958,78","31,44","2,2588","-4,13","-0,1482","0,0354","0,0002","0,1029","1,7727","0,0571","7,4084","0,2271","-0,0562","0,9448","1,6591","-1,4774","0,8534","-129,4027","8,6176","62,8896","-5,24","-13,03","-174,22",1,,,,
104588,143817,"-21,9416008","-48,95267487","509,1",1,7,"463,68","958,78","31,44","2,2588","-4,1293","-0,1729","0,0351","0,0002","0,1106","1,7576","0,0571","7,4369","0,2241","-0,0571","0,9541","0,1348","0,4738","1,2802","-128,6617","8,7087","61,4836","-5,27","-13,09","-174,2",1,,,,
104688,143817,"-21,9416008","-48,95267487","509,1",1,7,"463,68","958,78","31,44","2,2589","-4,1286","-0,1934","0,0355","0,0002","0,1157","1,7795","0,0571","7,3961","0,231","-0,0581","0,9434","0,4396","0,4128","1,9509","-128,967","8,3832","62,2334","-5,21","-13,12","-174,08",1,,,,
104788,143817,"-21,9416008","-48,95267487","509,1",1,7,"463,68","958,78","31,44","2,2589","-4,128","-0,2106","0,0343","0,0002","0,1213","1,719","0,0571","7,4314","0,2085","-0,0649","0,9536","-0,2921","-1,2335","0,9143","-128,8286","8,5859","62,3669","-5,14","-13,11","-173,96",1,,,,
104941,143817,"-21,9416008","-48,95267487","509,1",1,7,"463,79","958,77","31,46","2,259","-4,1274","-0,2419","0,0358","0,0002","0,1003","1,7932","0,0571","7,4122","0,2349","-0,0522","0,9419","1,7811","0,9006","0,0607","-128,2758","8,614","62,6069","-5,09","-13,12","-173,86",1,,,,
104988,143817,"-21,9416008","-48,95267487","509,1",1,7,"463,79","958,77","31,46","2,259","-4,1267","-0,2681","0,0352","0,0002","0,108","1,763","0,0571","7,4195","0,2178","-0,0552","0,9517","1,7201","0,2299","-2,5613","-129,3742","8,5378","61,8727","-5,02","-13,13","-173,83",1,,,,
105088,143817,"-21,9416008","-48,95267487","509,1",1,7,"463,79","958,77","31,46","2,259","-4,1261","-0,2899","0,0349","0,0002","0,1134","1,7511","0,0571","7,3781","0,2231","-0,0508","0,9395","-1,6945","0,8396","0,9143","-129,9626","8,6095","62,9038","-4,91","-13,13","-173,88",1,,,,
105188,143817,"-21,9416008","-48,95267487","509,1",1,7,"463,79","958,77","31,46","2,2591","-4,1255","-0,3082","0,0346","0,0002","0,1194","1,7347","0,0571","7,4134","0,2192","-0,0693","0,9512","0,4396","1,8762","0,7314","-127,9846","8,9794","62,3655","-4,93","-13,11","-173,92",1,,,,
105288,143817,"-21,9416008","-48,95267487","509,1",1,7,"463,79","958,77","31,46","2,2591","-4,1249","-0,3235","0,0349","0,0002","0,1236","1,7517","0,0571","7,4018","0,2168","-0,0552","0,9458","-0,9018","-0,5018","-2,6223","-128,4183","8,03","62,4534","-4,97","-13,01","-173,93",1,,,,
105441,143817,"-21,9416008","-48,95267487","509,1",1,7,"463,79","958,77","31,46","2,2591","-4,1243","-0,3366","0,0348","0,0002","0,1268","1,7446","0,0571","7,4107","0,2222","-0,0649","0,9531","-0,9628","-1,1116","1,2802","-128,9487","8,7246","61,7449","-4,97","-12,94","-174,02",1,,,,
105488,143817,"-21,9416008","-48,95267487","509,1",1,7,"463,79","958,77","31,46","2,2592","-4,1237","-0,3476","0,0348","0,0002","0,1305","1,742","0,0571","7,4385","0,2222","-0,0669","0,9585","0,9274","0,1079","-0,1832","-128,6901","8,7885","62,5005","-4,95","-12,9","-174,09",1,,,,
105588,143817,"-21,9416008","-48,95267487","509,1",1,7,"463,79","958,77","31,46","2,2592","-4,1231","-0,3568","0,0351","0,0002","0,1333","1,7603","0,0571","7,4452","0,2305","-0,0552","0,9502","-0,0482","1,9372","-1,5857","-129,1115","8,983","62,6482","-4,91","-12,87","-174,16",1,,,,
105688,143817,"-21,9416008","-48,95267487","509,1",1,7,"463,79","958,77","31,46","2,2593","-4,1225","-0,3645","0,0353","0,0002","0,135","1,7691","0,0571","7,4188","0,228","-0,0449","0,9429","0,4396","0,4128","-0,0003","-129,2399","8,3592","61,9863","-4,83","-12,86","-174,27",1,,,,
105788,143817,"-21,9416008","-48,95267487","509,1",1,7,"463,79","958,77","31,46","2,2593","-4,1219","-0,3709","0,035","0,0002","0,137","1,7529","0,0571","7,4281","0,2241","-0,0654","0,9497","-0,536","-0,6238","0,0607","-128,5456","8,1887","62,0856","-4,76","-12,89","-174,3",1,,,,
105941,143817,"-21,9416008","-48,95267487","509,1",1,7,"463,99","958,75","31,46","2,2593","-4,1214","-0,4093","0,0348","0,0002","0,0904","1,7447","0,0571","7,4355","0,2227","-0,0557","0,9507","0,3177","3,4616","-0,732","-128,5221","9,6939","61,9112","-4,76","-12,91","-174,24",1,,,,
105988,143817,"-21,9416008","-48,95267487","509,1",1,7,"463,99","958,75","31,46","2,2594","-4,1208","-0,4414","0,0346","0,0002","0,1007","1,7363","0,0571","7,4903","0,2202","-0,0449","0,9702","1,6591","1,0835","-0,3052","-128,5598","8,2286","62,5941","-4,72","-12,87","-174,2",1,,,,
106088,143817,"-21,9416008","-48,95267487","509,1",1,7,"463,99","958,75","31,46","2,2594","-4,1202","-0,4682","0,0343","0,0002","0,1073","1,7204","0,0571","7,4352","0,2158","-0,0518","0,9409","0,3177","-0,136","-2,1954","-129,0943","8,5419","61,8656","-4,6","-12,8","-174,19",1,,,,
106188,143819,"-21,9416008","-48,95267487","509,1",1,7,"463,99","958,75","31,46","2,2594","-4,1197","-0,4906","0,0358","0,0001","0,1137","1,7927","0,0571","7,4289","0,2393","-0,0664","0,9541","-0,0482","-0,9287","1,8899","-128,5598","8,2286","62,5941","-4,47","-12,77","-174,23",1,,,,
106288,143819,"-21,9416008","-48,95267487","509,1",1,7,"463,99","958,75","31,46","2,2595","-4,1192","-0,5093","0,0352","0,0001","0,1186","1,7646","0,0571","7,4084","0,2197","-0,063","0,9458","-0,597","-1,0506","-2,4393","-128,5516","8,9912","62,634","-4,4","-12,76","-174,23",1,,,,
106626,143819,"-21,9416008","-48,95267487","509,1",1,7,"463,79","958,77","31,47","2,2595","-4,1186","-0,4914","0,0357","0,0001","0,1733","1,7901","0,0571","7,4692","0,2261","-0,0513","0,9673","-1,4506","1,9982","-0,4271","-128,961","7,5807","61,685","-4,37","-12,99","-174,61",1,,,,
106673,143819,"-21,9416008","-48,95267487","509,1",1,7,"463,79","958,77","31,47","2,2595","-4,1181","-0,4765","0,0349","0,0001","0,1687","1,7509","0,0571","7,4565","0,2144","-0,0645","0,9507","-0,2921","0,7177","-0,4271","-128,5405","9,3525","62,3997","-4,39","-12,98","-174,65",1,,,,
106773,143819,"-21,9416008","-48,95267487","509,1",1,7,"463,79","958,77","31,47","2,2596","-4,1176","-0,4641","0,0357","0,0001","0,1653","1,7892","0,0571","7,4636","0,2241","-0,0596","0,9565","-0,1701","0,2299","-2,0735","-129,2306","9,9043","62,3203","-4,45","-12,97","-174,73",1,,,,
106873,143819,"-21,9416008","-48,95267487","509,1",1,7,"463,79","958,77","31,47","2,2596","-4,1171","-0,4537","0,035","0,0001","0,1619","1,7566","0,0571","7,4457","0,2285","-0,0474","0,9482","0,0738","0,5348","-0,671","-128,5333","9,3326","62,1455","-4,45","-12,94","-174,89",1,,,,
106973,143819,"-21,9416008","-48,95267487","509,1",1,7,"463,79","958,77","31,47","2,2596","-4,1166","-0,445","0,0351","0,0001","0,1592","1,761","0,0571","7,4323","0,2231","-0,0454","0,9453","-1,2067","-0,7457","0,3046","-128,9599","8,3632","61,9792","-4,38","-12,93","-175,1",1,,,,
107126,143819,"-21,9416008","-48,95267487","509,1",1,7,"463,85","958,76","31,47","2,2597","-4,1161","-0,449","0,0352","0,0001","0,1409","1,7627","0,0571","7,4506","0,2227","-0,0444","0,9541","-0,353","-2,0262","0,4265","-128,684","7,986","61,9521","-4,31","-12,97","-175,21",1,,,,
107173,143820,"-21,9416008","-48,95267487","509,1",1,7,"463,85","958,76","31,47","2,2597","-4,1156","-0,4524","0,0349","0,0001","0,1419","1,7503","0,0571","7,4492","0,2207","-0,0537","0,9526","-1,4506","-0,014","0,4875","-129,3945","9,3802","62,9295","-4,26","-13,09","-175,21",1,,,,
107273,143820,"-21,9416008","-48,95267487","509,1",1,7,"463,85","958,76","31,47","2,2597","-4,1151","-0,4552","0,0346","0,0001","0,1423","1,7368","0,0571","7,4296","0,2231","-0,0439","0,9414","-2,914","0,9616","2,8046","-128,2727","8,2127","62,3327","-4,28","-13,17","-175,17",1,,,,
107373,143820,"-21,9416008","-48,95267487","509,1",1,7,"463,85","958,76","31,47","2,2598","-4,1146","-0,4576","0,0355","0,0001","0,1431","1,7815","0,0571","7,4355","0,2368","-0,0571","0,9521","-1,6335","-2,3311","0,1216","-128,5232","8,9114","61,6171","-4,38","-13,18","-175,09",1,,,,
107473,143820,"-21,9416008","-48,95267487","509,1",1,7,"463,85","958,76","31,47","2,2598","-4,1141","-0,4596","0,0354","0,0001","0,1426","1,7749","0,0571","7,3839","0,2319","-0,0605","0,936","-0,597","0,5348","0,7314","-128,2727","8,2127","62,3327","-4,51","-13,19","-175,02",1,,,,
107626,143820,"-21,9416008","-48,95267487","509,1",1,7,"463,52","958,8","31,47","2,2598","-4,1137","-0,406","0,035","0,0001","0,2232","1,7546","0,0571","7,3522","0,2217","-0,0571","0,9424","0,8665","0,4128","0,4875","-129,1421","7,4978","63,0768","-4,6","-13,19",-175,1,,,,
107673,143820,"-21,9416008","-48,95267487","509,1",1,7,"463,52","958,8","31,47","2,2599","-4,1132","-0,3613","0,0349","0,0001","0,2104","1,7518","0,0571","7,3559","0,2231","-0,0625","0,9443","-1,1457","1,9372","-0,2442","-129,1085","8,5818","62,374","-4,65","-13,15","-175,01",1,,,,
107773,143820,"-21,9416008","-48,95267487","509,1",1,7,"463,52","958,8","31,47","2,2599","-4,1128","-0,3239","0,0358","0,0001","0,201","1,7964","0,0571","7,4249","0,2295","-0,0522","0,9526","-1,2677","-1,1116","-1,5247","-128,5425","7,7874","61,8114","-4,68","-13,07","-175,05",1,,,,
107873,143820,"-21,9416008","-48,95267487","509,1",1,7,"463,52","958,8","31,47","2,2599","-4,1123","-0,2927","0,0368","0,0001","0,1915","1,8463","0,0571","7,4","0,2373","-0,0464","0,9487","-0,475","-0,6848","4,4509","-129,2663","7,2552","62,4348","-4,7","-13,04","-175,09",1,,,,
107973,143820,"-21,9416008","-48,95267487","509,1",1,7,"463,52","958,8","31,47","2,26","-4,1119","-0,2666","0,0357","0,0001","0,1841","1,7873","0,0571","7,4062","0,2271","-0,0537","0,9536","0,1957","0,5348","2,5607","-128,9976","6,898","62,662","-4,73",-13,"-174,95",1,,,,
108126,143820,"-21,9416008","-48,95267487","509,1",1,7,"463,85","958,76","31,46","2,26","-4,1114","-0,3","0,0349","0,0001","0,0978","1,749","0,0571","7,4417","0,2188","-0,061","0,9551","0,9884","-0,2579","1,3412","-128,689","9,5711","62,7946","-4,76","-12,9","-174,76",1,,,,
108173,143820,"-21,9416008","-48,95267487","509,1",1,7,"463,85","958,76","31,46","2,26","-4,111","-0,3279","0,0346","0,0001","0,1054","1,735","0,0571","7,4171","0,2188","-0,0581","0,9438","-2,3043","2,364","3,9631","-128,8255","8,1846","62,0927","-4,79","-12,82","-174,6",1,,,,
108273,143820,"-21,9416008","-48,95267487","509,1",1,7,"463,85","958,76","31,46","2,2601","-4,1106","-0,3512","0,035","0,0001","0,1119","1,754","0,0571","7,4075","0,2261","-0,0576","0,9399","0,3787","0,1079","2,8046","-129,2521","7,2153","61,9264","-4,88","-12,73","-174,38",1,,,,
108373,143820,"-21,9416008","-48,95267487","509,1",1,7,"463,85","958,76","31,46","2,2601","-4,1101","-0,3707","0,0349","0,0001","0,1176","1,7476","0,0571","7,4138","0,2334","-0,062","0,9478","0,1348","0,3518","-0,0613","-128,6901","8,7885","62,5005","-4,94","-12,67","-174,15",1,,,,
108473,143820,"-21,9416008","-48,95267487","509,1",1,7,"463,85","958,76","31,46","2,2601","-4,1097","-0,387","0,0343","0,0001","0,1218","1,7202","0,0571","7,3882","0,2104","-0,0415","0,9507","0,9274","-0,197","0,8534","-129,1279","7,4579","62,5684","-4,9","-12,59","-174,05",1,,,,
108799,143820,"-21,9416008","-48,95267487","509,1",1,7,"463,99","958,75","31,47","2,2601","-4,1093","-0,4227","0,0353","0,0001","0,0933","1,7672","0,0571","7,3906","0,2295","-0,0464","0,9463","-0,8409","0,9616","-0,793","-128,6759","8,7486","61,992","-4,59","-12,77","-174,23",1,,,,
108845,143820,"-21,9416008","-48,95267487","509,1",1,7,"463,99","958,75","31,47","2,2601","-4,1089","-0,4526","0,0353","0,0001","0,1026","1,7678","0,0571","7,4215","0,2256","-0,0625","0,9575","0,1348","1,0835","-0,4271","-128,5191","9,2926","61,6371","-4,54","-12,78","-174,26",1,,,,
108945,143820,"-21,9416008","-48,95267487","509,1",1,7,"463,99","958,75","31,47","2,2602","-4,1085","-0,4776","0,0352","0,0001","0,1093","1,7633","0,0571","7,3971","0,2275","-0,0698","0,9473","0,0738","-1,6604","-0,1223","-128,5598","8,2286","62,5941","-4,52","-12,8","-174,32",1,,,,
109045,143820,"-21,9416008","-48,95267487","509,1",1,7,"463,99","958,75","31,47","2,2602","-4,1081","-0,4984","0,035","0,0001","0,1152","1,7539","0,0571","7,3927","0,2217","-0,0625","0,9399","-0,6579","1,2055","0,1826","-128,2473","8,5341","61,59","-4,54","-12,88","-174,34",1,,,,
109145,143820,"-21,9416008","-48,95267487","509,1",1,7,"463,99","958,75","31,47","2,2602","-4,1077","-0,5158","0,0349","0,0001","0,1202","1,7506","0,0571","7,391","0,2197","-0,0537","0,9438","-1,1457","0,3518","1,5241","-128,2616","8,5741","62,0985","-4,56","-12,92","-174,35",1,,,,
109298,143822,"-21,9416008","-48,95267487","509,1",1,7,"463,38","958,82","31,48","2,2602","-4,1073","-0,43","0,0349","0,0001","0,2711","1,7499","0,0571","7,3864","0,2241","-0,0518","0,9419","-0,353","-0,197","1,0363","-128,4254","8,05","62,7076","-4,57","-12,92","-174,3",1,,,,
109345,143822,"-21,9416008","-48,95267487","509,1",1,7,"463,38","958,82","31,48","2,2603","-4,1069","-0,3583","0,036","0,0001","0,2506","1,8032","0,0571","7,3942","0,2417","-0,0508","0,9492","0,1957","0,2909","-0,4271","-129,363","8,8991","61,6384","-4,55","-12,94","-174,22",1,,,,
109445,143822,"-21,9416008","-48,95267487","509,1",1,7,"463,38","958,82","31,48","2,2603","-4,1066","-0,2984","0,0363","0,0001","0,2332","1,8181","0,0571","7,3864","0,2358","-0,0645","0,9458","-0,2311","-1,5994","-0,1223","-129,2601","9,2016","63,0431","-4,51","-12,99","-174,16",1,,,,
109545,143822,"-21,9416008","-48,95267487","509,1",1,7,"463,38","958,82","31,48","2,2603","-4,1062","-0,2483","0,0354","0,0001","0,2198","1,7748","0,0571","7,4377","0,2217","-0,0518","0,9604","-1,3287","1,6323","-2,0735","-128,6769","7,9661","61,6979","-4,48","-13,06","-174,13",1,,,,
109645,143822,"-21,9416008","-48,95267487","509,1",1,7,"463,38","958,82","31,48","2,2604","-4,1058","-0,2065","0,0344","0,0001","0,2078","1,7262","0,0571","7,4402","0,2124","-0,0552","0,9507","-0,2311","-2,1482","-0,732","-128,2585","8,1728","61,8243","-4,45","-13,09","-174,15",1,,,,
109798,143822,"-21,9416008","-48,95267487","509,1",1,7,"463,79","958,77","31,49","2,2604","-4,1055","-0,2385","0,0348","0,0001","0,0995","1,7425","0,0571","7,4219","0,2305","-0,0571","0,9434","-1,9994","2,364","-0,4271","-128,9853","8,0418","62,7219","-4,38","-13,15","-174,22",1,,,,
109845,143822,"-21,9416008","-48,95267487","509,1",1,7,"463,79","958,77","31,49","2,2604","-4,1051","-0,2652","0,0348","0,0001","0,1076","1,7463","0,0571","7,442","0,2241","-0,0654","0,957","0,0738","2,9128","1,707","-129,253","9,1816","62,7889","-4,34","-13,17","-174,27",1,,,,
109945,143822,"-21,9416008","-48,95267487","509,1",1,7,"463,79","958,77","31,49","2,2604","-4,1048","-0,2875","0,0352","0,0001","0,114","1,7657","0,0571","7,4393","0,2319","-0,0508","0,9541","-0,414","0,5957","-0,1832","-128,685","9,9524","62,8146","-4,33","-13,07","-174,26",1,,,,
110045,143822,"-21,9416008","-48,95267487","509,1",1,7,"463,79","958,77","31,49","2,2604","-4,1044","-0,3062","0,035","0,0001","0,1193","1,7551","0,0571","7,4356","0,2251","-0,0762","0,9424","-0,2921","1,7543","0,5485","-128,8286","8,5859","62,3669","-4,34","-12,97","-174,23",1,,,,
110145,143822,"-21,9416008","-48,95267487","509,1",1,7,"463,79","958,77","31,49","2,2605","-4,1041","-0,3218","0,0343","0,0001","0,1238","1,7187","0,0571","7,4363","0,2183","-0,0557","0,9497","-0,597","-0,014","-0,854","-127,8543","8,4195","62,4592","-4,36","-12,89","-174,19",1,,,,
110298,143823,"-21,9416008","-48,95267487","509,1",1,7,"463,52","958,8","31,49","2,2605","-4,1037","-0,2905","0,035","0,0001","0,1927","1,7559","0,0571","7,4534","0,2202","-0,0518","0,9517","-0,9018","-1,7213","-1,0979","-128,3918","9,134","62,0049","-4,4","-12,82","-174,17",1,,,,
110345,143823,"-21,9416008","-48,95267487","509,1",1,7,"463,52","958,8","31,49","2,2605","-4,1034","-0,2643","0,0354","0,0001","0,1841","1,7729","0,0571","7,4023","0,23","-0,0532","0,936","-1,6335","-0,9287","1,4021","-128,5456","8,1887","62,0856","-4,44","-12,8","-174,19",1,,,,
110445,143823,"-21,9416008","-48,95267487","509,1",1,7,"463,52","958,8","31,49","2,2605","-4,1031","-0,2425","0,035","0,0001","0,1782","1,7545","0,0571","7,4214","0,2192","-0,0615","0,9536","-0,1091","-2,0872","0,7314","-129,1126","8,2005","62,3541","-4,51","-12,85","-174,17",1,,,,
110545,143823,"-21,9416008","-48,95267487","509,1",1,7,"463,52","958,8","31,49","2,2605","-4,1027","-0,2242","0,0348","0,0001","0,1729","1,7427","0,0571","7,418","0,2207","-0,0615","0,9517","-1,3287","1,1445","-0,793","-128,7054","8,0459","62,7148","-4,59","-12,97","-174,1",1,,,,
110645,143823,"-21,9416008","-48,95267487","509,1",1,7,"463,52","958,8","31,49","2,2606","-4,1024","-0,209","0,0351","0,0001","0,1688","1,7576","0,0571","7,435","0,2202","-0,0605","0,9546","0,0128","0,7787","1,5241","-128,2616","8,5741","62,0985","-4,64","-13,02","-174,06",1,,,,
110922,143823,"-21,9416008","-48,95267487","509,1",1,7,"463,3","958,83","31,5","2,2606","-4,1021","-0,1602","0,0346","0,0001","0,2177","1,7336","0,0571","7,4247","0,2158","-0,0586","0,9521","-0,8409","1,3884","0,6704","-128,9711","8,0019","62,2134","-4,58","-13,04","-174,03",1,,,,
110969,143823,"-21,9416008","-48,95267487","509,1",1,7,"463,3","958,83","31,5","2,2606","-4,1018","-0,1194","0,0347","0,0001","0,2062","1,74","0,0571","7,4369","0,2241","-0,0562","0,9546","-0,6579","0,8396","-0,4271","-128,1414","8,4354","62,7205","-4,57","-13,01",-174,1,,,,
111069,143823,"-21,9416008","-48,95267487","509,1",1,7,"463,3","958,83","31,5","2,2606","-4,1015","-0,0853","0,0352","0,0001","0,1964","1,7661","0,0571","7,4373","0,2256","-0,0713","0,9502","-0,7189","2,0591","-0,671","-128,6809","10,3337","62,8345","-4,58","-12,98","-173,95",1,,,,
111169,143823,"-21,9416008","-48,95267487","509,1",1,7,"463,3","958,83","31,5","2,2606","-4,1011","-0,0568","0,035","0,0001","0,1878","1,7543","0,0571","7,4167","0,2217","-0,0645","0,9448","0,6226","0,7177","0,8534","-128,4213","8,4313","62,7276","-4,64","-12,96","-173,93",1,,,,
111269,143823,"-21,9416008","-48,95267487","509,1",1,7,"463,3","958,83","31,5","2,2607","-4,1008","-0,0331","0,0351","0,0001","0,1798","1,7593","0,0571","7,3589","0,2305","-0,0542","0,9341","-0,2311","0,7177","-1,8296","-129,5076","9,4989","62,0533","-4,66","-12,94","-173,95",1,,,,
111422,143823,"-21,9416008","-48,95267487","509,1",1,7,"463,68","958,78","31,52","2,2607","-4,1005","-0,0766","0,0355","0,0001","0,0818","1,7804","0,0571","7,3832","0,2334","-0,0557","0,9458","-0,0482","0,9616","3,7802","-128,9446","9,1059","61,7649","-4,6","-12,94","-174,04",1,,,,
111469,143823,"-21,9416008","-48,95267487","509,1",1,7,"463,68","958,78","31,52","2,2607","-4,1002","-0,113","0,0353","0,0001","0,0925","1,7714","0,0571","7,3977","0,2236","-0,0669","0,9512","-0,353","0,5957","-0,0613","-129,3925","8,1964","62,3612","-4,56","-12,91","-174,12",1,,,,
111569,143823,"-21,9416008","-48,95267487","509,1",1,7,"463,68","958,78","31,52","2,2607","-4,1","-0,1435","0,0351","0,0001","0,1015","1,7603","0,0571","7,4065","0,2256","-0,0454","0,9541","-1,3896","-0,9896","1,1582","-128,8346","9,3884","62,9153","-4,57","-12,84","-174,12",1,,,,
111669,143823,"-21,9416008","-48,95267487","509,1",1,7,"463,68","958,78","31,52","2,2607","-4,0997","-0,1689","0,035","0,0001","0,1093","1,7556","0,0571","7,4328","0,2207","-0,0757","0,9482","-1,6945","-0,6848","0,2436","-128,4224","7,6487","62,4335","-4,66","-12,84","-174,1",1,,,,
111769,143823,"-21,9416008","-48,95267487","509,1",1,7,"463,68","958,78","31,52","2,2607","-4,0994","-0,1901","0,0344","0,0001","0,1149","1,7263","0,0571","7,4082","0,2163","-0,0776","0,9468","-1,5116","0,8396","0,7924","-128,7054","8,0459","62,7148","-4,76","-12,92","-174,13",1,,,,
111922,143823,"-21,9416008","-48,95267487","509,1",1,7,"463,3","958,83","31,51","2,2607","-4,0991","-0,1444","0,033","0,0001","0,2131","1,6546","0,0571","7,4201","0,2026","-0,0615","0,9512","-1,2677","-0,197","0,2436","-129,2459","9,1617","62,5346","-4,83","-12,95","-174,14",1,,,,
111969,143823,"-21,9416008","-48,95267487","509,1",1,7,"463,3","958,83","31,51","2,2607","-4,0988","-0,1062","0,0333","0,0001","0,2017","1,6675","0,0571","7,3991","0,2183","-0,0547","0,9429","0,5616","0,8396","-2,6832","-127,8554","7,6369","62,165","-4,89","-12,94","-174,14",1,,,,
112069,143823,"-21,9416008","-48,95267487","509,1",1,7,"463,3","958,83","31,51","2,2608","-4,0985","-0,0743","0,034","0,0001","0,193","1,7031","0,0571","7,4239","0,2241","-0,0508","0,9468","0,5006","1,9372","0,4875","-128,3858","8,3315","61,4565","-4,86","-12,91","-174,16",1,,,,
112169,143825,"-21,9416008","-48,95267487","509,1",1,7,"463,3","958,83","31,51","2,2608","-4,0983","-0,0476","0,0339","0,0001","0,1863","1,7006","0,0571","7,4762","0,2163","-0,0669","0,957","-1,1457","-0,3799","0,4265","-128,9375","9,0859","61,5106","-4,79","-12,87","-174,18",1,,,,
112269,143825,"-21,9416008","-48,95267487","509,1",1,7,"463,3","958,83","31,51","2,2608","-4,098","-0,0254","0,0342","0,0001","0,1789","1,7143","0,0571","7,4257","0,2173","-0,0723","0,9414","-0,0482","0,2909","-0,0003","-128,4112","8,0101","62,1992","-4,8","-12,9","-174,17",1,,,,
112422,143825,"-21,9416008","-48,95267487","509,1",1,7,"463,14","958,84","31,5","2,2608","-4,0977","0,0184","0,035","0,0001","0,2106","1,7532","0,0571","7,4327","0,2275","-0,0674","0,9512","0,9274","0,5957","0,0607","-129,2713","8,8403","63,2773","-4,8","-12,94","-174,15",1,,,,
112469,143825,"-21,9416008","-48,95267487","509,1",1,7,"463,14","958,84","31,5","2,2608","-4,0975","0,055","0,0353","0,0001","0,2005","1,7681","0,0571","7,4554","0,229","-0,064","0,959","-1,5726","-0,5628","0,7314","-128,7064","7,2634","62,4206","-4,78","-12,95","-174,18",1,,,,
112569,143825,"-21,9416008","-48,95267487","509,1",1,7,"463,14","958,84","31,5","2,2608","-4,0972","0,0856","0,0345","0,0001","0,1917","1,7295","0,0571","7,4566","0,2222","-0,0527","0,9595","-1,2067","-1,1726","-0,3052","-127,9816","8,5781","62,0914","-4,78","-12,96","-174,19",1,,,,
112669,143825,"-21,9416008","-48,95267487","509,1",1,7,"463,14","958,84","31,5","2,2608","-4,097","0,1112","0,0343","0,0001","0,1849","1,7211","0,0571","7,4849","0,2192","-0,0527","0,9624","-0,353","-0,197","-0,732","-129,1014","8,5618","62,1198","-4,77","-13,02","-174,24",1,,,,
112769,143825,"-21,9416008","-48,95267487","509,1",1,7,"463,14","958,84","31,5","2,2608","-4,0967","0,1325","0,0344","0,0001","0,1775","1,7239","0,0571","7,424","0,2305","-0,0518","0,9414","-0,0482","-2,0262","1,0973","-129,6654","8,1724","62,1141","-4,67","-13,05","-174,32",1,,,,
113056,143825,"-21,9416008","-48,95267487","509,1",1,7,"463,68","958,78","31,5","2,2608","-4,0965","0,0617","0,0343","0,0001","0,0425","1,721","0,0571","7,4145","0,2124","-0,0532","0,9438","3,1226","1,2055","0,3655","-127,8737","7,2956","62,6535","-4,66","-13,11","-174,08",1,,,,
113102,143825,"-21,9416008","-48,95267487","509,1",1,7,"463,68","958,78","31,5","2,2609","-4,0962","0,0025","0,0346","0,0001","0,0597","1,7341","0,0571","7,4182","0,2251","-0,0337","0,9507","-1,0238","-2,697","-0,9759","-128,967","8,3832","62,2334","-4,65","-13,09","-174,03",1,,,,
113202,143826,"-21,9416008","-48,95267487","509,1",1,7,"463,68","958,78","31,5","2,2609","-4,096","-0,0469","0,0342","0,0001","0,073","1,7136","0,0571","7,3724","0,2275","-0,0552","0,9463","1,4762","0,1689","0,6095","-128,9457","8,3233","61,4707","-4,61","-13,14","-174,02",1,,,,
113302,143826,"-21,9416008","-48,95267487","509,1",1,7,"463,68","958,78","31,5","2,2609","-4,0958","-0,0882","0,0349","0,0001","0,0854","1,7492","0,0571","7,3996","0,2212","-0,0474","0,9478","-0,7189","0,4128","-0,732","-128,683","8,7686","62,2462","-4,58","-13,19","-174,06",1,,,,
113402,143826,"-21,9416008","-48,95267487","509,1",1,7,"463,68","958,78","31,5","2,2609","-4,0955","-0,1227","0,0336","0,0001","0,0951","1,6825","0,0571","7,3854","0,209","-0,0649","0,936","0,5616","1,8762","-0,0613","-129,1085","8,5818","62,374","-4,57","-13,22","-174,16",1,,,,
113555,143826,"-21,9416008","-48,95267487","509,1",1,7,"464,33","958,71","31,5","2,2609","-4,0953","-0,2589","0,0348","0,0001","-0,0534","1,7429","0,0571","7,3944","0,229","-0,0503","0,9507","-0,597","1,6323","2,9265","-128,6871","8,3873","62,2263","-4,54","-13,21","-174,26",1,,,,
113602,143826,"-21,9416008","-48,95267487","509,1",1,7,"464,33","958,71","31,5","2,2609","-4,0951","-0,3726","0,0347","0,0001","-0,0203","1,7379","0,0571","7,4128","0,2212","-0,0542","0,9536","-0,9018","1,5713","2,2558","-128,8316","8,9871","62,6411","-4,54","-13,16","-174,25",1,,,,
113702,143826,"-21,9416008","-48,95267487","509,1",1,7,"464,33","958,71","31,5","2,2609","-4,0948","-0,4677","0,0352","0,0001","0,0077","1,7649","0,0571","7,4425","0,23","-0,0522","0,9648","-0,2921","1,6933","-1,5247","-129,2399","8,3592","61,9863","-4,57","-13,08","-174,15",1,,,,
113802,143826,"-21,9416008","-48,95267487","509,1",1,7,"464,33","958,71","31,5","2,2609","-4,0946","-0,547","0,0354","0,0001","0,0313","1,7728","0,0571","7,4828","0,2251","-0,064","0,9609","0,1957","-0,9287","1,0973","-128,8286","8,5859","62,3669","-4,57","-13,05","-174,15",1,,,,
113902,143826,"-21,9416008","-48,95267487","509,1",1,7,"464,33","958,71","31,5","2,261","-4,0944","-0,6134","0,0351","0,0001","0,0496","1,7584","0,0571","7,4426","0,2192","-0,0684","0,9512","-1,7555","-0,3189","2,3777","-127,8259","8,3396","61,4423","-4,54","-13,04","-174,16",1,,,,
114055,143826,"-21,9416008","-48,95267487","509,1",1,7,463,"958,86","31,5","2,261","-4,0942","-0,4485","0,034","0,0001","0,3871","1,7061","0,0571","7,4064","0,2158","-0,0659","0,9473","-0,597","0,9006","0,3655","-128,8326","8,2046","62,347","-4,61","-12,99","-174,1",1,,,,
114102,143826,"-21,9416008","-48,95267487","509,1",1,7,463,"958,86","31,5","2,261","-4,094","-0,3107","0,0346","0,0001","0,3469","1,7366","0,0571","7,3794","0,2295","-0,041","0,9395","-1,9994","-2,2091","1,829","-128,2534","9,3366","62,1384","-4,67","-12,92","-174,05",1,,,,
114202,143827,"-21,9416008","-48,95267487","509,1",1,7,463,"958,86","31,5","2,261","-4,0937","-0,1957","0,0352","0,0001","0,3144","1,7631","0,0571","7,4118","0,231","-0,0581","0,9565","-1,6945","-1,2945","2,2558","-128,9375","9,0859","61,5106","-4,75","-12,93","-173,95",1,,,,
114302,143827,"-21,9416008","-48,95267487","509,1",1,7,463,"958,86","31,5","2,261","-4,0935","-0,0995","0,0347","0,0001","0,2865","1,7386","0,0571","7,3989","0,2158","-0,0708","0,9434","-0,9628","-1,4165","-3,5369","-129,1298","8,6417","63,1367","-4,86","-13,09","-173,82",1,,,,
114402,143827,"-21,9416008","-48,95267487","509,1",1,7,463,"958,86","31,5","2,261","-4,0933","-0,0192","0,035","0,0001","0,2638","1,7549","0,0571","7,4252","0,2251","-0,0415","0,9438","0,9884","0,4738","1,8899","-128,5405","9,3525","62,3997","-4,91","-13,22","-173,85",1,,,,
114555,143827,"-21,9416008","-48,95267487","509,1",1,7,"462,7","958,9","31,5","2,261","-4,0931","0,097","0,0349","0,0001","0,3153","1,7517","0,0571","7,3757","0,2227","-0,0718","0,937","-0,7189","-0,9287","-3,293","-129,0973","8,9431","62,1398","-4,86","-13,25","-173,93",1,,,,
114602,143827,"-21,9416008","-48,95267487","509,1",1,7,"462,7","958,9","31,5","2,261","-4,0929","0,1941","0,0352","0,0001","0,2872","1,7671","0,0571","7,368","0,229","-0,0571","0,9429","0,3787","-3,0628","-0,671","-128,5639","7,8473","62,5741","-4,81","-13,33","-174,06",1,,,,
114702,143827,"-21,9416008","-48,95267487","509,1",1,7,"462,7","958,9","31,5","2,2611","-4,0927","0,2753","0,0352","0,0001","0,2642","1,7665","0,0571","7,3858","0,2271","-0,0596","0,9482","0,0128","-0,136","1,4021","-128,9487","8,7246","61,7449","-4,73","-13,44","-174,16",1,,,,
114802,143827,"-21,9416008","-48,95267487","509,1",1,7,"462,7","958,9","31,5","2,2611","-4,0925","0,343","0,0352","0,0001","0,2448","1,7624","0,0571","7,3929","0,2261","-0,064","0,9487","-2,0604","-1,5994","1,0973","-127,9816","8,5781","62,0914","-4,67","-13,53","-174,17",1,,,,
114902,143827,"-21,9416008","-48,95267487","509,1",1,7,"462,7","958,9","31,5","2,2611","-4,0923","0,3997","0,0349","0,0001","0,2282","1,7495","0,0571","7,3789","0,2148","-0,0425","0,9517","0,0738","1,4494","-0,0613","-128,7084","8,4472","62,9889","-4,66","-13,58","-174,15",1,,,,
115179,143828,"-21,9416008","-48,95267487","509,1",1,7,"463,38","958,82","31,5","2,2611","-4,0921","0,3349","0,0354","0,0001","0,0517","1,7765","0,0571","7,4319","0,23","-0,0532","0,9526","-1,4506","-2,2701","-0,671","-128,6871","8,3873","62,2263","-4,64","-13,62","-174,12",1,,,,
115225,143828,"-21,9416008","-48,95267487","509,1",1,7,"463,38","958,82","31,5","2,2611","-4,0919","0,2807","0,036","0,0001","0,0677","1,806","0,0571","7,4505","0,2363","-0,0566","0,9575","-1,3896","1,3884","-1,4637","-129,9535","7,4057","62,0812","-4,66","-13,64","-174,12",1,,,,
115325,143828,"-21,9416008","-48,95267487","509,1",1,7,"463,38","958,82","31,5","2,2611","-4,0918","0,2355","0,0354","0,0001","0,0799","1,7738","0,0571","7,4095","0,2251","-0,0464","0,9453","-0,536","-2,1482","0,3655","-128,5385","8,1687","61,8314","-4,72","-13,71","-174,15",1,,,,
115425,143828,"-21,9416008","-48,95267487","509,1",1,7,"463,38","958,82","31,5","2,2612","-4,0916","0,1977","0,0362","0,0001","0,0911","1,8166","0,0571","7,4285","0,2378","-0,0562","0,9497","-0,9628","0,7787","-0,671","-129,3783","8,1565","61,8527","-4,77","-13,79","-174,17",1,,,,
115525,143828,"-21,9416008","-48,95267487","509,1",1,7,"463,38","958,82","31,5","2,2612","-4,0914","0,1661","0,0359","0,0001","0,0993","1,8022","0,0571","7,3799","0,2319","-0,0479","0,9297","-1,9384","-1,5384","0,1216","-129,1227","8,6217","62,8825","-4,81","-13,79","-174,2",1,,,,
115678,143828,"-21,9416008","-48,95267487","509,1",1,7,"463,85","958,76","31,54","2,2612","-4,0912","0,0615","0,034",0,"-0,0077","1,7031","0,0571","7,3732","0,2109","-0,0439","0,9502","-2,3043","-0,3189","0,4265","-129,2216","8,7005","61,4978","-4,86","-13,74","-174,21",1,,,,
115725,143828,"-21,9416008","-48,95267487","509,1",1,7,"463,85","958,76","31,54","2,2612","-4,091","-0,0258","0,0343",0,"0,0181","1,7173","0,0571","7,4037","0,2236","-0,0581","0,9556","-2,1213","1,5104","-1,5857","-128,8499","8,6457","63,1296","-4,94","-13,68","-174,21",1,,,,
115825,143828,"-21,9416008","-48,95267487","509,1",1,7,"463,85","958,76","31,54","2,2612","-4,0909","-0,0989","0,0342",0,"0,0393","1,713","0,0571","7,4111","0,2202","-0,0645","0,9561","0,4396","0,3518","-0,0003","-128,5374","8,9513","62,1255","-5,01","-13,59","-174,22",1,,,,
115925,143828,"-21,9416008","-48,95267487","509,1",1,7,"463,85","958,76","31,54","2,2612","-4,0907","-0,1598","0,0345",0,"0,0569","1,7307","0,0571","7,4155","0,2256","-0,0542","0,9478","0,0738","0,7787","1,5241","-129,1227","8,6217","62,8825","-4,97","-13,5","-174,23",1,,,,
116025,143828,"-21,9416008","-48,95267487","509,1",1,7,"463,85","958,76","31,54","2,2612","-4,0905","-0,2108","0,0338",0,"0,0721","1,696","0,0571","7,4417","0,2095","-0,0596","0,9556","-2,1823","0,3518","0,0607","-129,6602","9,3362","62,4282","-4,87","-13,4","-174,22",1,,,,
116178,143829,"-21,9416008","-48,95267487","509,1",1,7,"463,79","958,77","31,54","2,2612","-4,0903","-0,2421","0,0343",0,"0,1003","1,7204","0,0571","7,4127","0,2222","-0,0547","0,9424","-2,2433","0,8396","1,646","-128,5497","7,8074","62,0657","-4,89","-13,32","-174,15",1,,,,
116225,143829,"-21,9416008","-48,95267487","509,1",1,7,"463,79","958,77","31,54","2,2612","-4,0902","-0,2682","0,0343",0,"0,1078","1,7178","0,0571","7,4083","0,2197","-0,0562","0,9478","0,4396","-0,3189","1,5851","-127,9704","8,9395","61,8571","-4,98","-13,31","-174,02",1,,,,
116325,143829,"-21,9416008","-48,95267487","509,1",1,7,"463,79","958,77","31,54","2,2612","-4,09","-0,29","0,034",0,"0,1139","1,7056","0,0571","7,4015","0,2139","-0,0576","0,9414","0,1348","-1,8433","-0,9149","-128,403","8,7726","62,2391","-5,07","-13,32","-173,91",1,,,,
116425,143829,"-21,9416008","-48,95267487","509,1",1,7,"463,79","958,77","31,54","2,2612","-4,0898","-0,3083","0,0344",0,"0,1189","1,7232","0,0571","7,3864","0,2212","-0,0522","0,9463","-2,4872","0,7787","1,5851","-128,5598","8,2286","62,5941","-5,11","-13,36","-173,92",1,,,,
116525,143829,"-21,9416008","-48,95267487","509,1",1,7,"463,79","958,77","31,54","2,2612","-4,0897","-0,3235","0,0332",0,"0,1242","1,666","0,0571","7,433","0,2104","-0,0425","0,9551","-1,2067","0,7787","-0,2442","-129,2551","7,6165","62,2006","-5,15","-13,37","-173,93",1,,,,
116678,143829,"-21,9416008","-48,95267487","509,1",1,7,"462,88","958,87","31,54","2,2612","-4,0895","-0,1868","0,0343",0,"0,346","1,7176","0,0571","7,407","0,2266","-0,0542","0,9419","-1,3896","-0,9287","0,6704","-128,6922","7,2234","61,9122","-5,18","-13,33","-173,93",1,,,,
116725,143829,"-21,9416008","-48,95267487","509,1",1,7,"462,88","958,87","31,54","2,2612","-4,0894","-0,0725","0,0348",0,"0,3128","1,7461","0,0571","7,3928","0,23","-0,0679","0,9438","-0,9018","-1,4774","-1,7076","-127,9816","8,5781","62,0914","-5,18","-13,31","-173,96",1,,,,
116825,143829,"-21,9416008","-48,95267487","509,1",1,7,"462,88","958,87","31,54","2,2612","-4,0892","0,0229","0,0344",0,"0,2853","1,7235","0,0571","7,393","0,2241","-0,0508","0,9473","0,7445","-0,197","-1,4027","-129,1014","8,5618","62,1198","-5,17","-13,34","-174,06",1,,,,
116925,143829,"-21,9416008","-48,95267487","509,1",1,7,"462,88","958,87","31,54","2,2612","-4,0891","0,1027","0,0333",0,"0,2623","1,6683","0,0571","7,3914","0,2061","-0,0537","0,9453","0,3177","0,1079","1,5241","-129,36","8,4979","61,3642","-5,08","-13,41","-174,23",1,,,,
117025,143829,"-21,9416008","-48,95267487","509,1",1,7,"462,88","958,87","31,54","2,2612","-4,0889","0,1693","0,0342",0,"0,2429","1,7163","0,0571","7,3806","0,2158","-0,0615","0,9453","-1,0848","-2,3311","4,0851","-128,5267","8,9213","61,7442","-4,99","-13,44","-174,3",1,,,,
117303,143830,"-21,9416008","-48,95267487","509,1",1,7,"463,68","958,78","31,53","2,2612","-4,0888","0,0924","0,035",0,"0,0328","1,7571","0,0571","7,368","0,2319","-0,0557","0,9365","-1,5726","-0,197","1,2802","-128,0916","8,2956","60,9409","-5,23","-13,67","-173,73",1,,,,
117349,143830,"-21,9416008","-48,95267487","509,1",1,7,"463,68","958,78","31,53","2,2613","-4,0886","0,0282","0,0353",0,"0,0514","1,768","0,0571","7,3755","0,228","-0,0557","0,9473","-1,0848","-1,4165","0,4265","-128,8479","7,4619","62,5613","-5,3","-13,7","-173,61",1,,,,
117449,143830,"-21,9416008","-48,95267487","509,1",1,7,"463,68","958,78","31,53","2,2613","-4,0885","-0,0255","0,0348",0,"0,0673","1,7467","0,0571","7,3982","0,228","-0,0635","0,9536","0,2567","-3,3067","-1,3418","-128,9772","8,8044","62,7618","-5,38","-13,79","-173,47",1,,,,
117549,143830,"-21,9416008","-48,95267487","509,1",1,7,"463,68","958,78","31,53","2,2613","-4,0883","-0,0703","0,0343",0,"0,0804","1,7188","0,0571","7,4073","0,2275","-0,0498","0,9502","-1,9994","-2,0872","-1,1588","-129,3518","9,2604","61,4042","-5,37","-13,94","-173,44",1,,,,
117649,143830,"-21,9416008","-48,95267487","509,1",1,7,"463,68","958,78","31,53","2,2613","-4,0882","-0,1077","0,035",0,"0,0915","1,7528","0,0571","7,4207","0,2246","-0,0522","0,9512","0,6835","-1,1726","1,1582","-128,6749","6,7823","61,1295","-5,38","-14,08","-173,45",1,,,,
117802,143830,"-21,9416008","-48,95267487","509,1",1,7,"463,51","958,8","31,53","2,2613","-4,0881","-0,1112","0,0348",0,"0,1402","1,7433","0,0571","7,3745","0,2212","-0,0596","0,9404","-2,0604","-0,8677","0,2436","-128,5486","8,5899","62,3598","-5,37","-14,14","-173,39",1,,,,
117849,143830,"-21,9416008","-48,95267487","509,1",1,7,"463,51","958,8","31,53","2,2613","-4,0879","-0,1141","0,0348",0,"0,1414","1,744","0,0571","7,3888","0,2231","-0,0625","0,9502","-0,353","-1,4165","1,4021","-129,1156","8,6017","62,6282","-5,41","-14,18","-173,32",1,,,,
117949,143830,"-21,9416008","-48,95267487","509,1",1,7,"463,51","958,8","31,53","2,2613","-4,0878","-0,1166","0,0359",0,"0,1426","1,8018","0,0571","7,4179","0,2354","-0,0693","0,9526","-1,2677","-0,3799","0,8534","-128,3989","9,1539","62,2591","-5,45","-14,23","-173,24",1,,,,
118049,143830,"-21,9416008","-48,95267487","509,1",1,7,"463,51","958,8","31,53","2,2613","-4,0876","-0,1186","0,0356",0,"0,1431","1,7836","0,0571","7,4102","0,2271","-0,0625","0,9517","-1,3896","1,0835","-0,6101","-128,8357","8,6058","62,6211","-5,5","-14,28","-173,2",1,,,,
118149,143830,"-21,9416008","-48,95267487","509,1",1,7,"463,51","958,8","31,53","2,2613","-4,0875","-0,1203","0,0353",0,"0,1438","1,7692","0,0571","7,4247","0,2266","-0,0698","0,9507","-1,1457","-0,9287","0,0607","-128,8367","7,8233","62,327","-5,5","-14,22","-173,23",1,,,,
118302,143831,"-21,9416008","-48,95267487","509,1",1,7,"463,3","958,83","31,53","2,2614","-4,0874","-0,0861","0,0346",0,"0,1962","1,7332","0,0571","7,418","0,2212","-0,062","0,9521","-0,9628","-0,9287","0,1826","-129,3915","8,979","62,6553","-5,48","-14,19","-173,25",1,,,,
118349,143831,"-21,9416008","-48,95267487","509,1",1,7,"463,3","958,83","31,53","2,2614","-4,0872","-0,0575","0,0351",0,"0,1882","1,7613","0,0571","7,4293","0,2314","-0,0444","0,9536","-0,0482","0,9616","1,8899","-129,2653","8,0377","62,729","-5,48","-14,21","-173,21",1,,,,
118449,143831,"-21,9416008","-48,95267487","509,1",1,7,"463,3","958,83","31,53","2,2614","-4,0871","-0,0336","0,0343",0,"0,1811","1,7211","0,0571","7,4158","0,2129","-0,0635","0,9551","-0,1701","-2,3921","0,8534","-129,5055","11,064","62,6415","-5,49","-14,18","-173,13",1,,,,
118549,143831,"-21,9416008","-48,95267487","509,1",1,7,"463,3","958,83","31,53","2,2614","-4,087","-0,0136","0,0352",0,"0,1755","1,7658","0,0571","7,4223","0,2256","-0,0645","0,9517","1,4762","0,7177","-1,7076","-129,3904","9,7615","62,9495","-5,49","-14,12","-173,07",1,,,,
118649,143831,"-21,9416008","-48,95267487","509,1",1,7,"463,3","958,83","31,53","2,2614","-4,0869","0,003","0,0345",0,"0,1706","1,7302","0,0571","7,4184","0,2139","-0,0474","0,9448","-0,6579","0,7177","-0,6101","-128,8275","9,3684","62,6611","-5,44","-14,04","-173,09",1,,,,
118802,143831,"-21,9416008","-48,95267487","509,1",1,7,"463,52","958,8","31,55","2,2614","-4,0867","-0,0191","0,0346",0,"0,1135","1,7371","0,0571","7,4024","0,2222","-0,0571","0,9448","-1,7555","-0,3799","-1,9515","-128,5568","7,8274","62,3199","-5,4","-13,95","-173,12",1,,,,
118849,143831,"-21,9416008","-48,95267487","509,1",1,7,"463,52","958,8","31,55","2,2614","-4,0866","-0,0376","0,0345",0,"0,1193","1,731","0,0571","7,4241","0,2202","-0,0552","0,9556","0,8665","-0,9896","1,3412","-129,1197","8,2205","62,6083","-5,41","-13,88","-173,19",1,,,,
118949,143831,"-21,9416008","-48,95267487","509,1",1,7,"463,52","958,8","31,55","2,2614","-4,0865","-0,0531","0,0347",0,"0,1236","1,739","0,0571","7,421","0,2261","-0,0605","0,957","-2,6701","-1,4165","0,3655","-129,141","8,2803","63,371","-5,36","-13,86","-173,3",1,,,,
119049,143831,"-21,9416008","-48,95267487","509,1",1,7,"463,52","958,8","31,55","2,2614","-4,0864","-0,066","0,0353",0,"0,1277","1,7709","0,0571","7,4354","0,2202","-0,0527","0,9546","-0,8409","-1,7213","2,4387","-128,6952","7,6247","62,1863","-5,34","-13,9","-173,43",1,,,,
119149,143832,"-21,9416008","-48,95267487","509,1",1,7,"463,52","958,8","31,55","2,2614","-4,0863","-0,0768","0,0346",0,"0,1295","1,7361","0,0571","7,3731","0,2212","-0,082","0,9341","0,8665","-0,2579","1,768","-129,0902","8,9232","61,8855","-5,37","-13,93","-173,41",1,,,,
119476,143832,"-21,9416008","-48,95267487","509,1",1,7,"463,85","958,76","31,54","2,2614","-4,0862","-0,1414","0,0346",0,"0,0496","1,7327","0,0571","7,3147","0,2188","-0,062","0,9375","-1,3287","0,8396","1,2192","-128,6931","9,1898","62,7746","-5,37","-13,88","-173,16",1,,,,
119522,143832,"-21,9416008","-48,95267487","509,1",1,7,"463,85","958,76","31,54","2,2614","-4,086","-0,1954","0,0345",0,"0,0658","1,7294","0,0571","7,3483","0,2207","-0,0503","0,9507","1,4762","0,4128","-1,0369","-129,3975","9,7815","63,2037","-5,35","-13,83","-173,16",1,,,,
119622,143832,"-21,9416008","-48,95267487","509,1",1,7,"463,85","958,76","31,54","2,2614","-4,0859","-0,2405","0,035",0,"0,0796","1,753","0,0571","7,3853","0,228","-0,0542","0,9541","0,3177","-0,8067","-1,2198","-128,0977","9,0981","61,4893","-5,26","-13,79","-173,28",1,,,,
119722,143832,"-21,9416008","-48,95267487","509,1",1,7,"463,85","958,76","31,54","2,2614","-4,0858","-0,2782","0,0339",0,"0,0911","1,7014","0,0571","7,4172","0,209","-0,0513","0,9526","-1,5116","0,4738","-1,0369","-128,4336","7,2874","62,6677","-5,15","-13,81","-173,47",1,,,,
119822,143832,"-21,9416008","-48,95267487","509,1",1,7,"463,85","958,76","31,54","2,2614","-4,0857","-0,3097","0,034",0,"0,1006","1,7056","0,0571","7,4416","0,2275","-0,04","0,9478","0,3787","0,2909","-2,1345","-128,4173","8,8126","62,7476","-5,08","-13,84","-173,57",1,,,,
119975,143832,"-21,9416008","-48,95267487","509,1",1,7,"463,68","958,78","31,55","2,2614","-4,0856","-0,3077","0,0342",0,"0,1493","1,7132","0,0571","7,4303","0,2109","-0,0679","0,9453","-1,2067","-0,2579","-2,3174","-129,537","8,7962","62,776","-4,99","-13,81","-173,66",1,,,,
120022,143832,"-21,9416008","-48,95267487","509,1",1,7,"463,68","958,78","31,55","2,2614","-4,0855","-0,3061","0,0343",0,"0,1487","1,7185","0,0571","7,4264","0,2217","-0,0464","0,9497","-0,9018","1,3274","-0,3052","-129,0984","8,1606","61,8456","-4,93","-13,74","-173,8",1,,,,
120122,143832,"-21,9416008","-48,95267487","509,1",1,7,"463,68","958,78","31,55","2,2614","-4,0854","-0,3048","0,0346",0,"0,1485","1,736","0,0571","7,4332","0,2217","-0,0669","0,9468","-0,8409","0,3518","0,9143","-128,967","8,3832","62,2334","-4,89","-13,66","-173,9",1,,,,
120222,143833,"-21,9416008","-48,95267487","509,1",1,7,"463,68","958,78","31,55","2,2614","-4,0853","-0,3036","0,0347",0,"0,1479","1,7394","0,0571","7,4212","0,2192","-0,062","0,9521","0,1348","-2,2701","0,9753","-128,6922","7,2234","61,9122","-4,89","-13,6","-173,89",1,,,,
120322,143833,"-21,9416008","-48,95267487","509,1",1,7,"463,68","958,78","31,55","2,2614","-4,0852","-0,3027","0,0345",0,"0,1479","1,7301","0,0571","7,4345","0,2183","-0,0591","0,9512","-2,3043","-1,1726","-0,9149","-128,683","8,7686","62,2462","-4,87","-13,59","-173,82",1,,,,
120475,143833,"-21,9416008","-48,95267487","509,1",1,7,"462,88","958,87","31,55","2,2614","-4,0851","-0,1694","0,0346",0,"0,3412","1,7344","0,0571","7,4205","0,2202","-0,0659","0,9438","0,6835","-1,0506","1,4021","-129,5269","8,375","62,2476","-4,83","-13,64","-173,84",1,,,,
120522,143833,"-21,9416008","-48,95267487","509,1",1,7,"462,88","958,87","31,55","2,2615","-4,085","-0,058","0,0351",0,"0,3083","1,7607","0,0571","7,3764","0,231","-0,0503","0,9351","-2,5482","1,5104","-0,671","-129,7997","8,351","62,0005","-4,78","-13,71","-173,9",1,,,,
120622,143833,"-21,9416008","-48,95267487","509,1",1,7,"462,88","958,87","31,55","2,2615","-4,0849","0,0351","0,0349",0,"0,2826","1,7493","0,0571","7,4314","0,2236","-0,0684","0,9565","-0,2921","-1,2335","1,0973","-129,2418","9,543","62,5546","-4,77","-13,69","-173,95",1,,,,
120722,143833,"-21,9416008","-48,95267487","509,1",1,7,"462,88","958,87","31,55","2,2615","-4,0848","0,1128","0,0354",0,"0,2602","1,7729","0,0571","7,4342","0,2339","-0,0537","0,9497","-0,8409","-1,4165","0,5485","-129,3813","8,5577","62,1269","-4,75","-13,63","-173,99",1,,,,
120822,143833,"-21,9416008","-48,95267487","509,1",1,7,"462,88","958,87","31,55","2,2615","-4,0847","0,1778","0,0359",0,"0,2404","1,7997","0,0571","7,3767","0,2295","-0,0527","0,9297","-1,8165","1,3884","1,2192","-129,1156","8,6017","62,6282","-4,72","-13,6","-173,97",1,,,,
120975,143833,"-21,9416008","-48,95267487","509,1",1,7,"463,14","958,84","31,55","2,2615","-4,0846","0,1881","0,0352",0,"0,1604","1,7627","0,0571","7,3689","0,2148","-0,0483","0,9414","-2,5482","0,9616","-0,0613","-128,6921","9,9723","63,0688","-4,74","-13,62","-173,94",1,,,,
121022,143833,"-21,9416008","-48,95267487","509,1",1,7,"463,14","958,84","31,55","2,2615","-4,0845","0,1968","0,0351",0,"0,1581","1,7619","0,0571","7,3776","0,2246","-0,0596","0,9478","-1,1457","-0,075","1,829","-128,9812","8,4231","62,7418","-4,8","-13,65","-173,96",1,,,,
121122,143833,"-21,9416008","-48,95267487","509,1",1,7,"463,14","958,84","31,55","2,2615","-4,0844","0,2041","0,0339",0,"0,1561","1,7005","0,0571","7,3847","0,2075","-0,0669","0,9463","-2,4872","0,3518","-1,4637","-128,7155","8,4671","63,2432","-4,88","-13,65","-173,95",1,,,,
121222,143834,"-21,9416008","-48,95267487","509,1",1,7,"463,14","958,84","31,55","2,2615","-4,0843","0,2101","0,0357",0,"0,1543","1,7888","0,0571","7,3818","0,2368","-0,0566","0,9424","0,1957","1,1445","-0,1832","-128,7125","8,0659","62,969","-4,94","-13,61","-173,95",1,,,,
121322,143834,"-21,9416008","-48,95267487","509,1",1,7,"463,14","958,84","31,55","2,2615","-4,0842","0,2152","0,0359",0,"0,1533","1,8019","0,0571","7,4018","0,2368","-0,0537","0,9497","-1,2677","1,4494","-0,0003","-129,0932","9,3244","62,1597","-4,93","-13,56","-173,95",1,,,,
121599,143834,"-21,9416008","-48,95267487","509,1",1,7,"463,68","958,78","31,55","2,2616","-4,0841","0,1307","0,0353",0,"0,0228","1,7688","0,0571","7,4219","0,2192","-0,064","0,9497","-1,1457","-1,9043","1,707","-128,8346","9,3884","62,9153","-4,81","-13,43","-174,02",1,,,,
121645,143834,"-21,9416008","-48,95267487","509,1",1,7,"463,68","958,78","31,55","2,2616","-4,084","0,0602","0,035",0,"0,0424","1,7546","0,0571","7,3874","0,2207","-0,0698","0,9385","0,5006","1,8152","0,3046","-128,9599","8,3632","61,9792","-4,79","-13,4","-174,01",1,,,,
121745,143834,"-21,9416008","-48,95267487","509,1",1,7,"463,68","958,78","31,55","2,2616","-4,084","0,0013","0,0349",0,"0,0597","1,751","0,0571","7,4045","0,2197","-0,0518","0,9507","-1,5726","1,0835","1,9509","-129,2306","9,9043","62,3203","-4,75","-13,34","-173,96",1,,,,
121845,143834,"-21,9416008","-48,95267487","509,1",1,7,"463,68","958,78","31,55","2,2616","-4,0839","-0,0479","0,0342",0,"0,0735","1,7128","0,0571","7,3834","0,2139","-0,0581","0,9424","-0,414","-4,2823","1,5241","-129,6694","7,7911","62,0941","-4,72","-13,31","-173,89",1,,,,
121945,143834,"-21,9416008","-48,95267487","509,1",1,7,"463,68","958,78","31,55","2,2616","-4,0838","-0,0891","0,0338",0,"0,0856","1,6946","0,0571","7,3986","0,2144","-0,0566","0,9463","-1,0848","-1,1116","0,1216","-128,9741","8,4032","62,4876","-4,68","-13,4","-173,86",1,,,,
122098,143834,"-21,9416008","-48,95267487","509,1",1,7,"463,51","958,8","31,57","2,2616","-4,0837","-0,0956","0,0345",0,"0,1366","1,7289","0,0571","7,4171","0,2246","-0,0542","0,9531","-0,0482","1,8152","-0,3052","-129,2581","8,0178","62,4747","-4,67","-13,49","-173,86",1,,,,
122145,143834,"-21,9416008","-48,95267487","509,1",1,7,"463,51","958,8","31,57","2,2616","-4,0836","-0,1011","0,0351",0,"0,1381","1,7597","0,0571","7,4114","0,2319","-0,0469","0,9478","0,3177","-2,697","0,6704","-128,2798","8,2327","62,587","-4,64","-13,55","-173,9",1,,,,
122245,143834,"-21,9416008","-48,95267487","509,1",1,7,"463,51","958,8","31,57","2,2616","-4,0835","-0,1057","0,0353",0,"0,1388","1,7718","0,0571","7,3843","0,2246","-0,0596","0,9351","-0,6579","0,2299","-0,3052","-128,4224","7,6487","62,4335","-4,59","-13,58","-173,92",1,,,,
122345,143834,"-21,9416008","-48,95267487","509,1",1,7,"463,51","958,8","31,57","2,2616","-4,0835","-0,1095","0,0348",0,"0,1405","1,7435","0,0571","7,4139","0,2222","-0,064","0,9551","-0,6579","0,1079","1,8899","-127,8462","9,1821","62,4991","-4,58","-13,59","-173,96",1,,,,
122445,143834,"-21,9416008","-48,95267487","509,1",1,7,"463,51","958,8","31,57","2,2616","-4,0834","-0,1127","0,0339",0,"0,1419","1,7008","0,0571","7,4379","0,2124","-0,0596","0,9556","-2,5482","1,5104","-0,9149","-128,8062","9,3085","61,8984","-4,62","-13,59","-173,99",1,,,,
122598,143834,"-21,9416008","-48,95267487","509,1",1,7,"463,99","958,75","31,56","2,2616","-4,0833","-0,1931","0,0341",0,"0,0294","1,7118","0,0571","7,4609","0,2212","-0,0518","0,9536","-0,7189","2,425","1,4021","-128,5537","7,4261","62,0457","-4,67","-13,5","-174,03",1,,,,
122645,143834,"-21,9416008","-48,95267487","509,1",1,7,"463,99","958,75","31,56","2,2616","-4,0832","-0,2603","0,0344",0,"0,0484","1,7248","0,0571","7,4421","0,2241","-0,0508","0,9478","-1,9384","-1,5384","-1,6466","-129,1014","8,5618","62,1198","-4,69","-13,37","-174,04",1,,,,
122745,143834,"-21,9416008","-48,95267487","509,1",1,7,"463,99","958,75","31,56","2,2616","-4,0831","-0,3165","0,0339",0,"0,0638","1,702","0,0571","7,4075","0,2173","-0,0679","0,9375","2,2079","2,7299","-2,1954","-127,951","10,0634","61,6628","-4,72","-13,28","-174,06",1,,,,
122845,143834,"-21,9416008","-48,95267487","509,1",1,7,"463,99","958,75","31,56","2,2616","-4,0831","-0,3634","0,0343",0,"0,0773","1,722","0,0571","7,405","0,2241","-0,0527","0,9492","-1,1457","0,1689","-1,2198","-128,5221","9,6939","61,9112","-4,69","-13,19","-174,16",1,,,,
122945,143834,"-21,9416008","-48,95267487","509,1",1,7,"463,99","958,75","31,56","2,2616","-4,083","-0,4026","0,0336",0,"0,0891","1,687","0,0571","7,4295","0,2144","-0,0776","0,9556","1,1713","-0,5018","1,2192","-128,4","8,3714","61,9649","-4,65","-13,13","-174,25",1,,,,
123098,143834,"-21,9416008","-48,95267487","509,1",1,7,"464,33","958,71","31,56","2,2616","-4,0829","-0,4927","0,0344",0,"0,0158","1,7253","0,0571","7,4885","0,2271","-0,062","0,9678","0,3787","1,0226","-2,3784","-129,3712","8,1365","61,5985","-4,65","-13,08","-174,19",1,,,,
123145,143836,"-21,9416008","-48,95267487","509,1",1,7,"464,33","958,71","31,56","2,2616","-4,0828","-0,568","0,0354",0,"0,0371","1,7745","0,0571","7,4671","0,2378","-0,0537","0,9497","-0,414","0,047","-2,8052","-129,3783","8,1565","61,8527","-4,6","-13,03","-174,18",1,,,,
123245,143836,"-21,9416008","-48,95267487","509,1",1,7,"464,33","958,71","31,56","2,2616","-4,0828","-0,6308","0,0351",0,"0,0558","1,7613","0,0571","7,4996","0,2261","-0,0508","0,9629","-0,8409","0,9616","1,4021","-128,9741","8,4032","62,4876","-4,53",-13,"-174,27",1,,,,
123345,143836,"-21,9416008","-48,95267487","509,1",1,7,"464,33","958,71","31,56","2,2616","-4,0827","-0,6834","0,0348",0,"0,0695","1,7436","0,0571","7,4245","0,2236","-0,063","0,9453","-2,3652","0,8396","2,0119","-129,248","7,5966","61,9463","-4,55","-12,99","-174,3",1,,,,
123445,143836,"-21,9416008","-48,95267487","509,1",1,7,"464,33","958,71","31,56","2,2616","-4,0826","-0,7273","0,0347",0,"0,0821","1,7389","0,0571","7,4241","0,2202","-0,0771","0,9443","-1,0238","1,5104","-2,9881","-128,4224","7,6487","62,4335","-4,68",-13,"-174,2",1,,,,
123736,143836,"-21,9416008","-48,95267487","509,1",1,7,"463,85","958,76","31,58","2,2616","-4,0826","-0,6845","0,0351",0,"0,2091","1,7613","0,0571","7,4298","0,228","-0,0825","0,9634","-1,4506","0,3518","-1,2198","-129,3936","7,4139","62,067","-4,62","-13,04","-174,3",1,,,,
123783,143836,"-21,9416008","-48,95267487","509,1",1,7,"463,85","958,76","31,58","2,2616","-4,0825","-0,6487","0,0341",0,"0,1986","1,7091","0,0571","7,4203","0,207","-0,062","0,9478","-0,414","-0,7457","0,9753","-127,5927","8,0822","62,9405","-4,59","-13,02","-174,32",1,,,,
123883,143836,"-21,9416008","-48,95267487","509,1",1,7,"463,85","958,76","31,58","2,2616","-4,0824","-0,6188","0,0346",0,"0,19","1,7326","0,0571","7,4194","0,2275","-0,0635","0,9517","-0,414","-1,1116","-0,4271","-128,8234","9,7497","62,681","-4,56","-13,02","-174,38",1,,,,
123983,143836,"-21,9416008","-48,95267487","509,1",1,7,"463,85","958,76","31,58","2,2616","-4,0824","-0,5938","0,0345",0,"0,1823","1,7275","0,0571","7,3975","0,2134","-0,0586","0,9443","-1,3287","1,0835","2,1338","-127,5825","7,661","62,4121","-4,57","-13,04","-174,46",1,,,,
124083,143836,"-21,9416008","-48,95267487","509,1",1,7,"463,85","958,76","31,58","2,2616","-4,0823","-0,5729","0,035",0,"0,1757","1,7568","0,0571","7,365","0,2334","-0,0566","0,9414","-1,0848","-1,0506","-0,732","-128,97","8,7844","62,5076","-4,68","-13,02","-174,39",1,,,,
124236,143837,"-21,9416008","-48,95267487","509,1",1,7,"463,38","958,82","31,59","2,2616","-4,0822","-0,4777","0,0347",0,"0,2849","1,7377","0,0571","7,3898","0,2183","-0,061","0,9487","-1,1457","-1,7213","-1,5857","-129,0861","9,3044","61,9055","-4,76","-13,02","-174,29",1,,,,
124283,143837,"-21,9416008","-48,95267487","509,1",1,7,"463,38","958,82","31,59","2,2616","-4,0822","-0,3982","0,0344",0,"0,2624","1,7228","0,0571","7,4109","0,2173","-0,0703","0,9541","-0,9628","-2,453","-1,7076","-128,6911","8,006","62,2063","-4,77","-13,11","-174,3",1,,,,
124383,143837,"-21,9416008","-48,95267487","509,1",1,7,"463,38","958,82","31,59","2,2616","-4,0821","-0,3317","0,0345",0,"0,2433","1,7309","0,0571","7,41","0,2158","-0,0449","0,9438","-0,9018","-0,7457","1,768","-129,4108","7,855","62,8497","-4,75","-13,21","-174,37",1,,,,
124483,143837,"-21,9416008","-48,95267487","509,1",1,7,"463,38","958,82","31,59","2,2616","-4,082","-0,2762","0,0343",0,"0,2271","1,7175","0,0571","7,4037","0,2212","-0,0679","0,9521","0,6835","0,1689","-0,793","-128,2656","8,1928","62,0785","-4,72","-13,25","-174,42",1,,,,
124583,143837,"-21,9416008","-48,95267487","509,1",1,7,"463,38","958,82","31,59","2,2616","-4,082","-0,2298","0,0342",0,"0,2134","1,7135","0,0571","7,386","0,2207","-0,064","0,9424","-1,1457","0,4738","-1,5247","-129,3813","8,5577","62,1269","-4,68","-13,25","-174,47",1,,,,
124736,143837,"-21,9416008","-48,95267487","509,1",1,7,"463,38","958,82","31,58","2,2616","-4,0819","-0,191","0,0343",0,"0,2026","1,719","0,0571","7,4051","0,2144","-0,0532","0,9487","-1,1457","1,0226","2,5607","-128,6759","8,7486","61,992","-4,69","-13,29","-174,55",1,,,,
124783,143837,"-21,9416008","-48,95267487","509,1",1,7,"463,38","958,82","31,58","2,2616","-4,0819","-0,1586","0,0342",0,"0,1936","1,7155","0,0571","7,4202","0,2192","-0,0532","0,9536","-0,536","0,7787","-0,2442","-128,1231","8,7767","62,232","-4,77","-13,31","-174,54",1,,,,
124883,143837,"-21,9416008","-48,95267487","509,1",1,7,"463,38","958,82","31,58","2,2616","-4,0818","-0,1316","0,0347",0,"0,1857","1,7385","0,0571","7,4158","0,2217","-0,0586","0,9419","-0,7189","-3,9165","1,768","-128,4153","7,6288","62,1792","-4,83","-13,3","-174,48",1,,,,
124983,143837,"-21,9416008","-48,95267487","509,1",1,7,"463,38","958,82","31,58","2,2616","-4,0817","-0,109","0,0341",0,"0,1792","1,7119","0,0571","7,4174","0,2231","-0,0532","0,9541","-1,0848","0,2909","-0,0613","-128,6688","8,7286","61,7378","-4,84","-13,38","-174,37",1,,,,
125083,143837,"-21,9416008","-48,95267487","509,1",1,7,"463,38","958,82","31,58","2,2616","-4,0817","-0,0901","0,0343",0,"0,1733","1,7221","0,0571","7,3944","0,2188","-0,0522","0,9409","-0,1701","2,6689","-0,1832","-129,2429","8,7604","62,2605","-4,85","-13,41","-174,33",1,,,,
125236,143837,"-21,9416008","-48,95267487","509,1",1,7,"464,33","958,71","31,58","2,2616","-4,0816","-0,2316","0,0343",0,"-0,0615","1,7195","0,0571","7,3862","0,2158","-0,0669","0,9443","-0,1701","0,7177","-1,9515","-129,1024","7,7793","61,8257","-4,83","-13,3","-174,36",1,,,,
125283,143837,"-21,9416008","-48,95267487","509,1",1,7,"464,33","958,71","31,58","2,2616","-4,0816","-0,3498","0,0342",0,"-0,0264","1,7158","0,0571","7,4343","0,2192","-0,0674","0,9629","2,2079","1,5104","1,0363","-129,5422","7,6324","62,4619","-4,77","-13,2","-174,42",1,,,,
125383,143837,"-21,9416008","-48,95267487","509,1",1,7,"464,33","958,71","31,58","2,2616","-4,0815","-0,4486","0,0349",0,"0,0016","1,7512","0,0571","7,4116","0,2256","-0,0601","0,9453","-0,414","1,2055","1,0973","-129,2541","8,3991","62,4947","-4,65","-13,1","-174,46",1,,,,
125483,143837,"-21,9416008","-48,95267487","509,1",1,7,"464,33","958,71","31,58","2,2616","-4,0815","-0,5312","0,0344",0,"0,0257","1,7269","0,0571","7,4287","0,2183","-0,0669","0,9521","-0,8409","1,5104","-0,1832","-128,5333","9,3326","62,1455","-4,58","-13,02","-174,45",1,,,,
125583,143837,"-21,9416008","-48,95267487","509,1",1,7,"464,33","958,71","31,58","2,2616","-4,0814","-0,6001","0,0346",0,"0,0453","1,7354","0,0571","7,418","0,2266","-0,0601","0,9453","1,1713","-2,7579","-1,1588","-128,2727","8,2127","62,3327","-4,63","-12,96","-174,44",1,,,,
125859,143837,"-21,9416008","-48,95267487","509,1",1,7,"463,85","958,76","31,6","2,2616","-4,0813","-0,5782","0,0355",0,"0,1782","1,7821","0,0571","7,4152","0,2275","-0,0552","0,9556","-0,1091","-0,014","0,1216","-128,3929","8,3514","61,7107","-4,66","-13,17","-174,65",1,,,,
125906,143837,"-21,9416008","-48,95267487","509,1",1,7,"463,85","958,76","31,6","2,2616","-4,0813","-0,5599","0,0349",0,"0,1724","1,7496","0,0571","7,3899","0,2158","-0,0708","0,9409","-1,8774","-1,6604","-1,5247","-128,1231","8,7767","62,232","-4,63","-13,19","-174,68",1,,,,
126006,143837,"-21,9416008","-48,95267487","509,1",1,7,"463,85","958,76","31,6","2,2616","-4,0812","-0,5446","0,0346",0,"0,168","1,7343","0,0571","7,3889","0,2173","-0,0625","0,9453","-0,1701","-0,6238","0,7314","-128,7909","10,0511","61,6841","-4,63","-13,23","-174,76",1,,,,
126106,143837,"-21,9416008","-48,95267487","509,1",1,7,"463,85","958,76","31,6","2,2616","-4,0812","-0,5318","0,0353",0,"0,1638","1,7673","0,0571","7,3632","0,2324","-0,062","0,9385","-0,9628","2,6689","1,3412","-128,5415","8,57","62,1056","-4,68","-13,22","-174,79",1,,,,
126206,143839,"-21,9416008","-48,95267487","509,1",1,7,"463,85","958,76","31,6","2,2616","-4,0811","-0,5212","0,0343",0,"0,1616","1,7211","0,0571","7,4058","0,2085","-0,0557","0,9497","0,2567","0,2299","-0,1832","-128,4","8,3714","61,9649","-4,76","-13,16","-174,72",1,,,,
126359,143839,"-21,9416008","-48,95267487","509,1",1,7,"463,79","958,77","31,61","2,2617","-4,0811","-0,5014","0,035",0,"0,1748","1,7561","0,0571","7,4013","0,2305","-0,0591","0,9448","0,1957","-1,2335","0,8534","-130,101","8,4068","62,7703","-4,79","-13,07","-174,63",1,,,,
126406,143839,"-21,9416008","-48,95267487","509,1",1,7,"463,79","958,77","31,61","2,2616","-4,081","-0,4849","0,034",0,"0,1699","1,7026","0,0571","7,396","0,2061","-0,0571","0,9463","-1,3287","0,4128","2,4387","-128,3847","9,114","61,7506","-4,77","-13,02","-174,56",1,,,,
126506,143839,"-21,9416008","-48,95267487","509,1",1,7,"463,79","958,77","31,61","2,2616","-4,081","-0,471","0,034",0,"0,166","1,7039","0,0571","7,3959","0,2158","-0,0566","0,9487","-2,7921","-1,7823","0,9753","-128,5385","8,1687","61,8314","-4,76","-12,99","-174,47",1,,,,
126606,143839,"-21,9416008","-48,95267487","509,1",1,7,"463,79","958,77","31,61","2,2616","-4,0809","-0,4595","0,0339",0,"0,1629","1,699","0,0571","7,4109","0,2129","-0,062","0,9521","-0,9018","-1,5994","-2,1345","-128,9761","9,587","63,0559","-4,83","-13,02","-174,44",1,,,,
126706,143839,"-21,9416008","-48,95267487","509,1",1,7,"463,79","958,77","31,61","2,2616","-4,0809","-0,4499","0,0345",0,"0,16","1,732","0,0571","7,4016","0,2246","-0,0752","0,9492","-0,536","-0,8677","-1,2198","-128,8286","8,5859","62,3669","-4,89","-13,12","-174,52",1,,,,
126859,143839,"-21,9416008","-48,95267487","509,1",1,7,"463,78","958,77","31,6","2,2616","-4,0808","-0,4414","0,0344",0,"0,1579","1,7237","0,0571","7,3824","0,2139","-0,062","0,9429","-1,5726","2,7299","2,3777","-128,9782","8,0219","62,4676","-4,91","-13,22","-174,53",1,,,,
126906,143839,"-21,9416008","-48,95267487","509,1",1,7,"463,78","958,77","31,6","2,2616","-4,0808","-0,4343","0,0352",0,"0,1559","1,7632","0,0571","7,3842","0,2344","-0,062","0,9468","1,1104","-3,4287","-1,1588","-128,2727","8,2127","62,3327","-4,95","-13,26","-174,47",1,,,,
127006,143839,"-21,9416008","-48,95267487","509,1",1,7,"463,78","958,77","31,6","2,2617","-4,0808","-0,4284","0,0349",0,"0,1541","1,7497","0,0571","7,3808","0,2158","-0,0474","0,9473","0,1348","-0,8677","1,707","-128,4254","8,05","62,7076","-4,95","-13,29","-174,44",1,,,,
127106,143839,"-21,9416008","-48,95267487","509,1",1,7,"463,78","958,77","31,6","2,2617","-4,0807","-0,4234","0,0351",0,"0,1539","1,7615","0,0571","7,4399","0,2275","-0,0522","0,958","-0,475","0,5348","-2,4393","-128,683","8,7686","62,2462","-4,9","-13,33","-174,49",1,,,,
127206,143840,"-21,9416008","-48,95267487","509,1",1,7,"463,78","958,77","31,6","2,2617","-4,0807","-0,4193","0,0352",0,"0,1514","1,7648","0,0571","7,3779","0,2202","-0,0493","0,937","0,9274","0,6567","8,0485","-128,97","8,7844","62,5076","-4,83","-13,31","-174,58",1,,,,
127359,143840,"-21,9416008","-48,95267487","509,1",1,7,"463,51","958,8","31,6","2,2617","-4,0806","-0,3715","0,0346",0,"0,2151","1,7334","0,0571","7,3666","0,1987","-0,1406","0,9302","-1,7555","2,2421","-2,8662","-128,9558","8,7445","61,9991","-4,74","-13,29","-174,49",1,,,,
127406,143840,"-21,9416008","-48,95267487","509,1",1,7,"463,51","958,8","31,6","2,2617","-4,0806","-0,3316","0,0351",0,"0,2035","1,76","0,0571","7,3645","0,231","-0,0508","0,9438","0,5006","-0,8677","-0,671","-128,6718","9,1299","62,012","-4,66","-13,32","-174,44",1,,,,
127506,143840,"-21,9416008","-48,95267487","509,1",1,7,"463,51","958,8","31,6","2,2617","-4,0805","-0,2982","0,0345",0,"0,1946","1,7302","0,0571","7,3974","0,2148","-0,0518","0,96","-0,9018","-2,9409","1,768","-128,9619","9,547","62,5475","-4,59","-13,31","-174,45",1,,,,
127606,143840,"-21,9416008","-48,95267487","509,1",1,7,"463,51","958,8","31,6","2,2617","-4,0805","-0,2704","0,035",0,"0,1872","1,7557","0,0571","7,4302","0,2363","-0,0659","0,9561","0,5006","-1,3555","1,1582","-129,0861","9,3044","61,9055","-4,56","-13,31","-174,43",1,,,,
127706,143840,"-21,9416008","-48,95267487","509,1",1,7,"463,51","958,8","31,6","2,2617","-4,0804","-0,2471","0,0355",0,"0,1799","1,7821","0,0571","7,4012","0,2373","-0,0542","0,9448","-0,2311","-0,197","0,7924","-129,0902","8,9232","61,8855","-4,53","-13,35","-174,42",1,,,,
127982,143840,"-21,9416008","-48,95267487","509,1",1,7,"464,19","958,72","31,6","2,2617","-4,0804","-0,3393","0,0337",0,"0,0111","1,6922","0,0571","7,4077","0,2056","-0,0684","0,9502","-0,7189","-0,075","-0,3052","-128,5568","7,8274","62,3199","-4,52","-13,49","-174,4",1,,,,
128029,143840,"-21,9416008","-48,95267487","509,1",1,7,"464,19","958,72","31,6","2,2617","-4,0804","-0,4164","0,0344",0,"0,0331","1,7269","0,0571","7,4005","0,2295","-0,0391","0,9463","0,8665","0,7787","-2,9881","-129,3986","8,9989","62,9095","-4,53","-13,49","-174,4",1,,,,
128129,143840,"-21,9416008","-48,95267487","509,1",1,7,"464,19","958,72","31,6","2,2617","-4,0803","-0,4807","0,0344",0,"0,0528","1,7246","0,0571","7,4543","0,2212","-0,0488","0,9634","-1,5116","0,7177","-0,4881","-128,6952","7,6247","62,1863","-4,56","-13,49","-174,47",1,,,,
128229,143840,"-21,9416008","-48,95267487","509,1",1,7,"464,19","958,72","31,6","2,2617","-4,0803","-0,5345","0,0348",0,"0,0676","1,7424","0,0571","7,4236","0,2222","-0,0571","0,9443","-0,0482","-0,8677","0,7314","-128,6636","9,8925","62,0519","-4,64","-13,45","-174,51",1,,,,
128329,143840,"-21,9416008","-48,95267487","509,1",1,7,"464,19","958,72","31,6","2,2617","-4,0802","-0,5795","0,0356",0,"0,0805","1,7865","0,0571","7,4196","0,2417","-0,0625","0,958","0,3177","-0,136","-0,671","-128,6931","9,1898","62,7746","-4,7","-13,41","-174,49",1,,,,
128482,143840,"-21,9416008","-48,95267487","509,1",1,7,"463,51","958,8","31,61","2,2617","-4,0802","-0,5053","0,0356",0,"0,2551","1,787","0,0571","7,4408","0,2314","-0,0513","0,9546","-1,1457","0,8396","1,707","-128,2758","8,614","62,6069","-4,68","-13,41","-174,54",1,,,,
128529,143840,"-21,9416008","-48,95267487","509,1",1,7,"463,51","958,8","31,61","2,2617","-4,0802","-0,4434","0,0356",0,"0,2372","1,7832","0,0571","7,4395","0,2261","-0,0557","0,9517","-0,6579","1,1445","0,2436","-127,7271","8,2608","62,827","-4,68","-13,43","-174,57",1,,,,
128629,143840,"-21,9416008","-48,95267487","509,1",1,7,"463,51","958,8","31,61","2,2617","-4,0801","-0,3916","0,0357",0,"0,2226","1,79","0,0571","7,4566","0,2241","-0,0532","0,9648","-1,2067","-0,4409","0,1826","-127,8391","9,1621","62,2449","-4,71","-13,41","-174,58",1,,,,
128729,143840,"-21,9416008","-48,95267487","509,1",1,7,"463,51","958,8","31,61","2,2617","-4,0801","-0,3484","0,0349",0,"0,2091","1,7494","0,0571","7,404","0,2246","-0,0688","0,938","1,1713","-0,197","-0,4271","-128,6871","8,3873","62,2263","-4,72","-13,39","-174,58",1,,,,
128829,143840,"-21,9416008","-48,95267487","509,1",1,7,"463,51","958,8","31,61","2,2617","-4,0801","-0,3123","0,0351",0,"0,1993","1,7608","0,0571","7,4343","0,2212","-0,0566","0,957","2,147","0,2909","-0,671","-128,6881","7,6047","61,9321","-4,65","-13,39","-174,57",1,,,,
128982,143840,"-21,9416008","-48,95267487","509,1",1,7,"463,78","958,77","31,62","2,2618","-4,08","-0,3264","0,0351",0,"0,1247","1,7589","0,0571","7,3803","0,2173","-0,0645","0,9429","-0,8409","0,4738","1,5851","-129,1126","8,2005","62,3541","-4,55","-13,39","-174,53",1,,,,
129029,143840,"-21,9416008","-48,95267487","509,1",1,7,"463,78","958,77","31,62","2,2618","-4,08","-0,3383","0,0355",0,"0,1283","1,7822","0,0571","7,3885","0,2324","-0,0659","0,9487","-0,7189","-1,0506","0,6095","-128,6799","8,3673","61,972","-4,53","-13,4","-174,45",1,,,,
129129,143840,"-21,9416008","-48,95267487","509,1",1,7,"463,78","958,77","31,62","2,2618","-4,0799","-0,3481","0,0354",0,"0,1314","1,7725","0,0571","7,4001","0,2266","-0,0557","0,9497","-1,8774","-0,6238","-0,9759","-128,9772","8,8044","62,7618","-4,54","-13,42","-174,42",1,,,,
129229,143842,"-21,9416008","-48,95267487","509,1",1,7,"463,78","958,77","31,62","2,2618","-4,0799","-0,3564","0,0359",0,"0,1345","1,7995","0,0571","7,4386","0,2295","-0,0571","0,9561","-0,2921","-1,1116","1,3412","-129,5116","9,1177","62,0333","-4,55","-13,43","-174,49",1,,,,
129329,143842,"-21,9416008","-48,95267487","509,1",1,7,"463,78","958,77","31,62","2,2618","-4,0799","-0,3633","0,0352",0,"0,1366","1,7636","0,0571","7,4416","0,2217","-0,0771","0,9507","-0,536","-0,2579","0,0607","-128,403","8,7726","62,2391","-4,57","-13,45","-174,49",1,,,,
129482,143842,"-21,9416008","-48,95267487","509,1",1,7,"463,51","958,8","31,62","2,2618","-4,0798","-0,3247","0,0341",0,"0,2025","1,7104","0,0571","7,4108","0,2178","-0,063","0,9482","-0,475","0,1079","-2,5613","-128,4082","7,6088","61,925","-4,6","-13,48","-174,43",1,,,,
129529,143842,"-21,9416008","-48,95267487","509,1",1,7,"463,51","958,8","31,62","2,2618","-4,0798","-0,2925","0,0348",0,"0,1927","1,7453","0,0571","7,3854","0,2314","-0,0518","0,9404","-0,536","0,4738","-2,8052","-129,5228","8,7563","62,2676","-4,61","-13,5","-174,47",1,,,,
129629,143842,"-21,9416008","-48,95267487","509,1",1,7,"463,51","958,8","31,62","2,2618","-4,0798","-0,2656","0,0355",0,"0,1854","1,7773","0,0571","7,4085","0,2251","-0,0493","0,9473","-1,0238","0,7787","0,6095","-128,7043","8,8285","63,0089","-4,62","-13,51","-174,6",1,,,,
129729,143842,"-21,9416008","-48,95267487","509,1",1,7,"463,51","958,8","31,62","2,2618","-4,0797","-0,2431","0,0359",0,"0,1816","1,8009","0,0571","7,5416","0,2329","-0,1382","1,002","3,1835","1,4494","-0,793","-128,9711","8,0019","62,2134","-4,67","-13,5","-174,66",1,,,,
129829,143842,"-21,9416008","-48,95267487","509,1",1,7,"463,51","958,8","31,62","2,2618","-4,0797","-0,2243","0,0363",0,"0,1738","1,8188","0,0571","7,427","0,2207","-0,0464","0,9385","-1,8774","-0,2579","-0,6101","-128,3847","9,114","61,7506","-4,66","-13,46","-174,61",1,,,,
130168,143843,"-21,9416008","-48,95267487","509,1",1,7,"464,33","958,71","31,62","2,2618","-4,0797","-0,3433","0,0358",0,"-0,028","1,7948","0,0571","7,4146","0,2251","-0,0508","0,9517","1,4152","0,9006","-0,6101","-128,7013","8,4272","62,7347","-4,78","-13,57","-174,21",1,,,,
130215,143843,"-21,9416008","-48,95267487","509,1",1,7,"464,33","958,71","31,62","2,2618","-4,0796","-0,4427","0,0351",0,"0,0008","1,7584","0,0571","7,4183","0,2158","-0,0674","0,9507","0,6835","1,9372","-0,4271","-129,2521","7,2153","61,9264","-4,78","-13,56","-174,15",1,,,,
130315,143843,"-21,9416008","-48,95267487","509,1",1,7,"464,33","958,71","31,62","2,2618","-4,0796","-0,5258","0,0341",0,"0,0251","1,7086","0,0571","7,4371","0,2163","-0,0522","0,9512","-1,2677","3,0348","1,768","-128,9406","9,4871","61,7848","-4,74","-13,48","-174,08",1,,,,
130415,143843,"-21,9416008","-48,95267487","509,1",1,7,"464,33","958,71","31,62","2,2618","-4,0796","-0,5952","0,0335",0,"0,0438","1,6792","0,0571","7,3752","0,2119","-0,0742","0,939","-1,0848","0,9616","2,3168","-129,5259","9,1576","62,5417","-4,77","-13,3","-173,96",1,,,,
130515,143843,"-21,9416008","-48,95267487","509,1",1,7,"464,33","958,71","31,62","2,2618","-4,0795","-0,6532","0,0334",0,"0,0612","1,6732","0,0571","7,4113","0,2202","-0,0591","0,9561","-0,7799","0,6567","-1,7686","-128,8245","8,9672","62,3869","-4,87","-13,16","-173,85",1,,,,
130668,143843,"-21,9416008","-48,95267487","509,1",1,7,"463,99","958,75","31,63","2,2618","-4,0795","-0,6447","0,0336",0,"0,1589","1,6826","0,0571","7,4339","0,2183","-0,0513","0,9536","-0,1091","2,0591","1,4631","-128,7125","8,0659","62,969","-4,9","-13,05","-173,92",1,,,,
130715,143843,"-21,9416008","-48,95267487","509,1",1,7,"463,99","958,75","31,63","2,2618","-4,0795","-0,6376","0,0332",0,"0,1572","1,667","0,0571","7,4518","0,2114","-0,0688","0,9575","0,7445","0,1689","0,6704","-128,9965","7,6805","62,9561","-4,89","-12,91","-174,04",1,,,,
130815,143843,"-21,9416008","-48,95267487","509,1",1,7,"463,99","958,75","31,63","2,2618","-4,0795","-0,6317","0,034",0,"0,1546","1,7034","0,0571","7,407","0,2271","-0,062","0,9395","0,0128","1,0835","-1,4637","-128,5344","8,55","61,8514","-4,84","-12,78","-174,09",1,,,,
130915,143843,"-21,9416008","-48,95267487","509,1",1,7,"463,99","958,75","31,63","2,2618","-4,0794","-0,6267","0,0342",0,"0,1533","1,7155","0,0571","7,4093","0,2217","-0,0479","0,9521","-1,5726","-0,136","0,2436","-129,2693","7,6565","62,709","-4,76","-12,72","-174,15",1,,,,
131015,143843,"-21,9416008","-48,95267487","509,1",1,7,"463,99","958,75","31,63","2,2618","-4,0794","-0,6226","0,035",0,"0,1531","1,7567","0,0571","7,4616","0,2251","-0,0547","0,9668","-0,536","-3,0018","2,8655","-128,9843","8,8244","63,016","-4,69","-12,72","-174,16",1,,,,
131168,143843,"-21,9416008","-48,95267487","509,1",1,7,"463,85","958,76","31,64","2,2618","-4,0794","-0,5965","0,0344",0,"0,1854","1,7255","0,0571","7,4732","0,2183","-0,0664","0,9565","1,7201","-0,136","-0,6101","-128,6799","8,3673","61,972","-4,69","-12,81","-173,99",1,,,,
131215,143843,"-21,9416008","-48,95267487","509,1",1,7,"463,85","958,76","31,64","2,2618","-4,0793","-0,5748","0,0345",0,"0,1796","1,7301","0,0571","7,4966","0,2227","-0,0605","0,9634","1,4762","0,1689","-1,6466","-129,0872","8,5219","61,6114","-4,66","-12,94","-173,83",1,,,,
131315,143843,"-21,9416008","-48,95267487","509,1",1,7,"463,85","958,76","31,64","2,2618","-4,0793","-0,5566","0,0351",0,"0,1746","1,7622","0,0571","7,5091","0,229","-0,0649","0,9619","-1,1457","0,7177","0,2436","-129,6766","7,811","62,3483","-4,6","-13,01","-173,76",1,,,,
131415,143843,"-21,9416008","-48,95267487","509,1",1,7,"463,85","958,76","31,64","2,2618","-4,0793","-0,5414","0,0346",0,"0,1698","1,734","0,0571","7,4897","0,2202","-0,0737","0,9546","0,8055","-0,2579","0,4875","-128,6942","8,4072","62,4805","-4,63","-13,01","-173,7",1,,,,
131515,143843,"-21,9416008","-48,95267487","509,1",1,7,"463,85","958,76","31,64","2,2618","-4,0793","-0,5287","0,035",0,"0,1654","1,7529","0,0571","7,4533","0,2266","-0,062","0,9458","-1,5726","-1,9652","-0,854","-128,3959","8,7527","61,9849","-4,64","-13,01","-173,66",1,,,,
131668,143843,"-21,9416008","-48,95267487","509,1",1,7,"463,51","958,8","31,63","2,2618","-4,0792","-0,4629","0,0357",0,"0,2428","1,7875","0,0571","7,4365","0,2222","-0,0518","0,9526","-0,8409","-0,9896","1,5851","-129,3518","9,2604","61,4042","-4,64","-13,09","-173,7",1,,,,
131715,143843,"-21,9416008","-48,95267487","509,1",1,7,"463,51","958,8","31,63","2,2618","-4,0792","-0,4079","0,0354",0,"0,2277","1,7763","0,0571","7,4724","0,2236","-0,0591","0,9639","3,0006","0,047","-0,1832","-129,2226","7,918","61,2036","-4,64","-13,19","-173,73",1,,,,
131815,143843,"-21,9416008","-48,95267487","509,1",1,7,"463,51","958,8","31,63","2,2618","-4,0792","-0,362","0,036",0,"0,2146","1,803","0,0571","7,4817","0,2324","-0,0679","0,958","0,8055","0,7177","-0,3662","-128,686","9,1698","62,5204","-4,58","-13,27","-173,71",1,,,,
131915,143843,"-21,9416008","-48,95267487","509,1",1,7,"463,51","958,8","31,63","2,2618","-4,0792","-0,3237","0,0348",0,"0,2024","1,7453","0,0571","7,4237","0,2139","-0,0498","0,9395","-1,0848","-0,197","-0,2442","-128,7013","8,4272","62,7347","-4,55","-13,33","-173,69",1,,,,
132015,143843,"-21,9416008","-48,95267487","509,1",1,7,"463,51","958,8","31,63","2,2618","-4,0791","-0,2916","0,0351",0,"0,1922","1,7602","0,0571","7,3744","0,2251","-0,0557","0,9375","2,6957","-0,014","2,0729","-128,8398","8,2245","62,6012","-4,55","-13,33","-173,69",1,,,,
132291,143845,"-21,9416008","-48,95267487","509,1",1,7,"463,78","958,77","31,62","2,2618","-4,0791","-0,3092","0,0343",0,"0,1202","1,7191","0,0571","7,3996","0,2129","-0,0591","0,959","0,1348","1,2055","0,8534","-128,3989","9,1539","62,2591","-4,33","-13,25","-173,62",1,,,,
132338,143845,"-21,9416008","-48,95267487","509,1",1,7,"463,78","958,77","31,62","2,2618","-4,0791","-0,3238","0,0346",0,"0,1243","1,7357","0,0571","7,3934","0,2261","-0,0576","0,9458","-0,7189","-0,197","-0,3662","-128,2687","8,594","62,3527","-4,3","-13,23","-173,61",1,,,,
132438,143845,"-21,9416008","-48,95267487","509,1",1,7,"463,78","958,77","31,62","2,2618","-4,0791","-0,3361","0,0349",0,"0,1284","1,7483","0,0571","7,4232","0,2261","-0,0562","0,9561","0,2567","-1,1726","1,707","-128,4082","7,6088","61,925","-4,32","-13,22","-173,6",1,,,,
132538,143845,"-21,9416008","-48,95267487","509,1",1,7,"463,78","958,77","31,62","2,2618","-4,079","-0,3463","0,0349",0,"0,1315","1,7503","0,0571","7,4311","0,2271","-0,064","0,9507","-2,0604","-0,136","0,2436","-128,6871","8,3873","62,2263","-4,35","-13,26","-173,56",1,,,,
132638,143845,"-21,9416008","-48,95267487","509,1",1,7,"463,78","958,77","31,62","2,2618","-4,079","-0,3548","0,0354",0,"0,1335","1,7747","0,0571","7,407","0,2251","-0,0552","0,9453","-1,5116","-1,8433","-0,3662","-128,8357","8,6058","62,6211","-4,41","-13,31","-173,56",1,,,,
132791,143845,"-21,9416008","-48,95267487","509,1",1,7,"463,38","958,82","31,63","2,2618","-4,079","-0,2951","0,0348",0,"0,234","1,7428","0,0571","7,4391","0,2153","-0,0527","0,9551","0,1957","1,0835","1,3412","-128,6871","8,3873","62,2263","-4,46","-13,39","-173,6",1,,,,
132838,143845,"-21,9416008","-48,95267487","509,1",1,7,"463,38","958,82","31,63","2,2618","-4,079","-0,2451","0,0353",0,"0,2197","1,7681","0,0571","7,4426","0,2314","-0,0659","0,9531","0,4396","-0,9896","-1,4637","-129,2612","8,419","62,7489","-4,47","-13,47","-173,65",1,,,,
132938,143845,"-21,9416008","-48,95267487","509,1",1,7,"463,38","958,82","31,63","2,2618","-4,0789","-0,2034","0,035",0,"0,2077","1,7557","0,0571","7,444","0,2256","-0,0518","0,9546","-1,2677","-0,8677","0,2436","-128,4071","8,3914","62,2192","-4,44","-13,55","-173,69",1,,,,
133038,143845,"-21,9416008","-48,95267487","509,1",1,7,"463,38","958,82","31,63","2,2619","-4,0789","-0,1685","0,0352",0,"0,1973","1,7631","0,0571","7,4243","0,2261","-0,0708","0,9463","-2,975","0,1079","-0,1832","-128,6942","8,4072","62,4805","-4,47","-13,59","-173,71",1,,,,
133138,143846,"-21,9416008","-48,95267487","509,1",1,7,"463,38","958,82","31,63","2,2619","-4,0789","-0,1394","0,0358",0,"0,1886","1,7946","0,0571","7,4103","0,2349","-0,0562","0,9448","-0,353","-0,9896","-0,0613","-128,8621","7,5019","63,0697","-4,57","-13,54","-173,72",1,,,,
133291,143846,"-21,9416008","-48,95267487","509,1",1,7,"463,78","958,77","31,63","2,2619","-4,0789","-0,182","0,0345",0,"0,0835","1,7278","0,0571","7,4003","0,2065","-0,0547","0,9526","0,1957","-1,7823","0,7924","-128,8174","8,9472","62,1327","-4,64","-13,51","-173,74",1,,,,
133338,143846,"-21,9416008","-48,95267487","509,1",1,7,"463,78","958,77","31,63","2,2619","-4,0788","-0,2176","0,0349",0,"0,0941","1,7489","0,0571","7,4155","0,2285","-0,0469","0,9531","0,5006","1,0835","1,9509","-128,8245","8,9672","62,3869","-4,69","-13,53","-173,74",1,,,,
133438,143846,"-21,9416008","-48,95267487","509,1",1,7,"463,78","958,77","31,63","2,2619","-4,0788","-0,2473","0,0349",0,"0,1026","1,7477","0,0571","7,4135","0,2192","-0,0645","0,9487","-0,414","-2,0262","0,7924","-128,8214","8,5659","62,1127","-4,67","-13,54","-173,71",1,,,,
133538,143846,"-21,9416008","-48,95267487","509,1",1,7,"463,78","958,77","31,63","2,2619","-4,0788","-0,2722","0,0341",0,"0,1097","1,7115","0,0571","7,4073","0,2085","-0,0542","0,9463","-1,1457","-3,1848","0,4265","-128,8408","7,442","62,307","-4,66","-13,59","-173,68",1,,,,
133638,143846,"-21,9416008","-48,95267487","509,1",1,7,"463,78","958,77","31,63","2,2619","-4,0788","-0,2929","0,0349",0,"0,117","1,7517","0,0571","7,477","0,2354","-0,0654","0,9648","0,9884","-0,5018","-0,0003","-128,3888","8,7327","61,7307","-4,68","-13,68","-173,67",1,,,,
133791,143846,"-21,9416008","-48,95267487","509,1",1,7,"463,68","958,78","31,66","2,2619","-4,0788","-0,2933","0,0353",0,"0,1463","1,7705","0,0571","7,4533","0,2344","-0,04","0,9551","-0,1091","-1,7213","0,7314","-129,247","8,3791","62,2405","-4,66","-13,73","-173,71",1,,,,
133838,143846,"-21,9416008","-48,95267487","509,1",1,7,"463,68","958,78","31,66","2,2619","-4,0787","-0,2936","0,0348",0,"0,1462","1,7457","0,0571","7,4425","0,2173","-0,0493","0,9497","-0,7799","-0,7457","0,3046","-128,3776","9,0941","61,4964","-4,64","-13,75","-173,76",1,,,,
133938,143846,"-21,9416008","-48,95267487","509,1",1,7,"463,68","958,78","31,66","2,2619","-4,0787","-0,2939","0,0349",0,"0,1456","1,7483","0,0571","7,4062","0,2285","-0,0518","0,938","-0,8409","0,3518","-0,2442","-129,1156","8,6017","62,6282","-4,59","-13,73","-173,78",1,,,,
134038,143846,"-21,9416008","-48,95267487","509,1",1,7,"463,68","958,78","31,66","2,2619","-4,0787","-0,2941","0,0349",0,"0,1458","1,7489","0,0571","7,4175","0,2231","-0,0635","0,9551","-0,536","-1,9652","0,7924","-128,5476","9,3725","62,6539","-4,53","-13,66","-173,81",1,,,,
134138,143847,"-21,9416008","-48,95267487","509,1",1,7,"463,68","958,78","31,66","2,2619","-4,0787","-0,2943","0,0345",0,"0,1456","1,7306","0,0571","7,4044","0,2227","-0,0732","0,9521","-0,353","-0,014","1,2802","-128,9823","7,6406","62,4477","-4,51","-13,6","-173,84",1,,,,
134429,143847,"-21,9416008","-48,95267487","509,1",1,7,"463,51","958,8","31,68","2,2619","-4,0787","-0,2667","0,0349",0,"0,1867","1,7481","0,0571","7,4205","0,2241","-0,0591","0,9482","-2,853","1,4494","0,6704","-128,8316","8,9871","62,6411","-4,71","-13,43","-173,61",1,,,,
134476,143847,"-21,9416008","-48,95267487","509,1",1,7,"463,51","958,8","31,68","2,2619","-4,0786","-0,2436","0,0343",0,"0,1795","1,7186","0,0571","7,3936","0,2134","-0,0649","0,9409","-0,2311","-1,0506","2,0119","-129,25","8,7804","62,5147","-4,77","-13,38","-173,54",1,,,,
134576,143847,"-21,9416008","-48,95267487","509,1",1,7,"463,51","958,8","31,68","2,2619","-4,0786","-0,2243","0,0349",0,"0,1742","1,7511","0,0571","7,4094","0,2285","-0,0615","0,9517","0,6835","-0,4409","2,0119","-128,119","9,158","62,252","-4,9","-13,34","-173,41",1,,,,
134676,143847,"-21,9416008","-48,95267487","509,1",1,7,"463,51","958,8","31,68","2,2619","-4,0786","-0,2081","0,0344",0,"0,1694","1,7261","0,0571","7,3973","0,2095","-0,0537","0,9463","0,3177","-0,8677","-1,7076","-128,6901","8,7885","62,5005","-4,96","-13,34","-173,31",1,,,,
134776,143847,"-21,9416008","-48,95267487","509,1",1,7,"463,51","958,8","31,68","2,2619","-4,0786","-0,1947","0,0349",0,"0,1654","1,7491","0,0571","7,3928","0,2231","-0,061","0,9502","-0,6579","-1,7823","-0,3662","-129,2612","8,419","62,7489","-4,9","-13,35","-173,3",1,,,,
134929,143847,"-21,9416008","-48,95267487","509,1",1,7,"463,68","958,78","31,67","2,2619","-4,0786","-0,2112","0,0338",0,"0,1216","1,6923","0,0571","7,3966","0,2031","-0,064","0,9434","0,3787","-0,9896","-0,0003","-128,5374","8,9513","62,1255","-4,85","-13,41","-173,31",1,,,,
134976,143847,"-21,9416008","-48,95267487","509,1",1,7,"463,68","958,78","31,67","2,2618","-4,0786","-0,2251","0,0332",0,"0,1255","1,6666","0,0571","7,3927","0,209","-0,0557","0,9463","-1,2067","0,2909","-0,5491","-128,5639","7,8473","62,5741","-4,84","-13,49","-173,29",1,,,,
135076,143847,"-21,9416008","-48,95267487","509,1",1,7,"463,68","958,78","31,67","2,2618","-4,0785","-0,2366","0,034",0,"0,1292","1,7067","0,0571","7,4127","0,2241","-0,0581","0,957","-0,2921","-0,9896","-1,4027","-127,8462","9,1821","62,4991","-4,83","-13,51","-173,31",1,,,,
135176,143848,"-21,9416008","-48,95267487","509,1",1,7,"463,68","958,78","31,67","2,2618","-4,0785","-0,2463","0,0335",0,"0,1327","1,6788","0,0571","7,4486","0,2124","-0,0483","0,957","-0,1091","-0,197","0,3655","-128,5527","8,2087","62,3398","-4,8","-13,52","-173,4",1,,,,
135276,143848,"-21,9416008","-48,95267487","509,1",1,7,"463,68","958,78","31,67","2,2618","-4,0785","-0,2543","0,0342",0,"0,1346","1,7154","0,0571","7,4286","0,2192","-0,0518","0,9463","-1,8774","0,2299","-1,7076","-129,1156","8,6017","62,6282","-4,77","-13,49","-173,49",1,,,,
135429,143848,"-21,9416008","-48,95267487","509,1",1,7,"463,38","958,82","31,66","2,2618","-4,0785","-0,2115","0,0346",0,"0,2091","1,7362","0,0571","7,4308","0,2202","-0,0464","0,9565","0,6835","-0,6238","-1,4637","-128,403","8,7726","62,2391","-4,75","-13,44","-173,57",1,,,,
135476,143848,"-21,9416008","-48,95267487","509,1",1,7,"463,38","958,82","31,66","2,2618","-4,0785","-0,1758","0,0354",0,"0,1981","1,7763","0,0571","7,3966","0,2358","-0,0532","0,9395","1,1713","-2,3311","2,0119","-128,8067","8,9173","61,7513","-4,69","-13,42","-173,65",1,,,,
135576,143848,"-21,9416008","-48,95267487","509,1",1,7,"463,38","958,82","31,66","2,2618","-4,0785","-0,1459","0,0345",0,"0,1896","1,7283","0,0571","7,4042","0,2173","-0,0645","0,9556","0,8665","0,4738","0,3655","-129,1115","8,983","62,6482","-4,61","-13,44","-173,65",1,,,,
135676,143848,"-21,9416008","-48,95267487","509,1",1,7,"463,38","958,82","31,66","2,2618","-4,0784","-0,1209","0,0349",0,"0,1828","1,7521","0,0571","7,4213","0,2334","-0,0547","0,957","-2,914","-1,7213","-1,8905","-128,5456","8,1887","62,0856","-4,57","-13,43","-173,57",1,,,,
135776,143848,"-21,9416008","-48,95267487","509,1",1,7,"463,38","958,82","31,66","2,2618","-4,0784","-0,1001","0,0356",0,"0,1761","1,7847","0,0571","7,3875","0,2319","-0,0405","0,9399","-1,6945","-0,5628","0,9753","-128,9782","8,0219","62,4676","-4,59","-13,45","-173,56",1,,,,
135929,143848,"-21,9416008","-48,95267487","509,1",1,7,"463,68","958,78","31,65","2,2618","-4,0784","-0,1322","0,035",0,"0,0987","1,7542","0,0571","7,3944","0,2261","-0,0625","0,9541","-0,1701","-0,9287","0,7314","-128,6942","8,4072","62,4805","-4,66","-13,47","-173,6",1,,,,
135976,143848,"-21,9416008","-48,95267487","509,1",1,7,"463,68","958,78","31,65","2,2619","-4,0784","-0,159","0,0348",0,"0,1064","1,7444","0,0571","7,3883","0,2207","-0,0688","0,9453","-0,9628","-1,2335","-0,9759","-128,8591","7,1006","62,7955","-4,72","-13,49","-173,6",1,,,,
136076,143848,"-21,9416008","-48,95267487","509,1",1,7,"463,68","958,78","31,65","2,2619","-4,0784","-0,1814","0,0346",0,"0,1133","1,7347","0,0571","7,4108","0,2207","-0,0684","0,9448","-1,5116","0,8396","-1,7686","-128,1272","8,3954","62,212","-4,73","-13,5","-173,63",1,,,,
136176,143849,"-21,9416008","-48,95267487","509,1",1,7,"463,68","958,78","31,65","2,2619","-4,0784","-0,2002","0,0347",0,"0,1186","1,7419","0,0571","7,4078","0,2251","-0,062","0,9482","-2,1823","1,1445","-1,0369","-129,1197","8,2205","62,6083","-4,73","-13,46","-173,73",1,,,,
136276,143849,"-21,9416008","-48,95267487","509,1",1,7,"463,68","958,78","31,65","2,2618","-4,0783","-0,2158","0,0345",0,"0,1225","1,7315","0,0571","7,3791","0,2241","-0,0601","0,9448","-1,8165","-0,9896","-1,4027","-128,1363","9,5992","63,0346","-4,78","-13,37","-173,83",1,,,,
136556,143849,"-21,9416008","-48,95267487","509,1",1,7,"463,78","958,77","31,66","2,2618","-4,0783","-0,2458","0,0346",0,"0,1023","1,7334","0,0571","7,419","0,2158","-0,0596","0,9585","-1,6945","-1,9043","2,1338","-128,5497","7,8074","62,0657","-4,94","-13,4","-173,89",1,,,,
136603,143849,"-21,9416008","-48,95267487","509,1",1,7,"463,78","958,77","31,66","2,2618","-4,0783","-0,2709","0,0345",0,"0,1104","1,7284","0,0571","7,4616","0,2202","-0,0527","0,9644","-1,4506","-1,6604","4,8168","-128,3022","7,51","63,0555","-4,96","-13,42","-173,84",1,,,,
136703,143849,"-21,9416008","-48,95267487","509,1",1,7,"463,78","958,77","31,66","2,2618","-4,0783","-0,2919","0,0347",0,"0,1168","1,739","0,0571","7,4802","0,2241","-0,0654","0,9565","0,2567","-0,8677","-0,6101","-128,4437","7,7086","63,1961","-5,05","-13,47","-173,67",1,,,,
136803,143849,"-21,9416008","-48,95267487","509,1",1,7,"463,78","958,77","31,66","2,2618","-4,0783","-0,3093","0,0344",0,"0,122","1,7266","0,0571","7,4866","0,2236","-0,0498","0,9614","-0,8409","0,2299","-0,4881","-128,6922","7,2234","61,9122","-5,11","-13,47","-173,61",1,,,,
136903,143849,"-21,9416008","-48,95267487","509,1",1,7,"463,78","958,77","31,66","2,2618","-4,0783","-0,324","0,0336",0,"0,1249","1,6841","0,0571","7,4219","0,2153","-0,0513","0,9404","-1,9994","-1,1116","3,4143","-128,4173","8,8126","62,7476","-5,12","-13,51","-173,68",1,,,,
137056,143849,"-21,9416008","-48,95267487","509,1",1,7,"463,68","958,78","31,67","2,2618","-4,0783","-0,3193","0,0347",0,"0,153","1,7394","0,0571","7,4156","0,231","-0,0625","0,9453","-1,8774","2,7909","-1,2198","-129,4138","8,2563","63,1238","-5,19","-13,6","-173,67",1,,,,
137103,143849,"-21,9416008","-48,95267487","509,1",1,7,"463,68","958,78","31,67","2,2618","-4,0782","-0,3153","0,0349",0,"0,152","1,7484","0,0571","7,419","0,2256","-0,0615","0,9507","-0,1701","-1,1726","0,3046","-129,1197","8,2205","62,6083","-5,26","-13,62","-173,69",1,,,,
137203,143850,"-21,9416008","-48,95267487","509,1",1,7,"463,68","958,78","31,67","2,2618","-4,0782","-0,312","0,035",0,"0,1514","1,7527","0,0571","7,4366","0,2285","-0,0615","0,957","-0,7799","0,9006","0,6095","-128,2432","8,9154","61,61","-5,3","-13,57","-173,72",1,,,,
137303,143850,"-21,9416008","-48,95267487","509,1",1,7,"463,68","958,78","31,67","2,2618","-4,0782","-0,3093","0,0356",0,"0,1504","1,7846","0,0571","7,4273","0,2271","-0,0513","0,9526","0,5616","2,2421","1,768","-128,8286","8,5859","62,3669","-5,31","-13,5","-173,74",1,,,,
137403,143850,"-21,9416008","-48,95267487","509,1",1,7,"463,68","958,78","31,67","2,2618","-4,0782","-0,3069","0,0343",0,"0,1497","1,7211","0,0571","7,4259","0,2183","-0,0698","0,9517","-0,536","0,2299","0,6095","-128,9812","8,4231","62,7418","-5,29","-13,36","-173,74",1,,,,
137556,143850,"-21,9416008","-48,95267487","509,1",1,7,"463,68","958,78","31,67","2,2619","-4,0782","-0,305","0,0351",0,"0,149","1,761","0,0571","7,417","0,2246","-0,0605","0,9526","0,6835","-1,0506","-0,0613","-128,5333","9,3326","62,1455","-5,26","-13,2","-173,75",1,,,,
137603,143850,"-21,9416008","-48,95267487","509,1",1,7,"463,68","958,78","31,67","2,2618","-4,0782","-0,3034","0,0345",0,"0,1487","1,7276","0,0571","7,4271","0,2134","-0,0449","0,9531","0,0128","2,2421","-2,6832","-129,2368","7,9579","61,7121","-5,21","-13,09","-173,78",1,,,,
137703,143850,"-21,9416008","-48,95267487","509,1",1,7,"463,68","958,78","31,67","2,2618","-4,0782","-0,3021","0,0343",0,"0,1479","1,7173","0,0571","7,4044","0,2183","-0,0596","0,9468","-0,9628","-1,7213","4,207","-128,8275","9,3684","62,6611","-5,12","-13,03","-173,85",1,,,,
137803,143850,"-21,9416008","-48,95267487","509,1",1,7,"463,68","958,78","31,67","2,2619","-4,0781","-0,301","0,0352",0,"0,143","1,7662","0,0571","7,1781","0,1938","-0,0293","0,9492","-0,2311","-0,4409","-2,4393","-128,004","7,8555","62,5599","-5,14","-13,13","-173,69",1,,,,
137903,143850,"-21,9416008","-48,95267487","509,1",1,7,"463,68","958,78","31,67","2,2618","-4,0781","-0,3001","0,0335",0,"0,1455","1,6793","0,0571","7,312","0,2188","-0,0449","0,9473","0,3177","1,5104","-4,0857","-127,8472","8,3995","62,2049","-5,25","-13,24","-173,45",1,,,,
138056,143850,"-21,9416008","-48,95267487","509,1",1,7,"463,68","958,78","31,67","2,2618","-4,0781","-0,2989","0,0353",0,"0,1464","1,7681","0,0571","7,3391","0,249","-0,062","0,9458","-1,8774","0,5348","1,9509","-129,1095","7,7992","62,0799","-5,29","-13,2","-173,43",1,,,,
138103,143850,"-21,9416008","-48,95267487","509,1",1,7,"463,68","958,78","31,67","2,2619","-4,0781","-0,2978","0,0353",0,"0,1467","1,7714","0,0571","7,3668","0,2266","-0,0654","0,9512","-2,5482","0,7787","1,2802","-130,0451","10,2134","61,599","-5,34","-13,12","-173,43",1,,,,
138203,143851,"-21,9416008","-48,95267487","509,1",1,7,"463,68","958,78","31,67","2,2619","-4,0781","-0,297","0,0351",0,"0,1467","1,7603","0,0571","7,3783","0,2324","-0,0605","0,9507","1,3543","0,7177","-1,4637","-128,2829","8,6339","62,8611","-5,4","-13,06","-173,44",1,,,,
138303,143851,"-21,9416008","-48,95267487","509,1",1,7,"463,68","958,78","31,67","2,2619","-4,0781","-0,2963","0,0351",0,"0,1464","1,7612","0,0571","7,3754","0,2271","-0,0493","0,9434","-0,0482","-0,5628","1,768","-128,9416","8,7046","61,4907","-5,29","-13,02","-173,53",1,,,,
138403,143851,"-21,9416008","-48,95267487","509,1",1,7,"463,68","958,78","31,67","2,2619","-4,0781","-0,2957","0,0342",0,"0,1468","1,7131","0,0571","7,4064","0,2153","-0,062","0,9492","-1,4506","-0,5018","-2,5613","-129,3915","8,979","62,6553","-5,15","-13,03","-173,58",1,,,,
138679,143851,"-21,9416008","-48,95267487","509,1",1,7,"464,33","958,71","31,68","2,2619","-4,0781","-0,403","0,0353",0,"-0,0126","1,7702","0,0571","7,3234","0,231","-0,0552","0,9297","-1,9384","2,2421","1,9509","-128,1282","7,6129","61,9179","-5,12","-13,12","-173,8",1,,,,
138726,143851,"-21,9416008","-48,95267487","509,1",1,7,"464,33","958,71","31,68","2,2619","-4,078","-0,4926","0,0344",0,"0,014","1,724","0,0571","7,363","0,21","-0,0415","0,9536","-0,6579","1,3884","3,2924","-128,9681","7,6007","61,9392","-5,12","-13,08","-173,82",1,,,,
138826,143851,"-21,9416008","-48,95267487","509,1",1,7,"464,33","958,71","31,68","2,2619","-4,078","-0,5675","0,0347",0,"0,0366","1,7404","0,0571","7,4129","0,2236","-0,0537","0,9556","-1,1457","-1,6604","-1,0979","-129,1085","8,5818","62,374","-5,12","-12,98","-173,77",1,,,,
138926,143851,"-21,9416008","-48,95267487","509,1",1,7,"464,33","958,71","31,68","2,2619","-4,078","-0,63","0,0345",0,"0,0542","1,7288","0,0571","7,3954","0,2207","-0,0566","0,9468","-1,2677","-1,5994","-0,9759","-128,4041","7,9901","61,945","-5,13","-12,98","-173,78",1,,,,
139026,143851,"-21,9416008","-48,95267487","509,1",1,7,"464,33","958,71","31,68","2,2619","-4,078","-0,6823","0,0346",0,"0,0698","1,7331","0,0571","7,419","0,2275","-0,0396","0,9468","0,8665","-2,2091","-1,7076","-128,6871","8,3873","62,2263","-5,13","-13,08","-173,88",1,,,,
139179,143852,"-21,9416008","-48,95267487","509,1",1,7,"464,19","958,72","31,72","2,2619","-4,078","-0,7029","0,0349",0,"0,1165","1,7516","0,0571","7,4398","0,229","-0,0513","0,9492","-2,6091","0,6567","-0,3052","-129,1044","8,9631","62,394","-5,06","-13,21","-173,99",1,,,,
139226,143852,"-21,9416008","-48,95267487","509,1",1,7,"464,19","958,72","31,72","2,2618","-4,078","-0,7201","0,032",0,"0,12","1,6046","0,0571","7,3698","0,1738","-0,1533","0,9282","-1,3896","4,3762","1,5851","-129,0912","8,1406","61,5914","-5,05","-13,25","-174,03",1,,,,
139326,143852,"-21,9416008","-48,95267487","509,1",1,7,"464,19","958,72","31,72","2,2618","-4,078","-0,7345","0,0333",0,"0,124","1,6709","0,0571","7,3625","0,21","-0,062","0,9448","0,3787","1,9982","-4,8784","-127,9734","9,3407","62,1313","-5,12","-13,1","-174,09",1,,,,
139426,143852,"-21,9416008","-48,95267487","509,1",1,7,"464,19","958,72","31,72","2,2618","-4,078","-0,7466","0,0351",0,"0,1284","1,7604","0,0571","7,4086","0,2393","-0,0513","0,9556","-0,353","1,2665","-5,0003","-129,1044","8,9631","62,394","-5,11","-12,93","-174,43",1,,,,
139526,143852,"-21,9416008","-48,95267487","509,1",1,7,"464,19","958,72","31,72","2,2618","-4,078","-0,7566","0,0353",0,"0,1324","1,7686","0,0571","7,4622","0,2285","-0,0537","0,9644","0,6835","-1,7823","1,829","-129,253","9,1816","62,7889","-5,02","-12,88","-174,85",1,,,,
139679,143852,"-21,9416008","-48,95267487","509,1",1,7,"464,09","958,74","31,73","2,2619","-4,078","-0,7481","0,0368",0,"0,1583","1,8427","0,0571","7,3977","0,2441","-0,022","0,938","-1,6945","0,3518","5,9143","-128,1638","7,7127","63,189","-4,94","-12,88","-174,9",1,,,,
139726,143852,"-21,9416008","-48,95267487","509,1",1,7,"464,09","958,74","31,73","2,2619","-4,0779","-0,7409","0,0365",0,"0,1559","1,8279","0,0571","7,382","0,228","-0,0542","0,9424","-0,1701","-0,3799","-3,171","-128,3806","9,4953","61,7706","-4,91","-12,9","-174,63",1,,,,
139826,143852,"-21,9416008","-48,95267487","509,1",1,7,"464,09","958,74","31,73","2,2619","-4,0779","-0,735","0,0358",0,"0,1542","1,7964","0,0571","7,3817","0,2271","-0,0532","0,9473","-0,1091","-0,136","3,6582","-128,9599","8,3632","61,9792","-4,91","-12,89","-174,46",1,,,,
139926,143852,"-21,9416008","-48,95267487","509,1",1,7,"464,09","958,74","31,73","2,2619","-4,0779","-0,73","0,0351",0,"0,154","1,7616","0,0571","7,4449","0,228","-0,0679","0,9609","-0,6579","0,8396","4,5729","-129,6694","7,7911","62,0941","-4,95","-12,84","-174,33",1,,,,
140026,143852,"-21,9416008","-48,95267487","509,1",1,7,"464,09","958,74","31,73","2,2619","-4,0779","-0,7258","0,0346",0,"0,1518","1,7328","0,0571","7,3953","0,2192","-0,0596","0,9482","-1,9994","0,6567","-2,1954","-128,5639","7,8473","62,5741","-5,03","-12,82","-174,09",1,,,,
140179,143853,"-21,9416008","-48,95267487","509,1",1,7,"463,85","958,76","31,72","2,2619","-4,0779","-0,6832","0,0353",0,"0,2087","1,7722","0,0571","7,4289","0,2319","-0,0513","0,9478","1,3543","1,3884","0,2436","-128,5587","9,0112","62,8882","-4,99","-12,8","-174,05",1,,,,
140226,143853,"-21,9416008","-48,95267487","509,1",1,7,"463,85","958,76","31,72","2,2619","-4,0779","-0,6476","0,0358",0,"0,1988","1,7944","0,0571","7,4441","0,2334","-0,0513","0,9561","-1,8165","-0,8677","5,2436","-128,9711","8,0019","62,2134","-4,88","-12,76","-174,09",1,,,,
140326,143853,"-21,9416008","-48,95267487","509,1",1,7,"463,85","958,76","31,72","2,2619","-4,0779","-0,6179","0,0343",0,"0,1905","1,7183","0,0571","7,4587","0,2256","-0,0625","0,9419","-1,0848","-0,014","-4,3296","-129,2429","8,7604","62,2605","-4,83","-12,69","-174,06",1,,,,
140426,143853,"-21,9416008","-48,95267487","509,1",1,7,"463,85","958,76","31,72","2,2619","-4,0779","-0,5931","0,0341",0,"0,1827","1,7083","0,0571","7,4283","0,2144","-0,0454","0,9473","2,5128","-0,4409","-4,6345","-128,397","7,9701","61,6908","-4,81","-12,64","-174,18",1,,,,
140526,143853,"-21,9416008","-48,95267487","509,1",1,7,"463,85","958,76","31,72","2,2619","-4,0779","-0,5723","0,0346",0,"0,1765","1,7363","0,0571","7,4172","0,2231","-0,0444","0,9526","-2,1823","-0,8067","-5,6101","-128,114","7,573","61,4095","-4,66","-12,66","-174,61",1,,,,
140856,143853,"-21,9416008","-48,95267487","509,1",1,7,"464,93","958,64","31,72","2,2619","-4,0779","-0,7327","0,0352",0,"-0,0881","1,7639","0,0571","7,4326","0,2197","-0,04","0,9541","0,3177","-1,2945","-3,171","-128,2839","7,8514","62,567","-4,21","-12,98","-175,99",1,,,,
140903,143853,"-21,9416008","-48,95267487","509,1",1,7,"464,93","958,64","31,72","2,2619","-4,0778","-0,8667","0,0354",0,"-0,0488","1,777","0,0571","7,4683","0,2295","-0,0454","0,9634","1,1713","-2,453","2,4997","-129,1167","7,8192","62,3341","-4,14","-13,02","-176,08",1,,,,
141003,143853,"-21,9416008","-48,95267487","509,1",1,7,"464,93","958,64","31,72","2,2619","-4,0778","-0,9786","0,036",0,"-0,0175","1,8038","0,0571","7,4201","0,2329","-0,043","0,9429","-0,1701","-2,575","-0,2442","-129,9524","8,1882","62,3754","-4,08","-13,17","-176,04",1,,,,
141103,143853,"-21,9416008","-48,95267487","509,1",1,7,"464,93","958,64","31,72","2,2619","-4,0778","-1,0722","0,0353",0,"0,0088","1,7689","0,0571","7,3894","0,2207","-0,043","0,9497","-1,5726","-0,8677","-0,854","-129,4149","7,4738","62,8297","-4,1","-13,33","-175,9",1,,,,
141203,143854,"-21,9416008","-48,95267487","509,1",1,7,"464,93","958,64","31,72","2,2619","-4,0778","-1,1503","0,0352",0,"0,0321","1,7656","0,0571","7,4273","0,2295","-0,0405","0,9561","-2,1213","1,5104","-0,5491","-129,3915","8,979","62,6553","-4,16","-13,45","-175,84",1,,,,
141356,143854,"-21,9416008","-48,95267487","509,1",1,7,"464,09","958,74","31,72","2,2619","-4,0778","-1,077","0,0346",0,"0,2537","1,7336","0,0571","7,4329","0,2134","-0,0503","0,9551","-0,353","0,7177","6,829","-128,1496","7,6728","62,6806","-4,23","-13,47","-175,85",1,,,,
141403,143854,"-21,9416008","-48,95267487","509,1",1,7,"464,09","958,74","31,72","2,2619","-4,0778","-1,0157","0,0342",0,"0,2362","1,7171","0,0571","7,4383","0,2163","-0,0005","0,9531","0,3177","0,2299","6,829","-128,6677","9,5112","62,0319","-4,3","-13,4","-175,66",1,,,,
141503,143854,"-21,9416008","-48,95267487","509,1",1,7,"464,09","958,74","31,72","2,2619","-4,0778","-0,9645","0,0341",0,"0,2213","1,708","0,0571","7,4284","0,2192","-0,0498","0,9473","-1,8774","1,6323","-4,0857","-129,2683","8,439","63,0032","-4,31","-13,28","-175,33",1,,,,
141603,143854,"-21,9416008","-48,95267487","509,1",1,7,"464,09","958,74","31,72","2,2619","-4,0778","-0,9218","0,036",0,"0,2094","1,8053","0,0571","7,4526","0,2456","-0,0439","0,9551","1,2323","-0,136","0,3655","-129,9199","8,4897","61,3785","-4,27","-13,19","-175,37",1,,,,
141703,143854,"-21,9416008","-48,95267487","509,1",1,7,"464,09","958,74","31,72","2,2619","-4,0778","-0,886","0,0353",0,"0,1986","1,7712","0,0571","7,4276","0,2271","-0,0576","0,9385","-2,2433","0,1079","-3,7808","-128,7155","8,4671","63,2432","-4,16","-13,16","-175,64",1,,,,
141856,143854,"-21,9416008","-48,95267487","509,1",1,7,"464,75","958,66","31,74","2,2619","-4,0778","-0,9648","0,0346",0,"0,0316","1,7357","0,0571","7,4486","0,2114","-0,0532","0,9556","0,6835","0,6567","4,3899","-129,1167","7,8192","62,3341","-4,12","-13,15","-175,85",1,,,,
141903,143854,"-21,9416008","-48,95267487","509,1",1,7,"464,75","958,66","31,74","2,2619","-4,0778","-1,0306","0,035",0,"0,0502","1,7558","0,0571","7,4306","0,229","-0,0513","0,9468","-0,414","1,2055","2,3777","-128,5161","8,8914","61,3629","-4,13","-13,13","-175,84",1,,,,
142003,143854,"-21,9416008","-48,95267487","509,1",1,7,"464,75","958,66","31,74","2,2619","-4,0778","-1,0856","0,0348",0,"0,0671","1,7442","0,0571","7,4834","0,2183","-0,061","0,9614","-1,9384","0,3518","2,3777","-128,2687","8,594","62,3527","-4,2","-13,06","-175,62",1,,,,
142103,143854,"-21,9416008","-48,95267487","509,1",1,7,"464,75","958,66","31,74","2,2619","-4,0777","-1,1316","0,0358",0,"0,0794","1,7967","0,0571","7,438","0,2363","-0,0601","0,9502","0,1348","1,4494","-0,1223","-128,5822","7,506","63,0626","-4,35","-13,02","-175,36",1,,,,
142203,143854,"-21,9416008","-48,95267487","509,1",1,7,"464,75","958,66","31,74","2,262","-4,0777","-1,17","0,0363",0,"0,0904","1,8203","0,0571","7,4359","0,2305","-0,0303","0,9536","-2,2433","0,2299","1,1582","-129,534","8,395","62,5018","-4,38","-13,03","-175,35",1,,,,
142356,143854,"-21,9416008","-48,95267487","509,1",1,7,"464,45","958,69","31,74","2,262","-4,0777","-1,1525","0,0358",0,"0,172","1,7969","0,0571","7,4317","0,2285","-0,0532","0,9512","-2,2433","-0,3189","7,9265","-128,2544","8,5541","61,8442","-4,4","-13,07","-175,38",1,,,,
142403,143854,"-21,9416008","-48,95267487","509,1",1,7,"464,45","958,69","31,74","2,262","-4,0777","-1,1379","0,0359",0,"0,1685","1,7973","0,0571","7,469","0,2285","-0,0537","0,9639","1,1713","-1,5994","10,1216","-128,8357","8,6058","62,6211","-4,55","-13,12","-175,08",1,,,,
142503,143854,"-21,9416008","-48,95267487","509,1",1,7,"464,45","958,69","31,74","2,262","-4,0777","-1,1257","0,0353",0,"0,164","1,7703","0,0571","7,4187","0,2236","-0,0356","0,9409","2,2079","-1,2335","-5,671","-129,1167","7,8192","62,3341","-4,67","-13,17","-174,54",1,,,,
142603,143854,"-21,9416008","-48,95267487","509,1",1,7,"464,45","958,69","31,74","2,262","-4,0777","-1,1155","0,0353",0,"0,1611","1,7706","0,0571","7,4181","0,2241","-0,0571","0,9487","-0,536","-0,8067","-0,3662","-128,9955","8,463","63,2503","-4,56","-13,25","-174,42",1,,,,
142703,143854,"-21,9416008","-48,95267487","509,1",1,7,"464,45","958,69","31,74","2,262","-4,0777","-1,107","0,0355",0,"0,1575","1,7802","0,0571","7,3636","0,2314","-0,0498","0,9409","-1,4506","0,047","7,3777","-128,5486","8,5899","62,3598","-4,5","-13,3","-174,53",1,,,,
142994,143854,"-21,9416008","-48,95267487","509,1",1,7,"463,85","958,76","31,74","2,262","-4,0777","-1,0013","0,0347",0,"0,301","1,7383","0,0571","7,4247","0,2412","-0,0415","0,9468","-1,4506","0,7177","8,9631","-128,8255","8,1846","62,0927","-4,93","-13,03","-173,27",1,,,,
143041,143854,"-21,9416008","-48,95267487","509,1",1,7,"463,85","958,76","31,74","2,262","-4,0777","-0,9129","0,035",0,"0,2821","1,7534","0,0571","7,753","0,2275","-0,0532","1,062","0,3177","0,4128","-6,2198","-128,2941","8,2726","63,0954","-4,98","-12,95","-173,03",1,,,,
143141,143856,"-21,9416008","-48,95267487","509,1",1,7,"463,85","958,76","31,74","2,262","-4,0777","-0,839","0,0351",0,"0,2582","1,7606","0,0571","7,6228","0,2085","-0,0688","0,9473","0,7445","-0,197","2,3168","-129,1186","9,003","62,9024","-4,99","-12,9","-172,87",1,,,,
143241,143856,"-21,9416008","-48,95267487","509,1",1,7,"463,85","958,76","31,74","2,262","-4,0777","-0,7773","0,0358",0,"0,2394","1,7931","0,0571","7,5698","0,2334","-0,0396","0,9595","-0,6579","-0,136","-0,9759","-128,3837","9,8966","62,0448","-4,9","-12,95","-172,9",1,,,,
143341,143856,"-21,9416008","-48,95267487","509,1",1,7,"463,85","958,76","31,74","2,2627","-4,0777","-0,6867","0,066",0,"2,5481","1,5185","0,0571","7,1845","0,1436","-0,1318","0,8418","-1,2677","0,8396","3,9021","-128,7043","8,8285","63,0089","-4,8","-13,01","-172,98",1,,,,
143494,143856,"-21,9416008","-48,95267487","509,1",1,7,"463,29","958,83","31,75","2,2639","-4,0777","-0,2793","0,0992",0,"12,1813","1,6703","0,0571","7,2496","0,2412","-0,084","0,9346","-0,414","1,3274","0,1826","-129,247","8,3791","62,2405","-4,85",-13,"-172,9",1,,,,
143541,143856,"-21,9416008","-48,95267487","509,1",1,7,"463,29","958,83","31,75","2,2659","-4,0777","0,039","0,1329",0,"14,1361","1,7001","0,0571","7,3099","0,2256","-0,0498","0,9531","-0,1091","-0,3799","-10,732","-128,2575","8,9554","62,1184","-4,94","-12,99","-172,9",1,,,,
143641,143856,"-21,9416008","-48,95267487","509,1",1,7,"463,29","958,83","31,75","2,2684","-4,0776","0,1583","0,1673",0,"10,2556","1,7428","0,0571","7,3698","0,2271","-0,0293","0,9453","-3,1579","0,2299","-1,3418","-128,6769","7,9661","61,6979","-4,85","-12,99","-173,36",1,,,,
143741,143856,"-21,9416008","-48,95267487","509,1",1,7,"463,29","958,83","31,75","2,2716","-4,0776","0,162","0,2031",0,"5,3909","1,8266","0,0571","7,5444","0,2471","0,0078","0,9937","-3,036","-2,2701","14,0851","-128,967","8,3832","62,2334","-4,75",-13,"-173,91",1,,,,
143841,143856,"-21,9416008","-48,95267487","509,1",1,7,"463,29","958,83","31,75","2,2754","-4,0776","0,1317","0,2375",0,"2,0386","1,7769","0,0571","7,3841","0,2217","-0,1831","0,9111","1,4152","-0,6238","-3,4759","-128,1129","8,3555","61,7036","-4,93","-13,02","-173,53",1,,,,
143994,143856,"-21,9416008","-48,95267487","509,1",1,7,"463,85","958,76","31,74","2,2798","-4,0776","-0,314","0,2726","0,0001","-10,1849","1,8316","0,0571","7,3914","0,2178","-0,0547","0,9468","0,1957","0,2909","-10,1832","-128,6657","8,3274","61,4636","-5,14","-13,08","-173,15",1,,,,
144041,143856,"-21,9416008","-48,95267487","509,1",1,7,"463,85","958,76","31,74","2,2848","-4,0776","-0,4822","0,3072","0,0001","-9,1655","1,833","0,0571","7,3747","0,2324","-0,0415","0,9414","0,0128","2,2421","0,6704","-128,7002","9,2097","63,0289","-5,14","-13,18","-173,44",1,,,,
144141,143857,"-21,9416008","-48,95267487","509,1",1,7,"463,85","958,76","31,74","2,2903","-4,0776","-0,515","0,339","0,0001","-5,1782","1,7302","0,0571","7,3635","0,2017","-0,0679","0,9375","-0,7189","-1,0506","4,8777","-129,4149","7,4738","62,8297","-5,03","-13,22","-173,84",1,,,,
144241,143857,"-21,9416008","-48,95267487","509,1",1,7,"463,85","958,76","31,74","2,2961","-4,0776","-0,5034","0,3699","0,0001","-2,0875","1,7344","0,0571","7,3115","0,2168","-0,0732","0,9419","0,9274","-0,4409","-1,2808","-129,8211","8,4109","62,7632","-5,04","-13,23","-173,84",1,,,,
144341,143857,"-21,9416008","-48,95267487","509,1",1,7,"463,85","958,76","31,74","2,3023","-4,0776","-0,4871","0,4007","0,0002","-0,4648","1,7834","0,0571","7,3983","0,229","-0,0615","0,9482","-1,3287","-0,3799","0,3046","-129,2429","8,7604","62,2605","-5,05","-13,25","-173,72",1,,,,
144494,143857,"-21,9416008","-48,95267487","509,1",1,7,"463,85","958,76","31,75","2,3088","-4,0776","-0,4766","0,4299","0,0002","0,1611","1,7715","0,0571","7,3947","0,2236","-0,0635","0,9473","-0,536","0,8396","5,7314","-128,1332","9,1979","62,7604","-5,07","-13,29","-173,65",1,,,,
144541,143857,"-21,9416008","-48,95267487","509,1",1,7,"463,85","958,76","31,75","2,3155","-4,0776","-0,4718","0,4553","0,0002","0,3107","1,656","0,0571","7,3727","0,1865","-0,0957","0,9399","0,2567","-0,5628","-0,2442","-128,5385","8,1687","61,8314","-5,16","-13,29","-173,42",1,,,,
144641,143857,"-21,9416008","-48,95267487","509,1",1,7,"463,85","958,76","31,75","2,3221","-4,0775","-0,4703","0,4794","0,0003","0,2974","1,6793","0,0571","7,4","0,2207","-0,0562","0,9526","-1,6335","-1,4165","0,0607","-129,6602","9,3362","62,4282","-5,22","-13,27","-173,25",1,,,,
144741,143857,"-21,9416008","-48,95267487","509,1",1,7,"463,85","958,76","31,75","2,3288","-4,0775","-0,47","0,5054","0,0003","0,258","1,8678","0,0571","7,5462","0,272","-0,0635","0,9902","1,964","-1,5994","5,5485","-128,8214","8,5659","62,1127","-5,23","-13,28","-173,3",1,,,,
144841,143857,"-21,9416008","-48,95267487","509,1",1,7,"463,85","958,76","31,75","2,3353","-4,0775","-0,4702","0,5277","0,0004","0,2282","1,7806","0,0571","7,4758","0,2109","-0,0649","0,9502","-0,7799","0,3518","1,5851","-129,253","9,1816","62,7889","-5,19","-13,29","-173,3",1,,,,
145121,143857,"-21,9416008","-48,95267487","509,1",1,7,"462,99","958,86","31,76","2,3417","-4,0775","0,221","0,5487","0,0004","18,5232","1,8303","0,0571","7,3736","0,248","-0,0645","0,9292","0,2567","1,1445","-1,7686","-129,2388","9,1417","62,2804","-5,07","-13,32","-173,74",1,,,,
145168,143857,"-21,9416008","-48,95267487","509,1",1,7,"462,99","958,86","31,76","2,3477","-4,0775","0,4263","0,5674","0,0005","14,2508","1,825","0,0571","7,3723","0,23","-0,0649","0,9448","2,7567","0,3518","1,707","-128,854","8,2645","63,1096","-5,02","-13,32","-173,85",1,,,,
145268,143857,"-21,9416008","-48,95267487","509,1",1,7,"462,99","958,86","31,76","2,3533","-4,0774","0,449","0,5825","0,0005","7,3896","1,7591","0,0571","7,3797","0,2139","-0,0596","0,9458","-0,0482","0,1689","3,8412","-129,2581","8,0178","62,4747","-4,89","-13,33","-173,98",1,,,,
145368,143857,"-21,9416008","-48,95267487","509,1",1,7,"462,99","958,86","31,76","2,3474","-4,0774","0,4019","0,0167",0,"-0,7465","1,7417","0,0571","7,422","0,2192","-0,0459","0,9531","-0,6579","0,7787","0,2436","-127,5886","8,4635","62,9605","-4,84","-13,31","-173,92",1,,,,
145468,143857,"-21,9416008","-48,95267487","509,1",1,7,"462,99","958,86","31,76","2,3415","-4,0774","0,3921","0,0186",0,"-0,0237","1,7433","0,0571","7,4438","0,2251","-0,0649","0,959","0,3177","-1,1726","-1,5857","-128,9558","8,7445","61,9991","-4,83","-13,27","-173,85",1,,,,
145621,143857,"-21,9416008","-48,95267487","509,1",1,7,"463,38","958,82","31,75","2,3356","-4,0774","0,1665","0,0204",0,"-2,6799","1,749","0,0571","7,4406","0,2227","-0,062","0,958","-0,9018","-0,8677","0,6095","-129,2358","8,7404","62,0062","-4,8","-13,28","-173,88",1,,,,
145668,143857,"-21,9416008","-48,95267487","509,1",1,7,"463,38","958,82","31,75","2,33","-4,0774","0,0843","0,0216",0,"-0,6935","1,7264","0,0571","7,435","0,2158","-0,043","0,9502","1,4762","-0,4409","-2,7442","-128,5557","8,6099","62,614","-4,77","-13,32","-173,9",1,,,,
145768,143857,"-21,9416008","-48,95267487","509,1",1,7,"463,38","958,82","31,75","2,3245","-4,0774","0,0487","0,0235",0,"-0,1533","1,7485","0,0571","7,5152","0,228","-0,0513","0,979","-0,0482","-0,014","2,4997","-128,5781","7,8872","63,0825","-4,69","-13,32","-173,94",1,,,,
145868,143857,"-21,9416008","-48,95267487","509,1",1,7,"463,38","958,82","31,75","2,3193","-4,0773","0,0312","0,0244",0,"0,0211","1,729","0,0571","7,458","0,2153","-0,0674","0,9473","1,2323","2,2421","-0,9759","-128,116","8,7568","61,9778","-4,62","-13,21","-173,92",1,,,,
145968,143857,"-21,9416008","-48,95267487","509,1",1,7,"463,38","958,82","31,75","2,3144","-4,0773","0,0218","0,0262",0,"0,0865","1,7608","0,0571","7,4026","0,228","-0,0518","0,9458","0,5616","-0,9896","-1,5857","-129,1065","7,398","61,8057","-4,53","-13,09","-173,93",1,,,,
146121,143859,"-21,9416008","-48,95267487","509,1",1,7,"462,54","958,91","31,76","2,3098","-4,0773","0,2757","0,0276",0,"1,355","1,7779","0,0571","7,4119","0,2319","-0,0532","0,9473","-0,1701","0,9006","-1,3418","-128,1261","9,178","62,5062","-4,42","-13,07","-174,04",1,,,,
146168,143859,"-21,9416008","-48,95267487","509,1",1,7,"462,54","958,91","31,76","2,3055","-4,0773","0,4359","0,0283",0,"0,8008","1,7653","0,0571","7,4077","0,2222","-0,0547","0,9478","-0,6579","-0,2579","0,4265","-128,5568","7,8274","62,3199","-4,32","-13,09","-174,22",1,,,,
146268,143859,"-21,9416008","-48,95267487","509,1",1,7,"462,54","958,91","31,76","2,3015","-4,0773","0,542","0,0302",0,"0,5256","1,8229","0,0571","7,5155","0,2451","-0,0986","0,9888","0,3787","1,8762","4,9997","-128,9619","9,547","62,5475","-4,29","-13,09","-174,29",1,,,,
146368,143859,"-21,9416008","-48,95267487","509,1",1,7,"462,54","958,91","31,76","2,2977","-4,0773","0,6151","0,0302",0,"0,3773","1,7863","0,0571","7,5076","0,2207","-0,0435","0,96","-1,0848","-1,1726","-0,3662","-128,8479","7,4619","62,5613","-4,32","-13,04","-174,13",1,,,,
146468,143859,"-21,9416008","-48,95267487","509,1",1,7,"462,54","958,91","31,76","2,2942","-4,0773","0,6671","0,0303",0,"0,2923","1,7587","0,0571","7,4394","0,2109","-0,0503","0,9497","-0,9018","0,9006","1,2802","-127,9643","8,137","61,3087","-4,3","-12,99","-174,04",1,,,,
146621,143859,"-21,9416008","-48,95267487","509,1",1,7,"462,69","958,9","31,75","2,291","-4,0773","0,6716","0,03",0,"0,1565","1,717","0,0571","7,4383","0,2109","-0,0571","0,9521","-0,9018","1,4494","0,9143","-128,9558","8,7445","61,9991","-4,33","-12,97","-174,04",1,,,,
146668,143859,"-21,9416008","-48,95267487","509,1",1,7,"462,69","958,9","31,75","2,288","-4,0773","0,675","0,0309",0,"0,1535","1,7399","0,0571","7,4463","0,228","-0,0547","0,9546","-0,9628","0,6567","-2,3174","-128,1302","8,7967","62,4862","-4,4","-12,96","-174,06",1,,,,
146768,143859,"-21,9416008","-48,95267487","509,1",1,7,"462,69","958,9","31,75","2,2852","-4,0773","0,6777","0,0313",0,"0,1516","1,736","0,0571","7,45","0,2246","-0,0454","0,9468","1,1713","0,9006","-0,4881","-128,2717","8,9953","62,6269","-4,45","-12,94","-174,12",1,,,,
146868,143859,"-21,9416008","-48,95267487","509,1",1,7,"462,69","958,9","31,75","2,2826","-4,0773","0,6798","0,032",0,"0,1495","1,7551","0,0571","7,4129","0,2256","-0,0591","0,9414","-1,5726","-0,136","1,5241","-128,8387","9,0071","62,8953","-4,44","-12,93","-174,2",1,,,,
146968,143859,"-21,9416008","-48,95267487","509,1",1,7,"462,69","958,9","31,75","2,2803","-4,0772","0,6814","0,0316",0,"0,1476","1,719","0,0571","7,3623","0,2163","-0,0576","0,939","-0,1091","2,7299","2,0119","-128,5333","9,3326","62,1455","-4,45","-12,9","-174,14",1,,,,
147244,143900,"-21,9416008","-48,95267487","509,1",1,7,"463,85","958,76","31,75","2,278","-4,0772","0,4692","0,0315",0,"-0,2451","1,7005","0,0571","7,3684","0,2168","-0,0527","0,9497","-0,7189","-0,5018","-1,9515","-128,683","8,7686","62,2462","-4,41","-12,73","-173,98",1,,,,
147291,143900,"-21,9416008","-48,95267487","509,1",1,7,"463,85","958,76","31,75","2,276","-4,0772","0,2997","0,0319",0,"-0,1541","1,7068","0,0571","7,3572","0,2207","-0,0474","0,9409","-0,7799","-0,3189","0,4265","-129,0953","7,7593","61,5714","-4,4","-12,72",-174,1,,,,
147391,143900,"-21,9416008","-48,95267487","509,1",1,7,"463,85","958,76","31,75","2,2741","-4,0772","0,1633","0,0323",0,"-0,0875","1,7142","0,0571","7,3641","0,2217","-0,0688","0,9502","-1,0238","-1,5384","0,1216","-128,9782","8,0219","62,4676","-4,38","-12,78","-174,03",1,,,,
147491,143900,"-21,9416008","-48,95267487","509,1",1,7,"463,85","958,76","31,75","2,2724","-4,0772","0,0529","0,0331",0,"-0,0363","1,7458","0,0571","7,4478","0,2261","-0,061","0,9614","-3,4628","0,5348","3,1095","-129,534","8,395","62,5018","-4,43","-12,89","-173,99",1,,,,
147591,143900,"-21,9416008","-48,95267487","509,1",1,7,"463,85","958,76","31,75","2,2708","-4,0772","-0,0371","0,0344",0,"0,0012","1,8012","0,0571","7,4514","0,2417","-0,0493","0,9556","1,1104","1,8152","-2,8052","-128,8417","9,4083","63,1695","-4,58","-12,96","-173,9",1,,,,
147744,143900,"-21,9416008","-48,95267487","509,1",1,7,"463,29","958,83","31,74","2,2693","-4,0772","-0,0147","0,0335",0,"0,1815","1,7525","0,0571","7,4254","0,2207","-0,0474","0,9536","-1,5726","-0,8067","3,2924","-128,5333","9,3326","62,1455","-4,64","-12,97","-173,85",1,,,,
147791,143900,"-21,9416008","-48,95267487","509,1",1,7,"463,29","958,83","31,74","2,2679","-4,0772","0,0036","0,0336",0,"0,1752","1,7504","0,0571","7,4473","0,2231","-0,0664","0,958","-1,5116","0,6567","1,768","-128,2616","8,5741","62,0985","-4,69","-12,94","-173,72",1,,,,
147891,143900,"-21,9416008","-48,95267487","509,1",1,7,"463,29","958,83","31,74","2,2666","-4,0772","0,0187","0,0337",0,"0,1692","1,7467","0,0571","7,4114","0,2241","-0,062","0,9492","-0,1701","0,5348","-1,0369","-128,9599","8,3632","61,9792","-4,75","-12,89","-173,58",1,,,,
147991,143900,"-21,9416008","-48,95267487","509,1",1,7,"463,29","958,83","31,74","2,2654","-4,0772","0,0312","0,0334",0,"0,1652","1,7274","0,0571","7,4191","0,2236","-0,0601","0,9482","-0,6579","-0,075","0,7924","-128,5598","8,2286","62,5941","-4,76","-12,81","-173,55",1,,,,
148091,143900,"-21,9416008","-48,95267487","509,1",1,7,"463,29","958,83","31,74","2,2643","-4,0772","0,0415","0,0329",0,"0,1616","1,6978","0,0571","7,4102","0,2065","-0,0664","0,9487","-0,8409","-0,4409","-0,0003","-129,1298","8,6417","63,1367","-4,75","-12,79","-173,5",1,,,,
148244,143900,"-21,9416008","-48,95267487","509,1",1,7,"463,78","958,77","31,75","2,2632","-4,0772","-0,032","0,0327",0,"0,0351","1,6822","0,0571","7,3928","0,2212","-0,0669","0,9419","1,2933","-0,9896","1,5851","-128,684","7,986","61,9521","-4,76","-12,8","-173,46",1,,,,
148291,143900,"-21,9416008","-48,95267487","509,1",1,7,"463,78","958,77","31,75","2,2622","-4,0772","-0,0931","0,0334",0,"0,0552","1,7155","0,0571","7,4303","0,228","-0,0576","0,96","-0,7799","-0,197","0,2436","-128,6983","8,0259","62,4605","-4,74","-12,79","-173,47",1,,,,
148391,143900,"-21,9416008","-48,95267487","509,1",1,7,"463,78","958,77","31,75","2,2613","-4,0772","-0,1438","0,034",0,"0,0707","1,7394","0,0571","7,4186","0,2192","-0,0708","0,9497","-1,4506","1,0226","0,6704","-128,9446","9,1059","61,7649","-4,73","-12,82","-173,43",1,,,,
148491,143900,"-21,9416008","-48,95267487","509,1",1,7,"463,78","958,77","31,75","2,2605","-4,0772","-0,1861","0,0341",0,"0,0843","1,7429","0,0571","7,4528","0,2236","-0,0596","0,9585","-0,536","-0,8067","0,6704","-129,1186","9,003","62,9024","-4,78","-12,87","-173,37",1,,,,
148591,143900,"-21,9416008","-48,95267487","509,1",1,7,"463,78","958,77","31,75","2,2597","-4,0772","-0,2212","0,0346",0,"0,0954","1,7648","0,0571","7,4809","0,2305","-0,0493","0,96","-0,536","-0,6238","-0,2442","-128,5374","8,9513","62,1255","-4,8","-12,91","-173,37",1,,,,
148744,143900,"-21,9416008","-48,95267487","509,1",1,7,"463,85","958,76","31,76","2,259","-4,0772","-0,2614","0,0339",0,"0,0864","1,7285","0,0571","7,396","0,2217","-0,0581","0,9302","-0,9628","-1,7213","3,8412","-128,7013","8,4272","62,7347","-4,79","-12,96","-173,38",1,,,,
148791,143900,"-21,9416008","-48,95267487","509,1",1,7,"463,85","958,76","31,76","2,2583","-4,0772","-0,295","0,0345",0,"0,0963","1,7566","0,0571","7,3937","0,231","-0,0664","0,9468","-0,8409","-0,7457","0,9753","-128,8184","8,1646","61,8385","-4,82","-13,03","-173,3",1,,,,
148891,143900,"-21,9416008","-48,95267487","509,1",1,7,"463,85","958,76","31,76","2,2577","-4,0772","-0,323","0,0341",0,"0,1041","1,7341","0,0571","7,3725","0,2212","-0,0581","0,9429","-0,0482","-1,1116","-0,732","-128,5425","7,7874","61,8114","-4,86","-13,09","-173,18",1,,,,
148991,143900,"-21,9416008","-48,95267487","509,1",1,7,"463,85","958,76","31,76","2,2571","-4,0772","-0,3463","0,0338",0,"0,1116","1,7159","0,0571","7,4018","0,2119","-0,0479","0,9502","-0,2921","1,5713","-0,793","-128,6606","9,4912","61,7777","-4,83","-13,18","-173,17",1,,,,
149091,143900,"-21,9416008","-48,95267487","509,1",1,7,"463,85","958,76","31,76","2,2566","-4,0772","-0,3658","0,0344",0,"0,1166","1,7466","0,0571","7,3694","0,2295","-0,0537","0,936","-0,1701","1,5713","1,4021","-129,0953","7,7593","61,5714","-4,73","-13,24","-173,23",1,,,,
149374,143902,"-21,9416008","-48,95267487","509,1",1,7,"463,68","958,78","31,76","2,256","-4,0772","-0,3537","0,0344",0,"0,1633","1,7424","0,0571","7,3908","0,209","-0,041","0,9551","-1,7555","-1,9043","-2,6832","-128,9578","9,9283","62,5674","-4,56","-13,19","-173,25",1,,,,
149421,143902,"-21,9416008","-48,95267487","509,1",1,7,"463,68","958,78","31,76","2,2556","-4,0772","-0,3436","0,0342",0,"0,1606","1,7347","0,0571","7,4001","0,2202","-0,0527","0,9502","-1,2677","0,9006","-5,2442","-127,8502","8,8008","62,4791","-4,55","-13,17","-173,3",1,,,,
149521,143902,"-21,9416008","-48,95267487","509,1",1,7,"463,68","958,78","31,76","2,2551","-4,0772","-0,3352","0,0346",0,"0,158","1,7495","0,0571","7,3939","0,2212","-0,0469","0,9419","-1,2067","1,7543","3,3534","-128,8509","7,8632","62,8354","-4,53","-13,18","-173,56",1,,,,
149621,143902,"-21,9416008","-48,95267487","509,1",1,7,"463,68","958,78","31,76","2,2546","-4,0772","-0,3282","0,0301",0,"0,154","1,524","0,0571","7,292","0,1421","-0,1606","0,9131","1,3543","-0,2579","-3,5979","-128,5609","7,4461","62,2999","-4,57","-13,12","-173,63",1,,,,
149721,143902,"-21,9416008","-48,95267487","509,1",1,7,"463,68","958,78","31,76","2,2543","-4,0772","-0,3224","0,034",0,"0,1537","1,7183","0,0571","7,3635","0,2344","-0,0654","0,9492","-0,7189","-0,9896","1,1582","-128,5456","8,1887","62,0856","-4,64","-13,04","-173,59",1,,,,
149874,143902,"-21,9416008","-48,95267487","509,1",1,7,"463,51","958,8","31,78","2,2539","-4,0772","-0,2901","0,0342",0,"0,1931","1,729","0,0571","7,3999","0,2241","-0,0513","0,9565","-0,597","-0,4409","4,8777","-128,4192","9,9964","63,3159","-4,68","-13,06","-173,61",1,,,,
149921,143902,"-21,9416008","-48,95267487","509,1",1,7,"463,51","958,8","31,78","2,2535","-4,0772","-0,2631","0,0351",0,"0,1873","1,7699","0,0571","7,4999","0,2354","-0,0308","0,9819","0,1957","0,8396","-2,8662","-128,9782","8,0219","62,4676","-4,72","-13,09","-173,57",1,,,,
150021,143902,"-21,9416008","-48,95267487","509,1",1,7,"463,51","958,8","31,78","2,2532","-4,0772","-0,2406","0,0334",0,"0,1801","1,6883","0,0571","7,4635","0,2144","-0,0396","0,9517","0,8055","-0,136","-1,2808","-127,4237","9,7701","62,6455","-4,71","-13,1","-173,56",1,,,,
150121,143903,"-21,9416008","-48,95267487","509,1",1,7,"463,51","958,8","31,78","2,2529","-4,0772","-0,2218","0,0333",0,"0,174","1,6807","0,0571","7,4318","0,21","-0,0649","0,96","-0,2921","0,4128","1,4631","-128,2706","9,7778","62,921","-4,68","-13,09","-173,59",1,,,,
150221,143903,"-21,9416008","-48,95267487","509,1",1,7,"463,51","958,8","31,78","2,2526","-4,0772","-0,2061","0,0334",0,"0,1686","1,6864","0,0571","7,3895","0,2139","-0,0469","0,9409","-2,5482","-0,5018","1,707","-128,8316","8,9871","62,6411","-4,72","-13,07","-173,5",1,,,,
150374,143903,"-21,9416008","-48,95267487","509,1",1,7,"463,38","958,82","31,79","2,2524","-4,0772","-0,1708","0,0339",0,"0,1975","1,7095","0,0571","7,3993","0,2129","-0,0591","0,9551","-0,2311","-3,3677","-2,0735","-128,2747","9,3965","62,9011","-4,82","-13,07","-173,39",1,,,,
150421,143903,"-21,9416008","-48,95267487","509,1",1,7,"463,38","958,82","31,79","2,2521","-4,0772","-0,1413","0,034",0,"0,1884","1,7131","0,0571","7,3731","0,2207","-0,0576","0,939","-1,4506","1,0226","0,4875","-129,6867","8,2323","62,8767","-4,87","-13,15","-173,36",1,,,,
150521,143903,"-21,9416008","-48,95267487","509,1",1,7,"463,38","958,82","31,79","2,2519","-4,0772","-0,1166","0,0347",0,"0,181","1,7463","0,0571","7,3562","0,2363","-0,0708","0,9438","-2,1823","1,5713","-0,854","-128,3989","9,1539","62,2591","-4,91","-13,21","-173,4",1,,,,
150621,143903,"-21,9416008","-48,95267487","509,1",1,7,"463,38","958,82","31,79","2,2517","-4,0772","-0,0961","0,0348",0,"0,1758","1,7528","0,0571","7,3935","0,2207","-0,0498","0,9487","-1,6335","0,2299","-2,3784","-128,5598","8,2286","62,5941","-4,96","-13,18","-173,52",1,,,,
150721,143903,"-21,9416008","-48,95267487","509,1",1,7,"463,38","958,82","31,79","2,2514","-4,0772","-0,0789","0,0303",0,"0,1675","1,5267","0,0571","7,2251","0,1445","-0,1196","0,8843","-1,8165","10,047","0,7314","-129,6542","8,5337","61,8798","-4,99","-13,07","-173,69",1,,,,
150874,143903,"-21,9416008","-48,95267487","509,1",1,7,"462,99","958,86","31,78","2,2512","-4,0772","-0,0015","0,0323",0,"0,2566","1,6252","0,0571","7,2774","0,2231","-0,0576","0,9458","-1,3287","1,1445","-3,293","-129,2246","9,1018","61,772","-5,05","-12,77","-173,83",1,,,,
150921,143903,"-21,9416008","-48,95267487","509,1",1,7,"462,99","958,86","31,78","2,251","-4,0772","0,0631","0,0307",0,"0,2397","1,5478","0,0571","7,3639","0,1846","-0,1396","0,9648","-1,2677","-0,2579","-1,0979","-129,3682","7,7353","61,3243","-5,11","-12,54","-174,07",1,,,,
151021,143903,"-21,9416008","-48,95267487","509,1",1,7,"462,99","958,86","31,78","2,2508","-4,0772","0,1171","0,0311",0,"0,2251","1,565","0,0571","7,4145","0,2002","-0,0859","0,9546","0,1957","-1,9043","-5,1223","-128,9894","7,6605","62,7019","-5,17","-12,42","-174,31",1,,,,
151121,143903,"-21,9416008","-48,95267487","509,1",1,7,"462,99","958,86","31,78","2,2507","-4,0772","0,1623","0,0333",0,"0,2111","1,674","0,0571","7,3646","0,2207","-0,0591","0,9463","-0,9628","1,3274","-2,6832","-128,1302","8,7967","62,4862","-5,19","-12,43","-174,53",1,,,,
151221,143903,"-21,9416008","-48,95267487","509,1",1,7,"462,99","958,86","31,78","2,2505","-4,0772","0,1999","0,0341",0,"0,1986","1,7166","0,0571","7,2793","0,2324","-0,0444","0,9355","0,5006","2,0591","0,4265","-128,8245","8,9672","62,3869","-5,19","-12,44","-174,61",1,,,,
151551,143903,"-21,9416008","-48,95267487","509,1",1,7,"462,87","958,88","31,77","2,2504","-4,0772","0,2514","0,0352",0,"0,2211","1,7671","0,0571","7,3989","0,2324","-0,043","0,9517","-1,0848","0,7787","-1,1588","-128,5415","8,57","62,1056","-4,95","-12,31","-174,32",1,,,,
151597,143903,"-21,9416008","-48,95267487","509,1",1,7,"462,87","958,88","31,77","2,2503","-4,0772","0,2944","0,0354",0,"0,2088","1,7793","0,0571","7,403","0,2295","-0,0566","0,9492","-2,4872","1,4494","2,4387","-129,6867","8,2323","62,8767","-4,91","-12,27","-174,27",1,,,,
151697,143903,"-21,9416008","-48,95267487","509,1",1,7,"462,87","958,88","31,77","2,2502","-4,0772","0,3304","0,0354",0,"0,1987","1,7771","0,0571","7,4129","0,2266","-0,0693","0,9482","1,1713","1,8762","-1,6466","-128,5628","8,6299","62,8683","-4,88","-12,23","-174,22",1,,,,
151797,143903,"-21,9416008","-48,95267487","509,1",1,7,"462,87","958,88","31,77","2,2501","-4,0772","0,3604","0,0342",0,"0,19","1,718","0,0571","7,4147","0,2109","-0,0576","0,9526","-1,3287","2,8518","1,1582","-128,4142","8,4113","62,4734","-4,83","-12,16","-174,23",1,,,,
151897,143903,"-21,9416008","-48,95267487","509,1",1,7,"462,87","958,88","31,77","2,25","-4,0772","0,3855","0,0348",0,"0,1822","1,7487","0,0571","7,3848","0,2227","-0,0366","0,9497","-1,2067","1,1445","2,9875","-128,5669","8,2486","62,8483","-4,88","-12,08","-174,23",1,,,,
152050,143903,"-21,9416008","-48,95267487","509,1",1,7,"463,29","958,83","31,77","2,2499","-4,0772","0,3374","0,0349",0,"0,0754","1,7555","0,0571","7,3999","0,2305","-0,0449","0,9458","-2,0604","0,2299","3,6582","-128,2687","8,594","62,3527","-4,95","-12,03","-174,16",1,,,,
152097,143903,"-21,9416008","-48,95267487","509,1",1,7,"463,29","958,83","31,77","2,2499","-4,0772","0,2972","0,0343",0,"0,0873","1,7252","0,0571","7,4151","0,2139","-0,0625","0,9531","-1,4506","0,4128","-0,671","-127,4501","8,6661","63,094","-5,04","-12,04","-174,07",1,,,,
152197,143905,"-21,9416008","-48,95267487","509,1",1,7,"463,29","958,83","31,77","2,2498","-4,0772","0,2636","0,0347",0,"0,0973","1,7422","0,0571","7,4287","0,2261","-0,0679","0,9468","-1,3287","1,0226","-0,3662","-129,3712","8,1365","61,5985","-5,1","-12,07","-174,02",1,,,,
152297,143905,"-21,9416008","-48,95267487","509,1",1,7,"463,29","958,83","31,77","2,2497","-4,0772","0,2355","0,035",0,"0,105","1,7559","0,0571","7,4126","0,2231","-0,0635","0,9541","-1,2677","0,1079","0,1826","-128,2687","8,594","62,3527","-5,14","-12,12","-174,05",1,,,,
152397,143905,"-21,9416008","-48,95267487","509,1",1,7,"463,29","958,83","31,77","2,2497","-4,0772","0,212","0,0356",0,"0,1117","1,7894","0,0571","7,4099","0,2329","-0,0615","0,9531","-2,4262","-0,3799","-0,4271","-129,5259","9,1576","62,5417","-5,14","-12,15","-174,07",1,,,,
152550,143905,"-21,9416008","-48,95267487","509,1",1,7,"463,38","958,82","31,76","2,2497","-4,0772","0,1785","0,0344",0,"0,0972","1,7263","0,0571","7,418","0,2158","-0,0537","0,9478","-1,4506","1,3274","1,2802","-127,8472","8,3995","62,2049","-5,11","-12,18","-174,07",1,,,,
152597,143905,"-21,9416008","-48,95267487","509,1",1,7,"463,38","958,82","31,76","2,2496","-4,0772","0,1506","0,0344",0,"0,1052","1,7263","0,0571","7,4163","0,2212","-0,0542","0,9492","2,147","-0,8067","-2,9271","-127,9643","8,137","61,3087","-5,07","-12,18","-174,08",1,,,,
152697,143905,"-21,9416008","-48,95267487","509,1",1,7,"463,38","958,82","31,76","2,2496","-4,0772","0,1272","0,0339",0,"0,1117","1,7016","0,0571","7,4051","0,2148","-0,0586","0,9399","1,6591","-0,8677","-0,6101","-128,4112","8,0101","62,1992","-4,98","-12,19","-174,11",1,,,,
152797,143905,"-21,9416008","-48,95267487","509,1",1,7,"463,38","958,82","31,76","2,2495","-4,0772","0,1076","0,0346",0,"0,1179","1,7355","0,0571","7,4323","0,2168","-0,0479","0,9507","-1,9384","1,3274","-1,0979","-128,1089","8,7368","61,7236","-4,89","-12,26","-174,12",1,,,,
152897,143905,"-21,9416008","-48,95267487","509,1",1,7,"463,38","958,82","31,76","2,2495","-4,0772","0,0913","0,0351",0,"0,1228","1,7611","0,0571","7,4407","0,2271","-0,0596","0,9531","0,9884","-0,9896","0,3655","-128,6759","8,7486","61,992","-4,86","-12,36","-174,19",1,,,,
153050,143905,"-21,9416008","-48,95267487","509,1",1,7,"463,78","958,77","31,77","2,2495","-4,0772","0,0108","0,035",0,"0,0284","1,755","0,0571","7,4208","0,2241","-0,0396","0,9487","-0,2921","2,364","-0,3662","-128,5486","8,5899","62,3598","-4,79","-12,45","-174,28",1,,,,
153097,143905,"-21,9416008","-48,95267487","509,1",1,7,"463,78","958,77","31,77","2,2495","-4,0772","-0,0565","0,0347",0,"0,0481","1,7421","0,0571","7,437","0,2197","-0,0464","0,9556","-1,8774","-1,8433","1,768","-128,6647","9,1099","61,7577","-4,73","-12,46","-174,32",1,,,,
153197,143906,"-21,9416008","-48,95267487","509,1",1,7,"463,78","958,77","31,77","2,2495","-4,0772","-0,1127","0,0356",0,"0,064","1,7845","0,0571","7,4186","0,2339","-0,0586","0,9448","0,1957","0,2909","3,1095","-129,0872","8,5219","61,6114","-4,72","-12,47","-174,31",1,,,,
153297,143906,"-21,9416008","-48,95267487","509,1",1,7,"463,78","958,77","31,77","2,2495","-4,0772","-0,1597","0,0353",0,"0,0776","1,7715","0,0571","7,4252","0,2207","-0,061","0,9512","-2,3043","-0,014","-0,3052","-128,9599","8,3632","61,9792","-4,76","-12,53","-174,27",1,,,,
153397,143906,"-21,9416008","-48,95267487","509,1",1,7,"463,78","958,77","31,77","2,2494","-4,0772","-0,199","0,0353",0,"0,0882","1,7701","0,0571","7,3871","0,2207","-0,062","0,9385","0,4396","0,2909","-2,5003","-128,1485","8,4553","62,9747","-4,84","-12,58","-174,25",1,,,,
153688,143906,"-21,9416008","-48,95267487","509,1",1,7,"463,78","958,77","31,78","2,2494","-4,0772","-0,2313","0,0345",0,"0,0986","1,7311","0,0571","7,4035","0,2197","-0,0571","0,9482","-1,3896","-0,8677","0,6095","-128,8163","9,7297","62,4268","-4,88","-12,47","-174,28",1,,,,
153735,143906,"-21,9416008","-48,95267487","509,1",1,7,"463,78","958,77","31,78","2,2494","-4,0772","-0,2584","0,0343",0,"0,1062","1,7196","0,0571","7,3961","0,2178","-0,0718","0,9458","-1,6945","-0,9896","0,1826","-128,854","8,2645","63,1096","-4,88","-12,45","-174,27",1,,,,
153835,143906,"-21,9416008","-48,95267487","509,1",1,7,"463,78","958,77","31,78","2,2494","-4,0772","-0,281","0,0346",0,"0,1121","1,7375","0,0571","7,3645","0,2251","-0,0557","0,9404","-0,6579","0,1079","-1,1588","-128,5405","9,3525","62,3997","-4,91","-12,5","-174,24",1,,,,
153935,143906,"-21,9416008","-48,95267487","509,1",1,7,"463,78","958,77","31,78","2,2494","-4,0772","-0,2998","0,0349",0,"0,1179","1,7488","0,0571","7,3812","0,2222","-0,062","0,9507","-1,6945","0,5957","2,0729","-129,1115","8,983","62,6482","-4,89","-12,57","-174,24",1,,,,
154035,143906,"-21,9416008","-48,95267487","509,1",1,7,"463,78","958,77","31,78","2,2495","-4,0772","-0,3156","0,035",0,"0,1233","1,7566","0,0571","7,4276","0,2236","-0,0576","0,9541","0,9274","-0,9896","1,8899","-128,9477","9,5071","62,039","-4,91","-12,63","-174,17",1,,,,
154188,143907,"-21,9416008","-48,95267487","509,1",1,7,"463,78","958,77","31,81","2,2495","-4,0772","-0,3288","0,0345",0,"0,1268","1,7321","0,0571","7,4102","0,228","-0,0649","0,9497","-1,5116","-0,9287","2,4387","-127,9582","10,0833","61,917","-4,96","-12,69","-174,04",1,,,,
154235,143907,"-21,9416008","-48,95267487","509,1",1,7,"463,78","958,77","31,81","2,2495","-4,0772","-0,3398","0,0346",0,"0,1301","1,7347","0,0571","7,4166","0,2227","-0,0503","0,9512","-0,0482","-0,6848","0,3046","-128,4122","7,2275","61,905","-5,03","-12,74","-173,89",1,,,,
154335,143907,"-21,9416008","-48,95267487","509,1",1,7,"463,78","958,77","31,81","2,2495","-4,0772","-0,3489","0,0351",0,"0,1336","1,7593","0,0571","7,4618","0,23","-0,0557","0,9595","0,4396","0,7177","-0,1223","-128,8184","8,1646","61,8385","-5,06","-12,8","-173,78",1,,,,
154435,143907,"-21,9416008","-48,95267487","509,1",1,7,"463,78","958,77","31,81","2,2495","-4,0772","-0,3566","0,0352",0,"0,1352","1,7627","0,0571","7,4294","0,2271","-0,0547","0,9468","-0,597","-0,014","-1,8296","-129,2632","9,6028","63,3173",-5,"-12,85","-173,75",1,,,,
154535,143907,"-21,9416008","-48,95267487","509,1",1,7,"463,78","958,77","31,81","2,2496","-4,0772","-0,363","0,035",0,"0,137","1,7569","0,0571","7,4263","0,2231","-0,0669","0,9487","-1,1457","-0,136","-0,2442","-128,8286","8,5859","62,3669","-4,91","-12,91","-173,8",1,,,,
154688,143907,"-21,9416008","-48,95267487","509,1",1,7,"463,98","958,75","31,81","2,2496","-4,0772","-0,4014","0,0351",0,"0,09","1,7616","0,0571","7,4159","0,2271","-0,0581","0,9512","-1,0238","-0,8677","0,4875","-128,8154","7,7634","61,5643","-4,86","-12,99","-173,83",1,,,,
154735,143907,"-21,9416008","-48,95267487","509,1",1,7,"463,98","958,75","31,81","2,2496","-4,0772","-0,4335","0,0351",0,"0,0994","1,7582","0,0571","7,4249","0,2236","-0,064","0,9526","0,6226","0,5348","-1,6466","-128,9498","7,942","61,4507","-4,86","-13,04","-173,82",1,,,,
154835,143907,"-21,9416008","-48,95267487","509,1",1,7,"463,98","958,75","31,81","2,2496","-4,0772","-0,4603","0,0359",0,"0,1069","1,8017","0,0571","7,4134","0,2354","-0,0688","0,9468","-1,5116","-0,8677","0,3046","-128,2514","8,1528","61,5701","-4,84","-13,01","-173,85",1,,,,
154935,143907,"-21,9416008","-48,95267487","509,1",1,7,"463,98","958,75","31,81","2,2497","-4,0772","-0,4827","0,0353",0,"0,1128","1,7686","0,0571","7,3833","0,2192","-0,0503","0,9453","0,1348","0,4738","0,3655","-128,4132","9,1939","62,7675","-4,85","-12,95","-173,88",1,,,,
155035,143907,"-21,9416008","-48,95267487","509,1",1,7,"463,98","958,75","31,81","2,2497","-4,0772","-0,5014","0,0349",0,"0,1174","1,7479","0,0571","7,345","0,229","-0,0601","0,9346","-0,2921","3,4616","0,6704","-127,7068","7,4184","61,7701","-4,86","-12,94","-173,87",1,,,,
155188,143908,"-21,9416008","-48,95267487","509,1",1,7,"463,98","958,75","31,82","2,2498","-4,0772","-0,5175","0,0352",0,"0,1214","1,7643","0,0571","7,3506","0,2261","-0,0659","0,9395","0,8665","-0,3799","-0,1223","-128,9629","8,7645","62,2533","-4,87","-12,87","-173,83",1,,,,
155235,143908,"-21,9416008","-48,95267487","509,1",1,7,"463,98","958,75","31,82","2,2498","-4,0772","-0,5309","0,0357",0,"0,1255","1,7903","0,0571","7,3649","0,2339","-0,0688","0,9478","-0,536","-2,575","-0,854","-128,6778","9,9324","62,5603","-4,87","-12,86","-173,83",1,,,,
155335,143908,"-21,9416008","-48,95267487","509,1",1,7,"463,98","958,75","31,82","2,2498","-4,0772","-0,5421","0,0357",0,"0,1289","1,7897","0,0571","7,3727","0,229","-0,0552","0,9478","0,8665","2,486","-0,1223","-129,3783","8,1565","61,8527","-4,84","-12,89","-173,85",1,,,,
155435,143908,"-21,9416008","-48,95267487","509,1",1,7,"463,98","958,75","31,82","2,2499","-4,0772","-0,5515","0,0357",0,"0,1326","1,7906","0,0571","7,4208","0,228","-0,0591","0,9614","-1,5726","-3,3677","0,9143","-128,4183","8,03","62,4534","-4,79","-12,86","-173,89",1,,,,
155535,143908,"-21,9416008","-48,95267487","509,1",1,7,"463,98","958,75","31,82","2,2499","-4,0772","-0,5593","0,0356",0,"0,134","1,7824","0,0571","7,3799","0,2285","-0,0591","0,9453","0,0128","0,5957","1,0973","-128,1261","9,178","62,5062","-4,8","-12,87","-173,93",1,,,,
155815,143908,"-21,9416008","-48,95267487","509,1",1,7,"463,37","958,82","31,82","2,25","-4,0772","-0,4654","0,0349",0,"0,2836","1,7473","0,0571","7,4255","0,2261","-0,0576","0,9556","-1,6335","-0,8677","-0,671","-128,5354","7,7675","61,5572","-4,76","-12,9","-174,03",1,,,,
155862,143908,"-21,9416008","-48,95267487","509,1",1,7,"463,37","958,82","31,82","2,25","-4,0772","-0,387","0,035",0,"0,261","1,7568","0,0571","7,423","0,2266","-0,0605","0,9497","-0,7189","0,2909","2,9875","-129,2459","9,1617","62,5346","-4,74","-12,9","-174,03",1,,,,
155962,143908,"-21,9416008","-48,95267487","509,1",1,7,"463,37","958,82","31,82","2,2501","-4,0772","-0,3215","0,0355",0,"0,2422","1,7817","0,0571","7,4256","0,2339","-0,0693","0,9629","-2,1213","0,4738","0,6704","-128,2687","8,594","62,3527","-4,8","-12,91","-173,95",1,,,,
156062,143908,"-21,9416008","-48,95267487","509,1",1,7,"463,37","958,82","31,82","2,2501","-4,0772","-0,2668","0,0352",0,"0,2262","1,7631","0,0571","7,4185","0,2207","-0,0654","0,9487","-0,353","1,3274","-1,1588","-129,3986","8,9989","62,9095","-4,9","-12,85","-173,86",1,,,,
156162,143909,"-21,9416008","-48,95267487","509,1",1,7,"463,37","958,82","31,82","2,2502","-4,0772","-0,2211","0,0357",0,"0,2138","1,7897","0,0571","7,4523","0,2339","-0,0566","0,9546","-1,0848","0,047","0,7314","-127,8543","8,4195","62,4592","-4,93","-12,79","-173,91",1,,,,
156315,143909,"-21,9416008","-48,95267487","509,1",1,7,"463,38","958,82","31,82","2,2502","-4,0772","-0,1833","0,0351",0,"0,2025","1,7614","0,0571","7,4715","0,2178","-0,0518","0,9609","-0,2921","-2,2701","0,6704","-128,1201","8,3755","61,9578","-4,9","-12,8","-173,99",1,,,,
156362,143909,"-21,9416008","-48,95267487","509,1",1,7,"463,38","958,82","31,82","2,2503","-4,0772","-0,1517","0,0346",0,"0,1932","1,7322","0,0571","7,4595","0,2148","-0,0552","0,9512","-1,4506","-0,2579","-0,671","-129,6654","8,1724","62,1141","-4,86","-12,89","-174,04",1,,,,
156462,143909,"-21,9416008","-48,95267487","509,1",1,7,"463,38","958,82","31,82","2,2503","-4,0772","-0,1254","0,0343",0,"0,1852","1,7189","0,0571","7,4385","0,2095","-0,0664","0,9458","0,8055","-0,9287","-0,732","-129,0984","8,1606","61,8456","-4,81","-12,94","-174,07",1,,,,
156562,143909,"-21,9416008","-48,95267487","509,1",1,7,"463,38","958,82","31,82","2,2504","-4,0772","-0,1034","0,0339",0,"0,178","1,6977","0,0571","7,3967","0,2134","-0,0562","0,9478","-0,9018","0,8396","2,3777","-127,8492","9,5833","62,7733","-4,72","-12,94","-174,12",1,,,,
156662,143909,"-21,9416008","-48,95267487","509,1",1,7,"463,38","958,82","31,82","2,2504","-4,0772","-0,085","0,0348",0,"0,1722","1,7465","0,0571","7,3736","0,2314","-0,0449","0,9424","-0,0482","0,047","2,7436","-128,2687","8,594","62,3527","-4,69","-12,94","-174,09",1,,,,
156815,143909,"-21,9416008","-48,95267487","509,1",1,7,"463,98","958,75","31,82","2,2505","-4,0772","-0,1695","0,0342",0,"0,022","1,7143","0,0571","7,3954","0,2192","-0,0684","0,9561","-0,2921","1,2665","0,0607","-128,3888","8,7327","61,7307","-4,72","-13,01","-174,02",1,,,,
156862,143909,"-21,9416008","-48,95267487","509,1",1,7,"463,98","958,75","31,82","2,2505","-4,0772","-0,2402","0,0338",0,"0,0421","1,6949","0,0571","7,3804","0,2134","-0,0503","0,9424","-1,0848","-0,6238","0,3655","-128,9528","8,3433","61,7249","-4,74","-13,08","-174,02",1,,,,
156962,143909,"-21,9416008","-48,95267487","509,1",1,7,"463,98","958,75","31,82","2,2506","-4,0772","-0,2992","0,0343",0,"0,0602","1,7176","0,0571","7,4349","0,2173","-0,0625","0,9561","1,2323","-0,2579","1,646","-128,3959","8,7527","61,9849","-4,77","-13,09","-174,01",1,,,,
157062,143909,"-21,9416008","-48,95267487","509,1",1,7,"463,98","958,75","31,82","2,2506","-4,0772","-0,3486","0,0348",0,"0,0746","1,7423","0,0571","7,4466","0,2271","-0,0684","0,9526","1,2323","-0,2579","-1,0979","-127,833","8,3596","61,6965","-4,79","-13,06","-173,94",1,,,,
157162,143910,"-21,9416008","-48,95267487","509,1",1,7,"463,98","958,75","31,82","2,2507","-4,0772","-0,3898","0,0343",0,"0,0862","1,7168","0,0571","7,4319","0,2163","-0,0586","0,9546","-0,7799","-0,3799","0,1826","-128,9935","7,2792","62,6819","-4,77","-13,05","-173,91",1,,,,
157315,143910,"-21,9416008","-48,95267487","509,1",1,7,"463,98","958,75","31,84","2,2507","-4,0772","-0,4242","0,0352",0,"0,0974","1,7622","0,0571","7,4941","0,2329","-0,061","0,9614","0,3787","1,3884","3,5363","-128,1272","8,3954","62,212","-4,76","-13,07","-173,9",1,,,,
157362,143910,"-21,9416008","-48,95267487","509,1",1,7,"463,98","958,75","31,84","2,2508","-4,0772","-0,4529","0,0354",0,"0,1053","1,7744","0,0571","7,4768","0,229","-0,061","0,9517","0,4396","-0,5018","0,3655","-128,6942","8,4072","62,4805","-4,76","-13,08","-173,81",1,,,,
157462,143910,"-21,9416008","-48,95267487","509,1",1,7,"463,98","958,75","31,84","2,2509","-4,0772","-0,477","0,0355",0,"0,1112","1,7793","0,0571","7,4253","0,2261","-0,0601","0,9463","0,6835","-1,5994","-0,3662","-128,8316","8,9871","62,6411","-4,74","-13,07","-173,7",1,,,,
157562,143910,"-21,9416008","-48,95267487","509,1",1,7,"463,98","958,75","31,84","2,2509","-4,0772","-0,497","0,0351",0,"0,1164","1,7606","0,0571","7,3966","0,2227","-0,0498","0,9424","0,3177","0,1689","1,2802","-128,1007","9,4994","61,7635","-4,7","-13,1","-173,67",1,,,,
157662,143910,"-21,9416008","-48,95267487","509,1",1,7,"463,98","958,75","31,84","2,251","-4,0772","-0,5138","0,0349",0,"0,1215","1,7492","0,0571","7,411","0,2246","-0,0571","0,9541","0,5006","3,0348","0,4265","-128,5374","8,9513","62,1255","-4,64","-13,08","-173,69",1,,,,
157942,143910,"-21,9416008","-48,95267487","509,1",1,7,"463,51","958,8","31,86","2,251","-4,0772","-0,45","0,0334",0,"0,2407","1,6749","0,0571","7,4787","0,2222","-0,0518","0,9639","-1,9994","-1,5994","-3,5979","-128,8103","8,9272","61,8784","-4,44","-12,95","-173,77",1,,,,
157989,143910,"-21,9416008","-48,95267487","509,1",1,7,"463,51","958,8","31,86","2,2511","-4,0772","-0,3968","0,0336",0,"0,2252","1,6817","0,0571","7,4717","0,2183","-0,0415","0,9536","-0,6579","0,4128","1,4631","-128,6688","8,7286","61,7378","-4,42","-12,94","-173,8",1,,,,
158089,143911,"-21,9416008","-48,95267487","509,1",1,7,"463,51","958,8","31,86","2,2511","-4,0772","-0,3522","0,0344",0,"0,2115","1,7261","0,0571","7,4281","0,2241","-0,0527","0,9443","-1,8165","0,7787","4,7558","-128,2738","7,4302","62,0386","-4,45","-12,94","-173,8",1,,,,
158189,143911,"-21,9416008","-48,95267487","509,1",1,7,"463,51","958,8","31,86","2,2512","-4,0772","-0,3151","0,0351",0,"0,2006","1,7607","0,0571","7,4167","0,2192","-0,104","0,9453","-0,414","-1,3555","-6,7076","-128,8266","7,4021","61,7986","-4,51","-12,91","-173,68",1,,,,
158289,143911,"-21,9416008","-48,95267487","509,1",1,7,"463,51","958,8","31,86","2,2513","-4,0772","-0,284","0,0356",0,"0,1906","1,7851","0,0571","7,3646","0,2471","-0,0493","0,936","0,0128","-1,5384","-1,4637","-128,8357","8,6058","62,6211","-4,51","-12,98","-173,82",1,,,,
158442,143911,"-21,9416008","-48,95267487","509,1",1,7,"463,85","958,76","31,87","2,2513","-4,0772","-0,3137","0,0355",0,"0,1027","1,781","0,0571","7,412","0,2231","-0,0693","0,957","-0,1701","-0,3799","-0,3052","-128,4213","8,4313","62,7276","-4,46","-13,13","-174,05",1,,,,
158489,143911,"-21,9416008","-48,95267487","509,1",1,7,"463,85","958,76","31,87","2,2514","-4,0772","-0,3384","0,0353",0,"0,1105","1,7703","0,0571","7,4466","0,2231","-0,0688","0,9609","-1,7555","2,486","3,1704","-130,2354","8,5854","62,6567","-4,42","-13,25","-174,24",1,,,,
158589,143911,"-21,9416008","-48,95267487","509,1",1,7,"463,85","958,76","31,87","2,2515","-4,0772","-0,3591","0,0348",0,"0,1165","1,7452","0,0571","7,4493","0,2261","-0,0425","0,9492","-1,2677","-0,5018","-4,2686","-128,8265","10,151","62,9552","-4,45","-13,22","-174,31",1,,,,
158689,143911,"-21,9416008","-48,95267487","509,1",1,7,"463,85","958,76","31,87","2,2515","-4,0772","-0,3765","0,0351",0,"0,1203","1,7562","0,0571","7,3895","0,2275","-0,0635","0,9336","-0,1091","2,6689","-2,3174","-128,3959","8,7527","61,9849","-4,44","-13,13","-174,51",1,,,,
158789,143911,"-21,9416008","-48,95267487","509,1",1,7,"463,85","958,76","31,87","2,2516","-4,0772","-0,3909","0,0343",0,"0,1251","1,72","0,0571","7,4223","0,2202","-0,0562","0,9492","-1,1457","0,4128","2,0729","-128,4183","8,03","62,4534","-4,33","-13,01","-174,8",1,,,,
158942,143911,"-21,9416008","-48,95267487","509,1",1,7,"464,09","958,74","31,87","2,2517","-4,0772","-0,4421","0,0344",0,"0,0707","1,7236","0,0571","7,3875","0,2183","-0,0669","0,9395","-0,414","-1,9652","2,0119","-128,2738","7,4302","62,0386","-4,3","-12,97","-174,88",1,,,,
158989,143911,"-21,9416008","-48,95267487","509,1",1,7,"464,09","958,74","31,87","2,2517","-4,0772","-0,4849","0,0357",0,"0,0823","1,7862","0,0571","7,3519","0,2422","-0,0366","0,9346","0,6226","0,5957","-8,9637","-128,9772","8,8044","62,7618","-4,32","-13,01","-174,84",1,,,,
159089,143912,"-21,9416008","-48,95267487","509,1",1,7,"464,09","958,74","31,87","2,2518","-4,0772","-0,5206","0,0357",0,"0,0936","1,7886","0,0571","7,403","0,2231","-0,0605","0,9482","-1,4506","-0,2579","-1,3418","-128,5344","8,55","61,8514","-4,25","-13,07","-175,04",1,,,,
159189,143912,"-21,9416008","-48,95267487","509,1",1,7,"464,09","958,74","31,87","2,2519","-4,0772","-0,5504","0,0354",0,"0,1023","1,7729","0,0571","7,4058","0,2178","-0,0537","0,9458","0,3787","1,3274","2,4997","-128,4254","8,05","62,7076","-4,2","-13,1","-175,31",1,,,,
159289,143912,"-21,9416008","-48,95267487","509,1",1,7,"464,09","958,74","31,87","2,2519","-4,0772","-0,5754","0,0356",0,"0,1087","1,7836","0,0571","7,3645","0,2295","-0,0659","0,9419","0,9884","1,8152","2,6826","-128,8458","9,027","63,1495","-4,26","-13,04","-175,21",1,,,,
159442,143912,"-21,9416008","-48,95267487","509,1",1,7,"463,85","958,76","31,87","2,252","-4,0772","-0,5567","0,0345",0,"0,1729","1,7267","0,0571","7,3858","0,2114","-0,0513","0,9536","-2,4872","0,2909","-1,2808","-129,2327","8,3392","61,732","-4,32","-12,91","-174,97",1,,,,
159489,143912,"-21,9416008","-48,95267487","509,1",1,7,"463,85","958,76","31,87","2,2521","-4,0772","-0,541","0,0343",0,"0,1689","1,7208","0,0571","7,411","0,2192","-0,0752","0,9551","-1,3287","-3,3677","3,7802","-128,3828","7,9302","61,1823","-4,38","-12,86","-174,85",1,,,,
159589,143912,"-21,9416008","-48,95267487","509,1",1,7,"463,85","958,76","31,87","2,2521","-4,0772","-0,528","0,0345",0,"0,1644","1,7274","0,0571","7,3741","0,2197","-0,0635","0,9385","-1,4506","-0,3189","-0,4881","-128,5639","7,8473","62,5741","-4,46","-12,89","-174,7",1,,,,
159689,143912,"-21,9416008","-48,95267487","509,1",1,7,"463,85","958,76","31,87","2,2522","-4,0772","-0,5171","0,0347",0,"0,1611","1,7363","0,0571","7,3656","0,2251","-0,0308","0,9482","-0,2311","-0,5628","-1,2198","-128,1556","8,4753","63,2289","-4,5","-12,94","-174,6",1,,,,
159789,143912,"-21,9416008","-48,95267487","509,1",1,7,"463,85","958,76","31,87","2,2523","-4,0772","-0,508","0,0351",0,"0,1591","1,7582","0,0571","7,398","0,229","-0,0503","0,9531","-0,2921","0,1689","0,0607","-128,8326","8,2046","62,347","-4,46","-12,96","-174,65",1,,,,
160065,143912,"-21,9416008","-48,95267487","509,1",1,7,"463,98","958,75","31,87","2,2523","-4,0772","-0,5229","0,0339",0,"0,1231","1,7007","0,0571","7,3572","0,2212","-0,061","0,936","-2,4262","1,1445","-4,2686","-129,1014","8,5618","62,1198","-4,53","-12,96","-174,67",1,,,,
160112,143913,"-21,9416008","-48,95267487","509,1",1,7,"463,98","958,75","31,87","2,2524","-4,0772","-0,5355","0,0339",0,"0,1269","1,6998","0,0571","7,368","0,2183","-0,043","0,9473","-1,3896","-0,075","-3,171","-128,5587","9,0112","62,8882","-4,56","-12,93","-174,68",1,,,,
160212,143913,"-21,9416008","-48,95267487","509,1",1,7,"463,98","958,75","31,87","2,2524","-4,0772","-0,5459","0,0346",0,"0,1299","1,7323","0,0571","7,3688","0,2256","-0,0605","0,9541","-3,8896","-2,8189","6,9509","-129,6826","8,6135","62,8967","-4,64","-12,91","-174,76",1,,,,
160312,143913,"-21,9416008","-48,95267487","509,1",1,7,"463,98","958,75","31,87","2,2525","-4,0772","-0,5547","0,035",0,"0,1333","1,7519","0,0571","7,4116","0,231","-0,0552","0,9565","0,9884","-0,197","-2,2564","-128,1474","9,2379","63,2689","-4,81","-12,94","-174,6",1,,,,
160412,143913,"-21,9416008","-48,95267487","509,1",1,7,"463,98","958,75","31,87","2,2526","-4,0772","-0,562","0,0353",0,"0,1356","1,7665","0,0571","7,4198","0,2319","-0,0562","0,9512","-1,9994","0,7787","-1,4637","-127,9786","8,1769","61,8172","-4,93","-12,97","-174,52",1,,,,
160565,143913,"-21,9416008","-48,95267487","509,1",1,7,"463,98","958,75","31,88","2,2527","-4,0772","-0,5676","0,0347",0,"0,1381","1,7384","0,0571","7,4275","0,2183","-0,0591","0,9497","-1,3287","1,6933","0,7314","-128,5557","8,6099","62,614","-5,01","-12,98","-174,64",1,,,,
160612,143913,"-21,9416008","-48,95267487","509,1",1,7,"463,98","958,75","31,88","2,2527","-4,0772","-0,5723","0,0348",0,"0,1394","1,7448","0,0571","7,4259","0,2246","-0,0669","0,9502","-0,7189","1,0835","1,4021","-128,8367","7,8233","62,327","-5,1","-12,97","-174,72",1,,,,
160712,143913,"-21,9416008","-48,95267487","509,1",1,7,"463,98","958,75","31,88","2,2528","-4,0772","-0,5763","0,0351",0,"0,1409","1,7588","0,0571","7,4408","0,2295","-0,0469","0,9546","-1,1457","-0,8677","-3,232","-128,6931","9,1898","62,7746","-5,15","-12,91","-174,73",1,,,,
160812,143913,"-21,9416008","-48,95267487","509,1",1,7,"463,98","958,75","31,88","2,2529","-4,0772","-0,5796","0,0353",0,"0,1415","1,7685","0,0571","7,4228","0,2271","-0,0591","0,9463","-2,975","-1,1116","2,7436","-128,8316","8,9871","62,6411","-5,15","-12,9","-174,78",1,,,,
160912,143913,"-21,9416008","-48,95267487","509,1",1,7,"463,98","958,75","31,88","2,2529","-4,0772","-0,5823","0,0358",0,"0,1415","1,7946","0,0571","7,3828","0,2432","-0,0786","0,9419","1,3543","-0,6238","-0,0003","-128,4041","7,9901","61,945","-5,18","-12,92","-174,71",1,,,,
161065,143913,"-21,9416008","-48,95267487","509,1",1,7,"464,19","958,72","31,88","2,253","-4,0772","-0,619","0,0342",0,"0,0926","1,7151","0,0571","7,4163","0,207","-0,0444","0,9575","-0,7799","-0,197","-2,5613","-128,6707","9,9124","62,3061","-5,18","-12,96","-174,64",1,,,,
161112,143914,"-21,9416008","-48,95267487","509,1",1,7,"464,19","958,72","31,88","2,2531","-4,0772","-0,6496","0,0345",0,"0,1016","1,7285","0,0571","7,4252","0,2246","-0,0327","0,9526","-2,0604","-1,9652","-4,4515","-128,8255","8,1846","62,0927","-5,16","-13,04","-174,71",1,,,,
161212,143914,"-21,9416008","-48,95267487","509,1",1,7,"464,19","958,72","31,88","2,2531","-4,0772","-0,6752","0,0345",0,"0,1081","1,7307","0,0571","7,3836","0,2124","-0,064","0,9414","-0,414","0,4128","1,829","-129,2418","9,543","62,5546","-5,12","-13,13","-174,93",1,,,,
161312,143914,"-21,9416008","-48,95267487","509,1",1,7,"464,19","958,72","31,88","2,2532","-4,0772","-0,6965","0,0352",0,"0,1145","1,7645","0,0571","7,3973","0,229","-0,0552","0,9492","-0,0482","-1,5384","2,1948","-128,6799","8,3673","61,972","-5,09","-13,19","-175,07",1,,,,
161412,143914,"-21,9416008","-48,95267487","509,1",1,7,"464,19","958,72","31,88","2,2533","-4,0772","-0,7144","0,0351",0,"0,1194","1,757","0,0571","7,3813","0,2256","-0,043","0,9395","-0,9018","-0,7457","2,1338","-129,245","7,1953","61,6722","-5,1","-13,21","-174,99",1,,,,
161565,143914,"-21,9416008","-48,95267487","509,1",1,7,"463,98","958,75","31,9","2,2533","-4,0772","-0,6954","0,0345",0,"0,1725","1,7298","0,0571","7,3462","0,2207","-0,0381","0,9336","-0,475","-1,9652","-2,2564","-129,5269","8,375","62,2476","-5,11","-13,2","-174,89",1,,,,
161612,143914,"-21,9416008","-48,95267487","509,1",1,7,"463,98","958,75","31,9","2,2534","-4,0772","-0,6795","0,0343",0,"0,169","1,7202","0,0571","7,3991","0,2183","-0,0566","0,9604","-1,5116","-1,7823","3,1095","-129,6989","7,0884","62,8168","-5,06","-13,21","-174,9",1,,,,
161712,143914,"-21,9416008","-48,95267487","509,1",1,7,"463,98","958,75","31,9","2,2535","-4,0772","-0,6663","0,0344",0,"0,166","1,7253","0,0571","7,4369","0,2178","-0,0625","0,9536","-2,0604","0,5957","2,1948","-129,3884","8,5777","62,3811","-5,06","-13,25","-174,82",1,,,,
161812,143914,"-21,9416008","-48,95267487","509,1",1,7,"463,98","958,75","31,9","2,2535","-4,0772","-0,6552","0,0349",0,"0,1628","1,751","0,0571","7,4412","0,2314","-0,0488","0,9546","0,7445","0,8396","-0,5491","-128,8428","8,6258","62,8754","-5,11","-13,25","-174,67",1,,,,
161912,143914,"-21,9416008","-48,95267487","509,1",1,7,"463,98","958,75","31,9","2,2536","-4,0772","-0,646","0,0349",0,"0,16","1,7469","0,0571","7,4311","0,2217","-0,0513","0,9521","-0,9018","0,8396","2,8046","-127,9857","8,1969","62,0714","-5,06","-13,22","-174,67",1,,,,
162242,143914,"-21,9416008","-48,95267487","509,1",1,7,"463,67","958,78","31,9","2,2537","-4,0772","-0,5874","0,036",0,"0,2323","1,8042","0,0571","7,4408","0,2344","-0,0405","0,9609","-2,6701","-2,0262","-0,0003","-129,0984","8,1606","61,8456","-5,18","-13,25","-174,22",1,,,,
162289,143914,"-21,9416008","-48,95267487","509,1",1,7,"463,67","958,78","31,9","2,2537","-4,0772","-0,5385","0,0351",0,"0,2177","1,7607","0,0571","7,4151","0,2144","-0,0645","0,9434","-0,1091","2,2421","1,2802","-128,9752","7,6206","62,1935","-5,22","-13,25","-174,1",1,,,,
162389,143914,"-21,9416008","-48,95267487","509,1",1,7,"463,67","958,78","31,9","2,2538","-4,0772","-0,4976","0,0347",0,"0,2056","1,741","0,0571","7,4008","0,2188","-0,0605","0,9482","-1,6335","-1,6604","1,646","-129,646","9,2963","61,9197","-5,29","-13,27","-173,92",1,,,,
162489,143914,"-21,9416008","-48,95267487","509,1",1,7,"463,67","958,78","31,9","2,2539","-4,0772","-0,4634","0,0352",0,"0,1963","1,7622","0,0571","7,424","0,2241","-0,0488","0,9551","0,2567","2,2421","-3,4759","-129,5452","8,0337","62,7361","-5,3","-13,33","-173,85",1,,,,
162589,143914,"-21,9416008","-48,95267487","509,1",1,7,"463,67","958,78","31,9","2,2539","-4,0772","-0,4349","0,0354",0,"0,1882","1,7728","0,0571","7,432","0,2334","-0,0605","0,957","-0,7189","-0,5628","-1,4637","-128,7023","7,6447","62,4406","-5,19","-13,34","-174,02",1,,,,
162742,143914,"-21,9416008","-48,95267487","509,1",1,7,"463,98","958,75","31,92","2,254","-4,0772","-0,4615","0,0349",0,"0,107","1,7487","0,0571","7,4016","0,2241","-0,0645","0,9375","-1,4506","0,7177","1,9509","-127,9816","8,5781","62,0914","-5,13","-13,36","-174,16",1,,,,
162789,143914,"-21,9416008","-48,95267487","509,1",1,7,"463,98","958,75","31,92","2,2541","-4,0772","-0,4836","0,0338",0,"0,114","1,6931","0,0571","7,4307","0,2046","-0,064","0,958","0,3787","0,1079","-0,3662","-128,7084","8,4472","62,9889","-5,15","-13,37","-174,15",1,,,,
162889,143914,"-21,9416008","-48,95267487","509,1",1,7,"463,98","958,75","31,92","2,2541","-4,0772","-0,5022","0,0354",0,"0,118","1,7743","0,0571","7,3632","0,2358","-0,0532","0,9346","-0,0482","1,0226","-2,2564","-128,1444","8,8366","62,9947","-5,16","-13,32","-174,14",1,,,,
162989,143914,"-21,9416008","-48,95267487","509,1",1,7,"463,98","958,75","31,92","2,2542","-4,0772","-0,5177","0,0356",0,"0,1228","1,7839","0,0571","7,3808","0,229","-0,0586","0,9487","-2,975","2,0591","2,3168","-128,1089","8,7368","61,7236","-5,14","-13,27","-174,27",1,,,,
163089,143916,"-21,9416008","-48,95267487","509,1",1,7,"463,98","958,75","31,92","2,2543","-4,0772","-0,5306","0,0342",0,"0,1264","1,7154","0,0571","7,3748","0,2134","-0,0513","0,9458","-0,353","0,2909","-0,3052","-128,8103","8,9272","61,8784","-5,2","-13,23","-174,36",1,,,,
163242,143916,"-21,9416008","-48,95267487","509,1",1,7,"463,85","958,76","31,9","2,2543","-4,0772","-0,5193","0,0346",0,"0,1625","1,7361","0,0571","7,4026","0,2212","-0,042","0,9521","-0,597","-1,4165","-2,8052","-128,8438","7,8432","62,5812","-5,25","-13,24","-174,43",1,,,,
163289,143916,"-21,9416008","-48,95267487","509,1",1,7,"463,85","958,76","31,9","2,2544","-4,0772","-0,5098","0,0348",0,"0,1597","1,7461","0,0571","7,4012","0,2256","-0,0425","0,9478","-2,3043","-0,9896","-0,671","-129,6908","7,851","62,8568","-5,26","-13,33","-174,56",1,,,,
163389,143916,"-21,9416008","-48,95267487","509,1",1,7,"463,85","958,76","31,9","2,2545","-4,0772","-0,5019","0,0342",0,"0,1575","1,7153","0,0571","7,4025","0,2183","-0,0459","0,9521","1,5372","1,9372","2,3777","-128,5669","8,2486","62,8483","-5,24","-13,44","-174,66",1,,,,
163489,143916,"-21,9416008","-48,95267487","509,1",1,7,"463,85","958,76","31,9","2,2545","-4,0772","-0,4953","0,0341",0,"0,1558","1,7068","0,0571","7,4156","0,2075","-0,0752","0,9526","0,5616","-0,9287","1,4021","-127,9857","8,1969","62,0714","-5,17","-13,46","-174,58",1,,,,
163589,143916,"-21,9416008","-48,95267487","509,1",1,7,"463,85","958,76","31,9","2,2546","-4,0772","-0,4897","0,0343",0,"0,1547","1,7181","0,0571","7,4378","0,2227","-0,0562","0,9512","-1,2067","-1,4774","-3,6588","-128,1394","7,2516","62,1522","-5,09","-13,46","-174,45",1,,,,
163742,143916,"-21,9416008","-48,95267487","509,1",1,7,"463,98","958,75","31,9","2,2546","-4,0772","-0,5073","0,0344",0,"0,1204","1,7254","0,0571","7,4115","0,2168","-0,0454","0,9478","-2,3652","-0,3799","0,3655","-128,7125","8,0659","62,969",-5,"-13,49","-174,52",1,,,,
163789,143916,"-21,9416008","-48,95267487","509,1",1,7,"463,98","958,75","31,9","2,2547","-4,0772","-0,5219","0,035",0,"0,1249","1,7544","0,0571","7,4247","0,231","-0,0444","0,9536","1,0494","0,2299","4,9387","-128,6911","8,006","62,2063","-4,96","-13,51","-174,62",1,,,,
163889,143916,"-21,9416008","-48,95267487","509,1",1,7,"463,98","958,75","31,9","2,2547","-4,0772","-0,5342","0,0338",0,"0,1282","1,6928","0,0571","7,4148","0,2041","-0,0825","0,9531","-1,5116","-1,4165","3,2924","-129,9483","8,5695","62,3954","-4,96","-13,49","-174,53",1,,,,
163989,143916,"-21,9416008","-48,95267487","509,1",1,7,"463,98","958,75","31,9","2,2548","-4,0772","-0,5444","0,0347",0,"0,1302","1,7375","0,0571","7,3656","0,2251","-0,042","0,937","-1,6335","-0,075","-1,5857","-128,2514","8,1528","61,5701","-4,98","-13,48","-174,34",1,,,,
164089,143917,"-21,9416008","-48,95267487","509,1",1,7,"463,98","958,75","31,9","2,2549","-4,0772","-0,553","0,035",0,"0,1329","1,7538","0,0571","7,3774","0,2256","-0,0464","0,9458","-2,1823","1,0226","-0,1223","-128,8143","8,5459","61,8585",-5,"-13,48","-174,24",1,,,,
164380,143917,"-21,9416008","-48,95267487","509,1",1,7,"463,78","958,77","31,9","2,2549","-4,0772","-0,5271","0,0341",0,"0,1834","1,7086","0,0571","7,3854","0,2129","-0,0483","0,9478","-1,8774","-1,7213","2,3777","-128,403","8,7726","62,2391","-5,14","-13,19","-173,54",1,,,,
164427,143917,"-21,9416008","-48,95267487","509,1",1,7,"463,78","958,77","31,9","2,255","-4,0772","-0,5055","0,0336",0,"0,1777","1,6823","0,0571","7,4093","0,2104","-0,0581","0,9546","1,4762","-2,0872","2,1948","-128,5568","7,8274","62,3199","-5,17","-13,13","-173,36",1,,,,
164527,143917,"-21,9416008","-48,95267487","509,1",1,7,"463,78","958,77","31,9","2,255","-4,0772","-0,4874","0,034",0,"0,1724","1,7016","0,0571","7,4093","0,2222","-0,0659","0,9429","2,7567","2,486","1,2192","-128,2321","9,2768","61,3757","-5,21","-13,11","-173,08",1,,,,
164627,143917,"-21,9416008","-48,95267487","509,1",1,7,"463,78","958,77","31,9","2,2551","-4,0772","-0,4723","0,0338",0,"0,1681","1,6942","0,0571","7,4074","0,2202","-0,0566","0,9487","-1,6335","0,8396","-0,4881","-128,8286","8,5859","62,3669","-5,15","-13,08","-172,98",1,,,,
164727,143917,"-21,9416008","-48,95267487","509,1",1,7,"463,78","958,77","31,9","2,2551","-4,0772","-0,4597","0,0344",0,"0,1642","1,7231","0,0571","7,3943","0,2251","-0,0508","0,9463","-2,3043","-1,7823","0,4265","-128,5456","8,1887","62,0856","-5,09","-13,04","-173,01",1,,,,
164880,143917,"-21,9416008","-48,95267487","509,1",1,7,"463,98","958,75","31,9","2,2552","-4,0772","-0,4822","0,0334",0,"0,1126","1,6749","0,0571","7,3846","0,208","-0,0479","0,9448","-0,7189","1,8762","-1,3418","-129,2297","7,9379","61,4579","-5,1","-13,05","-173,06",1,,,,
164927,143917,"-21,9416008","-48,95267487","509,1",1,7,"463,98","958,75","31,9","2,2552","-4,0772","-0,501","0,0334",0,"0,1186","1,6759","0,0571","7,4116","0,2163","-0,0435","0,9556","-0,414","1,2055","-3,4149","-128,4","8,3714","61,9649","-5,12","-13,05","-173,17",1,,,,
165027,143917,"-21,9416008","-48,95267487","509,1",1,7,"463,98","958,75","31,9","2,2553","-4,0772","-0,5166","0,034",0,"0,1234","1,7029","0,0571","7,4254","0,2227","-0,062","0,9575","-1,1457","0,9616","-1,0979","-127,723","8,6421","62,8469","-5,1","-13,02","-173,36",1,,,,
165127,143917,"-21,9416008","-48,95267487","509,1",1,7,"463,98","958,75","31,9","2,2554","-4,0772","-0,5298","0,0355",0,"0,127","1,7765","0,0571","7,4152","0,2295","-0,0522","0,9531","-0,414","0,6567","2,3168","-128,8255","8,1846","62,0927","-5,08","-13,01","-173,57",1,,,,
165227,143917,"-21,9416008","-48,95267487","509,1",1,7,"463,98","958,75","31,9","2,2554","-4,0772","-0,5407","0,0352",0,"0,1297","1,7657","0,0571","7,3964","0,2163","-0,0576","0,9443","-0,9628","2,7909","3,2314","-128,9883","8,4431","62,996","-5,07","-13,01","-173,62",1,,,,
165380,143917,"-21,9416008","-48,95267487","509,1",1,7,"463,85","958,76","31,92","2,2555","-4,0772","-0,5277","0,0361",0,"0,1643","1,8073","0,0571","7,3714","0,2363","-0,0552","0,939","-1,6945","-0,2579","0,8534","-127,8685","8,4594","62,9676","-5,08","-12,95","-173,48",1,,,,
165427,143917,"-21,9416008","-48,95267487","509,1",1,7,"463,85","958,76","31,92","2,2556","-4,0772","-0,5169","0,0354",0,"0,1611","1,7758","0,0571","7,3664","0,2188","-0,0591","0,9434","-1,5726","0,7177","1,646","-128,4101","8,7926","62,4933","-5,09","-12,9","-173,32",1,,,,
165527,143917,"-21,9416008","-48,95267487","509,1",1,7,"463,85","958,76","31,92","2,2556","-4,0772","-0,5078","0,035",0,"0,1587","1,7539","0,0571","7,3785","0,2227","-0,0601","0,9512","-0,414","-0,3799","0,0607","-128,2504","8,9354","61,8642","-5,11","-12,83","-173,25",1,,,,
165627,143917,"-21,9416008","-48,95267487","509,1",1,7,"463,85","958,76","31,92","2,2557","-4,0772","-0,5002","0,036",0,"0,1573","1,8042","0,0571","7,4175","0,2383","-0,0454","0,9556","0,5006","-0,4409","2,6826","-129,8088","9,5548","62,823","-5,1","-12,75","-173,29",1,,,,
165727,143917,"-21,9416008","-48,95267487","509,1",1,7,"463,85","958,76","31,92","2,2558","-4,0772","-0,4938","0,035",0,"0,1559","1,7544","0,0571","7,4409","0,2178","-0,0571","0,9604","1,1713","2,7299","1,2802","-128,5283","7,7475","61,303","-5,06","-12,72","-173,27",1,,,,
165880,143917,"-21,9416008","-48,95267487","509,1",1,7,"464,09","958,74","31,93","2,2558","-4,0772","-0,5281","0,0353",0,"0,0963","1,7707","0,0571","7,427","0,2251","-0,0464","0,9521","-0,2311","0,8396","-2,6832","-128,6759","8,7486","61,992","-5,01","-12,68","-173,19",1,,,,
165927,143917,"-21,9416008","-48,95267487","509,1",1,7,"464,09","958,74","31,93","2,2559","-4,0772","-0,5567","0,0349",0,"0,1045","1,7488","0,0571","7,4269","0,2183","-0,0576","0,9507","-1,3287","-0,2579","-0,0613","-128,97","8,7844","62,5076","-4,97","-12,68","-173,14",1,,,,
166027,143917,"-21,9416008","-48,95267487","509,1",1,7,"464,09","958,74","31,93","2,2559","-4,0772","-0,5806","0,0338",0,"0,1109","1,6931","0,0571","7,4026","0,2144","-0,0674","0,9517","-1,3287","0,4738","-2,3174","-129,3996","8,2164","62,6154","-4,95","-12,65","-173,14",1,,,,
166127,143919,"-21,9416008","-48,95267487","509,1",1,7,"464,09","958,74","31,93","2,256","-4,0772","-0,6006","0,0348",0,"0,1173","1,7416","0,0571","7,4316","0,2285","-0,0464","0,9536","-0,475","-1,1726","-1,4027","-129,1085","8,5818","62,374","-4,96","-12,6","-173,21",1,,,,
166227,143919,"-21,9416008","-48,95267487","509,1",1,7,"464,09","958,74","31,93","2,256","-4,0772","-0,6173","0,0342",0,"0,1214","1,7137","0,0571","7,3982","0,2178","-0,0479","0,9487","-0,414","0,047","-2,3784","-128,2656","8,1928","62,0785","-4,92","-12,6","-173,37",1,,,,
166508,143919,"-21,9416008","-48,95267487","509,1",1,7,"463,98","958,75","31,93","2,2561","-4,0772","-0,6143","0,0349",0,"0,1502","1,7506","0,0571","7,3976","0,2363","-0,0552","0,9502","-0,475","1,9982","-1,2198","-128,8398","8,2245","62,6012","-4,54","-12,55","-174,03",1,,,,
166555,143919,"-21,9416008","-48,95267487","509,1",1,7,"463,98","958,75","31,93","2,2561","-4,0772","-0,6117","0,034",0,"0,1492","1,706","0,0571","7,3834","0,2085","-0,0542","0,9429","-0,6579","3,0957","0,6704","-129,5482","8,4349","63,0103","-4,49","-12,51","-174,11",1,,,,
166655,143919,"-21,9416008","-48,95267487","509,1",1,7,"463,98","958,75","31,93","2,2562","-4,0772","-0,6097","0,0345",0,"0,1488","1,728","0,0571","7,3952","0,2275","-0,0649","0,9492","-0,8409","1,2665","-1,4637","-128,1149","9,5393","62,2719","-4,44","-12,38","-174,16",1,,,,
166755,143919,"-21,9416008","-48,95267487","509,1",1,7,"463,98","958,75","31,93","2,2563","-4,0772","-0,6079","0,0348",0,"0,148","1,7425","0,0571","7,3781","0,2227","-0,0498","0,9438","0,3177","0,2909","-0,1832","-128,8316","8,9871","62,6411","-4,44","-12,23","-174,2",1,,,,
166855,143919,"-21,9416008","-48,95267487","509,1",1,7,"463,98","958,75","31,93","2,2563","-4,0772","-0,6064","0,0342",0,"0,1475","1,7156","0,0571","7,3765","0,2183","-0,0532","0,939","-2,6091","0,6567","0,0607","-128,0029","8,638","62,854","-4,5","-12,12","-174,23",1,,,,
167008,143919,"-21,9416008","-48,95267487","509,1",1,7,"463,85","958,76","31,96","2,2564","-4,0772","-0,5826","0,0344",0,"0,1816","1,7235","0,0571","7,446","0,2251","-0,041","0,957","0,1957","2,547","-3,4149","-128,8143","8,5459","61,8585","-4,61","-12,1","-174,3",1,,,,
167055,143919,"-21,9416008","-48,95267487","509,1",1,7,"463,85","958,76","31,96","2,2564","-4,0772","-0,5627","0,0358",0,"0,1761","1,7919","0,0571","7,4575","0,2441","-0,0547","0,9565","-1,2677","-0,6238","1,4021","-129,6725","8,1923","62,3683","-4,63","-12,1","-174,47",1,,,,
167155,143920,"-21,9416008","-48,95267487","509,1",1,7,"463,85","958,76","31,96","2,2565","-4,0772","-0,5461","0,0351",0,"0,1714","1,7605","0,0571","7,4631","0,2246","-0,0542","0,96","0,1348","0,7787","-0,1223","-128,5333","9,3326","62,1455","-4,64","-12,15","-174,57",1,,,,
167255,143920,"-21,9416008","-48,95267487","509,1",1,7,"463,85","958,76","31,96","2,2565","-4,0772","-0,5322","0,0349",0,"0,167","1,7463","0,0571","7,4405","0,2158","-0,0435","0,9507","-2,853","-0,7457","1,768","-129,7905","9,8961","62,3346","-4,67","-12,24","-174,59",1,,,,
167355,143920,"-21,9416008","-48,95267487","509,1",1,7,"463,85","958,76","31,96","2,2566","-4,0772","-0,5206","0,0358",0,"0,1625","1,7927","0,0571","7,3832","0,2329","-0,0615","0,9438","0,6226","-1,4165","3,5363","-129,0973","8,9431","62,1398","-4,7","-12,31","-174,53",1,,,,
167508,143920,"-21,9416008","-48,95267487","509,1",1,7,"463,98","958,75","31,94","2,2567","-4,0772","-0,533","0,0351",0,"0,1276","1,7606","0,0571","7,402","0,2163","-0,0591","0,9468","-1,8774","0,3518","-1,4027","-128,4173","8,8126","62,7476","-4,7","-12,42","-174,35",1,,,,
167555,143920,"-21,9416008","-48,95267487","509,1",1,7,"463,98","958,75","31,94","2,2567","-4,0772","-0,5435","0,0353",0,"0,131","1,7676","0,0571","7,4209","0,2271","-0,0513","0,9546","-1,6335","-0,9287","-1,5857","-128,8143","8,5459","61,8585","-4,68","-12,55","-174,24",1,,,,
167655,143920,"-21,9416008","-48,95267487","509,1",1,7,"463,98","958,75","31,94","2,2568","-4,0772","-0,5522","0,036",0,"0,1327","1,8047","0,0571","7,3809","0,2393","-0,0508","0,9453","0,4396","0,5348","2,1948","-129,2612","8,419","62,7489","-4,69","-12,64","-174,28",1,,,,
167755,143920,"-21,9416008","-48,95267487","509,1",1,7,"463,98","958,75","31,94","2,2568","-4,0772","-0,5594","0,0349",0,"0,1346","1,7494","0,0571","7,3703","0,2231","-0,0488","0,9395","0,4396","0,7787","0,6095","-128,6881","7,6047","61,9321","-4,7","-12,64","-174,31",1,,,,
167855,143920,"-21,9416008","-48,95267487","509,1",1,7,"463,98","958,75","31,94","2,2569","-4,0772","-0,5655","0,0349",0,"0,136","1,7481","0,0571","7,3522","0,2183","-0,0596","0,9409","2,147","-0,6848","-0,2442","-128,9853","8,0418","62,7219","-4,69","-12,61","-174,24",1,,,,
168008,143920,"-21,9416008","-48,95267487","509,1",1,7,"463,78","958,77","31,95","2,2569","-4,0772","-0,5371","0,035",0,"0,1872","1,7516","0,0571","7,3904","0,2241","-0,0605","0,9497","-0,9018","0,9006","0,1216","-128,8275","9,3684","62,6611","-4,62","-12,66","-174,21",1,,,,
168055,143920,"-21,9416008","-48,95267487","509,1",1,7,"463,78","958,77","31,95","2,257","-4,0772","-0,5134","0,0351",0,"0,1798","1,7599","0,0571","7,3625","0,2266","-0,0488","0,9375","-0,2311","1,5104","2,1948","-128,8042","8,1247","61,3301","-4,56","-12,71","-174,23",1,,,,
168155,143920,"-21,9416008","-48,95267487","509,1",1,7,"463,78","958,77","31,95","2,257","-4,0772","-0,4936","0,0344",0,"0,1743","1,7229","0,0571","7,375","0,2124","-0,0435","0,9482","-1,7555","-0,8067","-0,732","-129,6714","8,9749","62,6624","-4,55","-12,72","-174,23",1,,,,
168255,143920,"-21,9416008","-48,95267487","509,1",1,7,"463,78","958,77","31,95","2,2571","-4,0772","-0,4771","0,0351",0,"0,1695","1,7587","0,0571","7,3721","0,2256","-0,0518","0,9448","-1,1457","0,2299","-1,0979","-128,9782","8,0219","62,4676","-4,59","-12,77","-174,22",1,,,,
168355,143920,"-21,9416008","-48,95267487","509,1",1,7,"463,78","958,77","31,95","2,2572","-4,0772","-0,4632","0,0355",0,"0,1657","1,779","0,0571","7,3794","0,2275","-0,064","0,9434","-0,0482","0,9006","-0,6101","-129,0943","8,5419","61,8656","-4,63","-12,77","-174,26",1,,,,
168631,143920,"-21,9416008","-48,95267487","509,1",1,7,"463,98","958,75","31,94","2,2572","-4,0772","-0,4851","0,0355",0,"0,1143","1,7768","0,0571","7,4239","0,2271","-0,0547","0,9507","0,2567","0,5957","0,0607","-128,4254","8,05","62,7076","-4,81","-12,58","-174,29",1,,,,
168678,143920,"-21,9416008","-48,95267487","509,1",1,7,"463,98","958,75","31,94","2,2573","-4,0772","-0,5034","0,0356",0,"0,1189","1,7861","0,0571","7,3917","0,2295","-0,0381","0,9395","-0,7799","-0,5018","2,6216","-128,9883","8,4431","62,996","-4,83","-12,54","-174,27",1,,,,
168778,143920,"-21,9416008","-48,95267487","509,1",1,7,"463,98","958,75","31,94","2,2573","-4,0772","-0,5187","0,0357",0,"0,1241","1,7874","0,0571","7,4303","0,2241","-0,0557","0,9536","-0,2311","-0,014","0,5485","-128,9823","7,6406","62,4477","-4,87","-12,55","-174,17",1,,,,
168878,143920,"-21,9416008","-48,95267487","509,1",1,7,"463,98","958,75","31,94","2,2574","-4,0772","-0,5315","0,0348",0,"0,1274","1,7453","0,0571","7,4108","0,2271","-0,0674","0,9443","-1,0238","0,2909","-0,0613","-128,8316","8,9871","62,6411","-4,92","-12,58",-174,1,,,,
168978,143920,"-21,9416008","-48,95267487","509,1",1,7,"463,98","958,75","31,94","2,2574","-4,0772","-0,5422","0,0347",0,"0,1304","1,7405","0,0571","7,4068","0,2222","-0,0542","0,9551","-1,8774","-0,075","-1,0979","-128,2768","7,8314","62,3128",-5,"-12,58","-173,88",1,,,,
169131,143922,"-21,9416008","-48,95267487","509,1",1,7,"463,98","958,75","31,95","2,2575","-4,0772","-0,5511","0,0344",0,"0,1334","1,7215","0,0571","7,4311","0,2124","-0,0347","0,9541","-0,9628","1,6933","1,3412","-129,1044","8,9631","62,394","-5,06","-12,65","-173,94",1,,,,
169178,143922,"-21,9416008","-48,95267487","509,1",1,7,"463,98","958,75","31,95","2,2575","-4,0772","-0,5585","0,0344",0,"0,1352","1,7229","0,0571","7,414","0,2212","-0,0552","0,9453","-1,1457","-0,7457","2,6826","-128,9711","8,0019","62,2134","-5,08","-12,7",-174,1,,,,
169278,143922,"-21,9416008","-48,95267487","509,1",1,7,"463,98","958,75","31,95","2,2576","-4,0772","-0,5648","0,0349",0,"0,1366","1,7465","0,0571","7,3938","0,2266","-0,0659","0,9478","-0,7189","2,303","-2,5613","-128,9792","7,2393","62,1735","-5,09","-12,71","-174,01",1,,,,
169378,143922,"-21,9416008","-48,95267487","509,1",1,7,"463,98","958,75","31,95","2,2576","-4,0772","-0,5699","0,0342",0,"0,1385","1,7138","0,0571","7,4143","0,2231","-0,0542","0,9561","-0,597","1,2055","0,4875","-128,8184","8,1646","61,8385","-5,05","-12,7","-174,16",1,,,,
169478,143922,"-21,9416008","-48,95267487","509,1",1,7,"463,98","958,75","31,95","2,2576","-4,0772","-0,5743","0,0344",0,"0,1402","1,7251","0,0571","7,4382","0,2188","-0,0488","0,9614","-0,9628","-0,5628","4,207","-128,5354","7,7675","61,5572","-4,97","-12,72","-174,34",1,,,,
169631,143922,"-21,9416008","-48,95267487","509,1",1,7,"464,08","958,74","31,96","2,2577","-4,0772","-0,5949","0,0342",0,"0,1162","1,7126","0,0571","7,422","0,2246","-0,0669","0,9492","-1,0848","1,6323","0,9753","-129,5269","8,375","62,2476","-4,96","-12,72","-174,27",1,,,,
169678,143922,"-21,9416008","-48,95267487","509,1",1,7,"464,08","958,74","31,96","2,2577","-4,0772","-0,6121","0,0349",0,"0,1211","1,7469","0,0571","7,4206","0,2314","-0,0464","0,9497","0,8055","-1,1726","-1,0979","-128,6871","8,3873","62,2263","-4,98","-12,68","-174,14",1,,,,
169778,143922,"-21,9416008","-48,95267487","509,1",1,7,"464,08","958,74","31,96","2,2578","-4,0772","-0,6264","0,0354",0,"0,1249","1,7765","0,0571","7,4023","0,2222","-0,0503","0,9526","-0,536","0,2299","1,4631","-128,1323","7,2316","61,8979",-5,"-12,68","-174,04",1,,,,
169878,143922,"-21,9416008","-48,95267487","509,1",1,7,"464,08","958,74","31,96","2,2578","-4,0772","-0,6384","0,035",0,"0,1287","1,7559","0,0571","7,4198","0,2212","-0,0679","0,9541","-1,6335","-0,075","2,8655","-128,571","7,8673","62,8283","-5,06","-12,78","-173,89",1,,,,
169978,143922,"-21,9416008","-48,95267487","509,1",1,7,"464,08","958,74","31,96","2,2579","-4,0772","-0,6484","0,0355",0,"0,1316","1,7811","0,0571","7,4199","0,228","-0,0552","0,9536","0,0738","2,547","-2,4393","-128,8378","7,0407","62,0328","-5,15","-12,86","-173,74",1,,,,
170131,143923,"-21,9416008","-48,95267487","509,1",1,7,"464,08","958,74","31,97","2,2579","-4,0772","-0,6568","0,0343",0,"0,1344","1,7182","0,0571","7,4392","0,209","-0,0693","0,9561","-0,0482","1,1445","2,6216","-128,684","7,986","61,9521","-5,16","-12,86","-173,77",1,,,,
170178,143923,"-21,9416008","-48,95267487","509,1",1,7,"464,08","958,74","31,97","2,2579","-4,0772","-0,6638","0,0342",0,"0,1363","1,712","0,0571","7,4341","0,2183","-0,0488","0,9502","-1,9384","0,8396","2,3168","-128,7054","8,0459","62,7148","-5,17","-12,82","-173,81",1,,,,
170278,143923,"-21,9416008","-48,95267487","509,1",1,7,"464,08","958,74","31,97","2,258","-4,0772","-0,6697","0,0333",0,"0,138","1,6669","0,0571","7,4354","0,2085","-0,0679","0,9541","-1,3896","-1,1726","0,7924","-128,5781","7,8872","63,0825","-5,23","-12,79","-173,71",1,,,,
170378,143923,"-21,9416008","-48,95267487","509,1",1,7,"464,08","958,74","31,97","2,258","-4,0772","-0,6745","0,0332",0,"0,1395","1,6631","0,0571","7,4416","0,2065","-0,0605","0,9468","-0,1701","1,3884","-2,5003","-128,4071","8,3914","62,2192","-5,32","-12,84","-173,6",1,,,,
170478,143923,"-21,9416008","-48,95267487","509,1",1,7,"464,08","958,74","31,97","2,258","-4,0772","-0,6786","0,0344",0,"0,1396","1,7216","0,0571","7,3884","0,2271","-0,0566","0,9331","-0,475","0,3518","1,2802","-129,6725","8,1923","62,3683","-5,29","-12,84","-173,65",1,,,,
170758,143923,"-21,9416008","-48,95267487","509,1",1,7,"463,98","958,75","31,97","2,2581","-4,0772","-0,6651","0,0351",0,"0,1648","1,7569","0,0571","7,3607","0,2275","-0,0508","0,937","-1,0848","-0,6848","0,3046","-128,6922","7,2234","61,9122","-5,15","-12,96","-173,69",1,,,,
170805,143923,"-21,9416008","-48,95267487","509,1",1,7,"463,98","958,75","31,97","2,2581","-4,0772","-0,6538","0,0349",0,"0,1618","1,7506","0,0571","7,3733","0,2222","-0,0571","0,9482","0,0128","-2,0872","-0,3662","-128,6942","8,4072","62,4805","-5,14","-12,98","-173,69",1,,,,
170905,143923,"-21,9416008","-48,95267487","509,1",1,7,"463,98","958,75","31,97","2,2582","-4,0772","-0,6443","0,0347",0,"0,1591","1,7414","0,0571","7,373","0,2236","-0,0693","0,9502","-1,6945","-0,014","2,6826","-128,4183","8,03","62,4534","-5,14","-13,06","-173,68",1,,,,
171005,143923,"-21,9416008","-48,95267487","509,1",1,7,"463,98","958,75","31,97","2,2582","-4,0772","-0,6365","0,0346",0,"0,1574","1,7338","0,0571","7,4016","0,2236","-0,064","0,9497","0,2567","-3,3067","-2,5613","-129,0943","8,5419","61,8656","-5,21","-13,1","-173,6",1,,,,
171105,143923,"-21,9416008","-48,95267487","509,1",1,7,"463,98","958,75","31,97","2,2583","-4,0772","-0,6299","0,0354",0,"0,1556","1,7761","0,0571","7,4083","0,229","-0,0498","0,9448","-0,1091","-0,6238","-0,0003","-128,5609","7,4461","62,2999","-5,2","-13,15","-173,61",1,,,,
171258,143923,"-21,9416008","-48,95267487","509,1",1,7,"463,78","958,77",32,"2,2583","-4,0772","-0,5909","0,0351",0,"0,2039","1,7568","0,0571","7,4512","0,2246","-0,0552","0,9556","-1,6945","1,2665","-0,3052","-127,9928","8,2168","62,3256","-5,12","-13,18","-173,67",1,,,,
171305,143923,"-21,9416008","-48,95267487","509,1",1,7,"463,78","958,77",32,"2,2583","-4,0772","-0,5583","0,0345",0,"0,1943","1,7275","0,0571","7,4439","0,2144","-0,0522","0,9507","-0,7799","2,425","1,829","-128,1313","8,0141","62,1921","-5,08","-13,16","-173,71",1,,,,
171405,143923,"-21,9416008","-48,95267487","509,1",1,7,"463,78","958,77",32,"2,2584","-4,0772","-0,5311","0,034",0,"0,1864","1,7051","0,0571","7,4386","0,2158","-0,043","0,9443","-0,2921","-0,197","1,2802","-128,287","8,2527","62,8412","-5,06","-13,06","-173,72",1,,,,
171505,143923,"-21,9416008","-48,95267487","509,1",1,7,"463,78","958,77",32,"2,2584","-4,0772","-0,5084","0,0349",0,"0,1794","1,7492","0,0571","7,4163","0,2305","-0,0513","0,9482","-0,7799","1,4494","1,8899","-129,8161","6,8258","61,9206","-5,04","-12,99","-173,72",1,,,,
171605,143923,"-21,9416008","-48,95267487","509,1",1,7,"463,78","958,77",32,"2,2585","-4,0772","-0,4894","0,0357",0,"0,1737","1,7881","0,0571","7,4038","0,2363","-0,063","0,9487","1,2933","-0,075","1,3412","-128,5486","8,5899","62,3598","-5,04","-12,99","-173,66",1,,,,
171758,143923,"-21,9416008","-48,95267487","509,1",1,7,"464,08","958,74","31,99","2,2585","-4,0772","-0,5239","0,0344",0,"0,0957","1,7243","0,0571","7,4181","0,2222","-0,0552","0,9502","-0,0482","-0,8677","1,2192","-128,4061","9,1739","62,5133","-4,99","-13,05","-173,56",1,,,,
171805,143923,"-21,9416008","-48,95267487","509,1",1,7,"464,08","958,74","31,99","2,2585","-4,0772","-0,5528","0,0348",0,"0,1039","1,745","0,0571","7,415","0,228","-0,0581","0,9487","-0,475","1,5713","-0,3662","-128,8214","8,5659","62,1127","-4,95","-13,12","-173,49",1,,,,
171905,143923,"-21,9416008","-48,95267487","509,1",1,7,"464,08","958,74","31,99","2,2586","-4,0772","-0,5769","0,0355",0,"0,1098","1,7804","0,0571","7,3631","0,2368","-0,0449","0,9375","-0,2921","-0,8677","-0,2442","-128,6647","9,1099","61,7577","-4,92","-13,13","-173,47",1,,,,
172005,143923,"-21,9416008","-48,95267487","509,1",1,7,"464,08","958,74","31,99","2,2586","-4,0772","-0,5971","0,0352",0,"0,1159","1,7638","0,0571","7,3769","0,2222","-0,0562","0,9443","-1,2677","-0,197","0,8534","-128,3989","9,1539","62,2591","-4,9","-13,12","-173,53",1,,,,
172105,143925,"-21,9416008","-48,95267487","509,1",1,7,"464,08","958,74","31,99","2,2587","-4,0772","-0,6139","0,035",0,"0,1207","1,7564","0,0571","7,3759","0,2334","-0,064","0,9458","-1,8165","-0,075","2,3777","-128,2798","8,2327","62,587","-4,94","-13,08","-173,57",1,,,,
172258,143925,"-21,9416008","-48,95267487","509,1",1,7,"464,33","958,71","32,01","2,2587","-4,0772","-0,6679","0,035",0,"0,067","1,7537","0,0571","7,4116","0,2207","-0,0498","0,9526","-0,1091","2,8518","0,7924","-129,6796","8,2123","62,6225","-5,06","-13,04","-173,51",1,,,,
172305,143925,"-21,9416008","-48,95267487","509,1",1,7,"464,33","958,71","32,01","2,2587","-4,0772","-0,7131","0,0346",0,"0,08","1,734","0,0571","7,4119","0,2173","-0,0562","0,9492","-1,3896","-0,2579","0,6095","-129,3956","8,5977","62,6354","-5,11",-13,"-173,48",1,,,,
172405,143925,"-21,9416008","-48,95267487","509,1",1,7,"464,33","958,71","32,01","2,2588","-4,0772","-0,7508","0,0346",0,"0,0896","1,7342","0,0571","7,3483","0,2202","-0,0596","0,9282","0,6226","1,2055","-1,6466","-129,2622","7,6365","62,4548","-5,11","-12,93","-173,43",1,,,,
172505,143925,"-21,9416008","-48,95267487","509,1",1,7,"464,33","958,71","32,01","2,2588","-4,0772","-0,7823","0,034",0,"0,0988","1,7048","0,0571","7,3539","0,2163","-0,0498","0,9424","0,2567","1,2665","0,6095","-129,2388","9,1417","62,2804","-5,09","-12,89","-173,42",1,,,,
172605,143925,"-21,9416008","-48,95267487","509,1",1,7,"464,33","958,71","32,01","2,2588","-4,0772","-0,8087","0,0342",0,"0,1067","1,7155","0,0571","7,3709","0,2197","-0,062","0,9473","-0,0482","-1,1116","1,8899","-128,8469","8,2445","62,8554","-5,08","-12,85","-173,43",1,,,,
172993,143925,"-21,9416008","-48,95267487","509,1",1,7,"464,19","958,72","32,01","2,2589","-4,0772","-0,8076","0,0349",0,"0,1466","1,749","0,0571","7,3602","0,2227","-0,0547","0,938","-0,9018","0,5957","-0,671","-129,531","7,9937","62,2276","-5,1","-12,88","-173,4",1,,,,
173040,143925,"-21,9416008","-48,95267487","509,1",1,7,"464,19","958,72","32,01","2,2589","-4,0772","-0,8068","0,0343",0,"0,1466","1,7207","0,0571","7,3773","0,2139","-0,0596","0,9497","-0,414","-0,8677","0,1826","-128,7054","8,0459","62,7148","-5,09","-12,86","-173,42",1,,,,
173140,143926,"-21,9416008","-48,95267487","509,1",1,7,"464,19","958,72","32,01","2,2589","-4,0772","-0,8061","0,0344",0,"0,1466","1,7266","0,0571","7,383","0,2178","-0,062","0,9502","0,4396","1,6323","2,7436","-128,2727","8,2127","62,3327","-5,05","-12,86","-173,49",1,,,,
173240,143926,"-21,9416008","-48,95267487","509,1",1,7,"464,19","958,72","32,01","2,259","-4,0772","-0,8054","0,0346",0,"0,1474","1,7336","0,0571","7,4338","0,2305","-0,0615","0,9556","-2,6091","0,2299","1,4021","-128,2738","7,4302","62,0386","-4,98","-12,81","-173,48",1,,,,
173340,143926,"-21,9416008","-48,95267487","509,1",1,7,"464,19","958,72","32,01","2,259","-4,0772","-0,8049","0,0347",0,"0,1471","1,741","0,0571","7,4258","0,2212","-0,0503","0,9468","-0,7799","-1,5384","-0,9759","-128,8286","8,5859","62,3669","-4,96","-12,77","-173,45",1,,,,
173493,143926,"-21,9416008","-48,95267487","509,1",1,7,"464,18","958,72","32,02","2,259","-4,0772","-0,8041","0,0348",0,"0,147","1,7424","0,0571","7,3938","0,2188","-0,0542","0,9424","1,5372","-1,4774","2,6216","-128,5507","7,0249","61,7715","-4,99","-12,76","-173,45",1,,,,
173540,143926,"-21,9416008","-48,95267487","509,1",1,7,"464,18","958,72","32,02","2,2591","-4,0772","-0,8034","0,0356",0,"0,1471","1,7836","0,0571","7,4109","0,2368","-0,0371","0,9531","-0,1701","0,5957","0,6704","-128,6718","9,1299","62,012","-4,99","-12,79","-173,4",1,,,,
173640,143926,"-21,9416008","-48,95267487","509,1",1,7,"464,18","958,72","32,02","2,2591","-4,0772","-0,8028","0,0362",0,"0,147","1,8163","0,0571","7,4132","0,231","-0,0493","0,9453","-0,7189","-0,075","0,3655","-128,6586","8,3074","61,2094","-4,95","-12,84","-173,33",1,,,,
173740,143926,"-21,9416008","-48,95267487","509,1",1,7,"464,18","958,72","32,02","2,2592","-4,0772","-0,8023","0,036",0,"0,1474","1,8049","0,0571","7,4398","0,2295","-0,0439","0,957","-1,0848","0,4738","0,4265","-129,2836","7,6964","63,2175","-4,91","-12,93","-173,32",1,,,,
173840,143926,"-21,9416008","-48,95267487","509,1",1,7,"464,18","958,72","32,02","2,2592","-4,0772","-0,8018","0,0348",0,"0,1465","1,7436","0,0571","7,4029","0,2188","-0,0483","0,9482","0,2567","1,5104","0,6095","-128,7226","8,4871","63,4974","-4,93","-13,01","-173,32",1,,,,
173993,143926,"-21,9416008","-48,95267487","509,1",1,7,"464,19","958,72","32,04","2,2592","-4,0772","-0,8019","0,0345",0,"0,1464","1,7287","0,0571","7,4355","0,2212","-0,0576","0,9521","-1,6945","-3,1848","0,0607","-128,8479","7,4619","62,5613","-4,95","-13,01","-173,27",1,,,,
174040,143926,"-21,9416008","-48,95267487","509,1",1,7,"464,19","958,72","32,04","2,2593","-4,0772","-0,802","0,0345",0,"0,1469","1,7309","0,0571","7,4602","0,2222","-0,0562","0,96","-1,3287","-1,7823","1,646","-128,2504","8,9354","61,8642","-4,98","-13,07","-173,21",1,,,,
174140,143927,"-21,9416008","-48,95267487","509,1",1,7,"464,19","958,72","32,04","2,2593","-4,0772","-0,802","0,0353",0,"0,1465","1,7708","0,0571","7,439","0,2314","-0,0522","0,9482","-1,9384","-0,6238","-0,9149","-127,7087","8,6022","62,3385","-5,02","-13,15","-173,17",1,,,,
174240,143927,"-21,9416008","-48,95267487","509,1",1,7,"464,19","958,72","32,04","2,2593","-4,0772","-0,8021","0,0347",0,"0,1462","1,7392","0,0571","7,4215","0,2202","-0,0376","0,9551","0,0738","0,7177","0,9753","-128,6871","8,3873","62,2263","-5,06","-13,21","-173,23",1,,,,
174340,143927,"-21,9416008","-48,95267487","509,1",1,7,"464,19","958,72","32,04","2,2594","-4,0772","-0,8021","0,0351",0,"0,1453","1,7588","0,0571","7,3765","0,2314","-0,0522","0,9365","-1,2677","0,7787","-0,2442","-128,4244","8,8325","63,0018","-5,07","-13,23","-173,31",1,,,,
174493,143927,"-21,9416008","-48,95267487","509,1",1,7,"464,08","958,74","32,04","2,2594","-4,0772","-0,7852","0,0351",0,"0,1696","1,7583","0,0571","7,3527","0,2246","-0,0557","0,9346","-1,1457","1,8762","2,0119","-128,9812","8,4231","62,7418","-5,05","-13,19","-173,34",1,,,,
174540,143927,"-21,9416008","-48,95267487","509,1",1,7,"464,08","958,74","32,04","2,2594","-4,0772","-0,7711","0,0352",0,"0,1654","1,7645","0,0571","7,3448","0,2266","-0,0537","0,9404","-3,036","-0,136","0,5485","-127,9857","8,1969","62,0714","-5,05","-13,08","-173,35",1,,,,
174640,143927,"-21,9416008","-48,95267487","509,1",1,7,"464,08","958,74","32,04","2,2595","-4,0772","-0,7593","0,0349",0,"0,1626","1,7501","0,0571","7,3757","0,2178","-0,0635","0,9531","0,4396","-0,197","-0,0003","-129,6949","7,4697","62,8368","-5,11","-12,97","-173,34",1,,,,
174740,143927,"-21,9416008","-48,95267487","509,1",1,7,"464,08","958,74","32,04","2,2595","-4,0772","-0,7495","0,0362",0,"0,1593","1,8167","0,0571","7,3539","0,2363","-0,0601","0,9443","0,1348","1,3274","2,0119","-128,2727","8,2127","62,3327","-5,14","-12,9","-173,32",1,,,,
174840,143927,"-21,9416008","-48,95267487","509,1",1,7,"464,08","958,74","32,04","2,2595","-4,0772","-0,7412","0,0358",0,"0,157","1,7966","0,0571","7,3553","0,2188","-0,0581","0,9443","-2,7311","0,4738","2,3777","-129,1034","9,7456","62,6881","-5,16","-12,86","-173,25",1,,,,
175116,143928,"-21,9416008","-48,95267487","509,1",1,7,"464,19","958,72","32,05","2,2596","-4,0772","-0,7513","0,0352",0,"0,1305","1,7623","0,0571","7,3713","0,2251","-0,0503","0,9409","-1,2067","-0,014","-0,2442","-128,9711","8,0019","62,2134","-5,28","-12,88","-173,06",1,,,,
175163,143928,"-21,9416008","-48,95267487","509,1",1,7,"464,19","958,72","32,05","2,2596","-4,0772","-0,7597","0,0352",0,"0,1325","1,7659","0,0571","7,3463","0,2261","-0,0522","0,9365","0,3787","-0,4409","2,1948","-129,0943","8,5419","61,8656","-5,28","-12,88","-173,03",1,,,,
175263,143928,"-21,9416008","-48,95267487","509,1",1,7,"464,19","958,72","32,05","2,2596","-4,0772","-0,7667","0,0343",0,"0,1355","1,7207","0,0571","7,3981","0,2134","-0,0552","0,9526","1,1104","-0,7457","-0,4271","-129,2399","8,3592","61,9863","-5,29","-12,91","-172,98",1,,,,
175363,143928,"-21,9416008","-48,95267487","509,1",1,7,"464,19","958,72","32,05","2,2597","-4,0772","-0,7726","0,0345",0,"0,1374","1,7292","0,0571","7,4083","0,2173","-0,0464","0,9536","-1,0238","1,7543","-1,2198","-128,2656","8,1928","62,0785","-5,29","-12,99","-172,98",1,,,,
175463,143928,"-21,9416008","-48,95267487","509,1",1,7,"464,19","958,72","32,05","2,2597","-4,0772","-0,7775","0,0342",0,"0,1384","1,7152","0,0571","7,3877","0,2139","-0,0645","0,9429","-0,353","0,2909","1,0363","-128,8143","8,5459","61,8585","-5,29","-13,04","-173,05",1,,,,
175616,143928,"-21,9416008","-48,95267487","509,1",1,7,"464,08","958,74","32,05","2,2597","-4,0772","-0,7646","0,0351",0,"0,1645","1,7592","0,0571","7,3915","0,2339","-0,0625","0,9507","-1,5116","-1,2335","-0,3052","-128,5557","8,6099","62,614","-5,31","-13,07","-173,07",1,,,,
175663,143928,"-21,9416008","-48,95267487","509,1",1,7,"464,08","958,74","32,05","2,2597","-4,0772","-0,7539","0,0356",0,"0,1614","1,7839","0,0571","7,3949","0,2329","-0,0581","0,9482","-1,6945","-0,4409","-1,0369","-129,6725","8,1923","62,3683","-5,35","-13,14","-173,09",1,,,,
175763,143928,"-21,9416008","-48,95267487","509,1",1,7,"464,08","958,74","32,05","2,2598","-4,0772","-0,7449","0,0349",0,"0,1595","1,7495","0,0571","7,4288","0,2212","-0,0508","0,957","-0,7799","-0,197","-0,5491","-128,8286","8,5859","62,3669","-5,4","-13,19","-173,11",1,,,,
175863,143928,"-21,9416008","-48,95267487","509,1",1,7,"464,08","958,74","32,05","2,2598","-4,0772","-0,7374","0,0354",0,"0,1576","1,775","0,0571","7,4393","0,2305","-0,0479","0,9546","1,2323","0,4738","2,4387","-128,2798","8,2327","62,587","-5,41","-13,18","-173,12",1,,,,
175963,143928,"-21,9416008","-48,95267487","509,1",1,7,"464,08","958,74","32,05","2,2598","-4,0772","-0,7312","0,0346",0,"0,1557","1,7325","0,0571","7,4345","0,2148","-0,0542","0,9536","-0,475","2,1201","-0,4271","-129,6583","8,1524","61,8598","-5,36","-13,11","-173,11",1,,,,
176116,143929,"-21,9416008","-48,95267487","509,1",1,7,"463,98","958,75","32,05","2,2599","-4,0772","-0,709","0,0353",0,"0,1791","1,768","0,0571","7,4409","0,2354","-0,0508","0,9521","-1,8774","-0,6238","1,0973","-129,1034","9,7456","62,6881","-5,29",-13,"-173,13",1,,,,
176163,143929,"-21,9416008","-48,95267487","509,1",1,7,"463,98","958,75","32,05","2,2599","-4,0772","-0,6904","0,0354",0,"0,1742","1,7742","0,0571","7,4654","0,2275","-0,0586","0,9604","-1,3287","-2,0872","0,3046","-128,5445","8,9712","62,3798","-5,26","-12,97","-173,15",1,,,,
176263,143929,"-21,9416008","-48,95267487","509,1",1,7,"463,98","958,75","32,05","2,2599","-4,0772","-0,675","0,0347",0,"0,1693","1,7403","0,0571","7,4398","0,2207","-0,0498","0,9497","-1,0848","0,2909","1,3412","-128,9629","8,7645","62,2533","-5,28","-12,99","-173,1",1,,,,
176363,143929,"-21,9416008","-48,95267487","509,1",1,7,"463,98","958,75","32,05","2,2599","-4,0772","-0,662","0,0346",0,"0,1652","1,7356","0,0571","7,4208","0,2217","-0,0518","0,9561","-0,9018","-1,5994","-0,1223","-128,9629","8,7645","62,2533","-5,32","-13,02","-173,05",1,,,,
176463,143929,"-21,9416008","-48,95267487","509,1",1,7,"463,98","958,75","32,05","2,26","-4,0772","-0,6512","0,0347",0,"0,1619","1,737","0,0571","7,4144","0,2236","-0,0518","0,9468","-2,914","1,2665","2,1948","-128,2697","7,8115","62,0585","-5,33","-13,1","-173,07",1,,,,
176616,143929,"-21,9416008","-48,95267487","509,1",1,7,"464,08","958,74","32,06","2,26","-4,0772","-0,6591","0,0344",0,"0,1348","1,7264","0,0571","7,4256","0,2153","-0,0479","0,9517","-0,597","1,3884","1,4631","-128,4142","8,4113","62,4734","-5,37","-13,17","-173,04",1,,,,
176663,143929,"-21,9416008","-48,95267487","509,1",1,7,"464,08","958,74","32,06","2,26","-4,0772","-0,6657","0,0348",0,"0,1367","1,7451","0,0571","7,4259","0,2275","-0,0488","0,9507","-0,1701","2,486","0,6704","-128,1485","8,4553","62,9747","-5,42","-13,17","-172,98",1,,,,
176763,143929,"-21,9416008","-48,95267487","509,1",1,7,"464,08","958,74","32,06","2,26","-4,0772","-0,6713","0,0341",0,"0,1381","1,7118","0,0571","7,4169","0,208","-0,0596","0,9502","-1,8165","-1,4165","0,9143","-129,1085","8,5818","62,374","-5,41","-13,07","-172,93",1,,,,
176863,143929,"-21,9416008","-48,95267487","509,1",1,7,"464,08","958,74","32,06","2,2601","-4,0772","-0,6759","0,035",0,"0,1392","1,756","0,0571","7,4064","0,2241","-0,0557","0,9502","-0,7799","-0,014","-0,1223","-128,6688","8,7286","61,7378","-5,41","-13,02","-172,87",1,,,,
176963,143929,"-21,9416008","-48,95267487","509,1",1,7,"464,08","958,74","32,06","2,2601","-4,0772","-0,6798","0,035",0,"0,1404","1,7531","0,0571","7,4103","0,2271","-0,0522","0,9399","0,5006","0,9006","-1,6466","-128,7267","8,1058","63,4774","-5,41",-13,"-172,85",1,,,,
177249,143930,"-21,9416008","-48,95267487","509,1",1,7,"464,08","958,74","32,06","2,2601","-4,0772","-0,6825","0,0355",0,"0,142","1,7786","0,0571","7,4098","0,2256","-0,0459","0,9482","-1,6945","-0,5018","-0,6101","-128,2758","8,614","62,6069","-5,31","-13,04","-173,09",1,,,,
177296,143930,"-21,9416008","-48,95267487","509,1",1,7,"464,08","958,74","32,06","2,2601","-4,0772","-0,6849","0,0362",0,"0,1426","1,8161","0,0571","7,4106","0,2393","-0,0513","0,9492","-1,8165","1,5104","1,3412","-127,4389","9,0275","62,8598","-5,3","-13,05","-173,12",1,,,,
177396,143930,"-21,9416008","-48,95267487","509,1",1,7,"464,08","958,74","32,06","2,2602","-4,0772","-0,6868","0,0358",0,"0,1433","1,7923","0,0571","7,4176","0,2256","-0,0425","0,9561","-0,414","0,5957","-0,5491","-128,9823","7,6406","62,4477","-5,32","-13,06","-173,19",1,,,,
177496,143930,"-21,9416008","-48,95267487","509,1",1,7,"464,08","958,74","32,06","2,2602","-4,0772","-0,6884","0,0354",0,"0,1439","1,7765","0,0571","7,4214","0,2197","-0,0601","0,9497","-0,536","-0,5628","0,4265","-127,7342","8,2808","63,0812","-5,26","-13,02","-173,3",1,,,,
177596,143930,"-21,9416008","-48,95267487","509,1",1,7,"464,08","958,74","32,06","2,2602","-4,0772","-0,6898","0,0352",0,"0,1442","1,7632","0,0571","7,4194","0,2295","-0,0518","0,9521","-1,5726","-0,136","1,3412","-129,1115","8,983","62,6482","-5,17","-12,97","-173,38",1,,,,
177749,143930,"-21,9416008","-48,95267487","509,1",1,7,"464,19","958,72","32,06","2,2603","-4,0772","-0,7083","0,035",0,"0,1194","1,7549","0,0571","7,4327","0,2319","-0,0552","0,9546","-0,9018","-0,5628","-0,4271","-128,6769","7,9661","61,6979","-5,15","-12,98","-173,37",1,,,,
177796,143930,"-21,9416008","-48,95267487","509,1",1,7,"464,19","958,72","32,06","2,2603","-4,0772","-0,7238","0,0358",0,"0,1241","1,7937","0,0571","7,4453","0,2373","-0,0532","0,9556","-0,2921","-2,3921","-1,5247","-129,2622","7,6365","62,4548","-5,18","-13,06","-173,37",1,,,,
177896,143930,"-21,9416008","-48,95267487","509,1",1,7,"464,19","958,72","32,06","2,2603","-4,0772","-0,7367","0,0346",0,"0,1275","1,7342","0,0571","7,4285","0,2109","-0,0542","0,9492","-1,5726","-0,5018","2,0729","-128,9588","9,1458","62,2733","-5,17","-13,18","-173,41",1,,,,
177996,143930,"-21,9416008","-48,95267487","509,1",1,7,"464,19","958,72","32,06","2,2603","-4,0772","-0,7475","0,0344",0,"0,1314","1,7236","0,0571","7,4707","0,2217","-0,0654","0,9585","-0,2311","-0,4409","-0,3052","-128,8316","8,9871","62,6411","-5,18","-13,28","-173,39",1,,,,
178096,143931,"-21,9416008","-48,95267487","509,1",1,7,"464,19","958,72","32,06","2,2603","-4,0772","-0,7565","0,0342",0,"0,1328","1,712","0,0571","7,4071","0,2168","-0,0566","0,9404","0,8055","-1,5384","-2,0735","-128,9477","9,5071","62,039","-5,16","-13,32","-173,38",1,,,,
178249,143931,"-21,9416008","-48,95267487","509,1",1,7,"464,18","958,72","32,07","2,2603","-4,0772","-0,7636","0,0337",0,"0,1357","1,6894","0,0571","7,4115","0,2158","-0,0542","0,9443","-0,7189","0,5957","0,0607","-128,7043","8,8285","63,0089","-5,04","-13,34","-173,49",1,,,,
178296,143931,"-21,9416008","-48,95267487","509,1",1,7,"464,18","958,72","32,07","2,2604","-4,0772","-0,7696","0,0343",0,"0,1371","1,7206","0,0571","7,396","0,228","-0,0459","0,9438","0,5616","-0,8067","-0,0003","-127,9765","9,742","62,4055","-4,88","-13,34","-173,64",1,,,,
178396,143931,"-21,9416008","-48,95267487","509,1",1,7,"464,18","958,72","32,07","2,2604","-4,0772","-0,7745","0,0335",0,"0,1379","1,6801","0,0571","7,3657","0,2153","-0,0605","0,9351","0,3177","-2,575","-0,2442","-127,8371","7,9783","61,6765","-4,77","-13,36","-173,7",1,,,,
178496,143931,"-21,9416008","-48,95267487","509,1",1,7,"464,18","958,72","32,07","2,2604","-4,0772","-0,7787","0,0342",0,"0,1393","1,7122","0,0571","7,378","0,2217","-0,0518","0,9453","0,6835","-0,5018","2,2558","-128,8387","9,0071","62,8953","-4,71","-13,46","-173,7",1,,,,
178596,143931,"-21,9416008","-48,95267487","509,1",1,7,"464,18","958,72","32,07","2,2604","-4,0772","-0,7822","0,0345",0,"0,1407","1,7306","0,0571","7,3974","0,2236","-0,0547","0,9399","2,147","-1,5384","0,8534","-128,6799","8,3673","61,972","-4,65","-13,52","-173,71",1,,,,
178749,143931,"-21,9416008","-48,95267487","509,1",1,7,"464,08","958,74","32,08","2,2604","-4,0772","-0,7685","0,0348",0,"0,1652","1,7446","0,0571","7,3703","0,2236","-0,0547","0,9429","-1,2067","1,3884","0,8534","-129,5086","8,7164","61,7591","-4,57","-13,52","-173,68",1,,,,
178796,143931,"-21,9416008","-48,95267487","509,1",1,7,"464,08","958,74","32,08","2,2604","-4,0772","-0,7572","0,0347",0,"0,1621","1,7406","0,0571","7,3786","0,2217","-0,0415","0,9478","-1,0848","-1,8433","-1,0979","-128,5598","8,2286","62,5941","-4,53","-13,5","-173,67",1,,,,
178896,143931,"-21,9416008","-48,95267487","509,1",1,7,"464,08","958,74","32,08","2,2605","-4,0772","-0,7477","0,0343",0,"0,1596","1,7218","0,0571","7,3944","0,2139","-0,0718","0,9453","-1,2067","-0,8677","0,1216","-128,6983","8,0259","62,4605","-4,53","-13,51","-173,71",1,,,,
178996,143931,"-21,9416008","-48,95267487","509,1",1,7,"464,08","958,74","32,08","2,2605","-4,0772","-0,7397","0,0355",0,"0,1576","1,781","0,0571","7,4049","0,2378","-0,0586","0,9473","0,0738","0,9006","-2,1345","-128,4082","7,6088","61,925","-4,56","-13,53","-173,78",1,,,,
179096,143932,"-21,9416008","-48,95267487","509,1",1,7,"464,08","958,74","32,08","2,2605","-4,0772","-0,7331","0,0354",0,"0,1561","1,7752","0,0571","7,4278","0,2314","-0,0615","0,9561","1,0494","1,3884","1,1582","-128,8195","7,3821","61,5444","-4,55","-13,51","-173,87",1,,,,
179372,143932,"-21,9416008","-48,95267487","509,1",1,7,"464,08","958,74","32,08","2,2605","-4,0772","-0,7275","0,0349",0,"0,1549","1,7516","0,0571","7,4497","0,2285","-0,0474","0,957","0,9884","0,5348","-0,3052","-128,0081","7,4742","62,5399","-4,41","-13,39",-174,1,,,,
179419,143932,"-21,9416008","-48,95267487","509,1",1,7,"464,08","958,74","32,08","2,2605","-4,0772","-0,7229","0,0346",0,"0,1529","1,7325","0,0571","7,4156","0,2173","-0,0527","0,9414","-1,9994","2,364","-1,0369","-128,5699","8,6498","63,1225","-4,4","-13,36","-174,02",1,,,,
179519,143932,"-21,9416008","-48,95267487","509,1",1,7,"464,08","958,74","32,08","2,2606","-4,0772","-0,719","0,035",0,"0,152","1,7543","0,0571","7,4232","0,229","-0,0527","0,9551","-1,8165","0,3518","-1,4027","-128,9681","7,6007","61,9392","-4,42","-13,27","-174,09",1,,,,
179619,143932,"-21,9416008","-48,95267487","509,1",1,7,"464,08","958,74","32,08","2,2606","-4,0772","-0,7158","0,0347",0,"0,1505","1,7411","0,0571","7,3967","0,2178","-0,0542","0,938","-0,475","0,4128","-0,732","-128,4132","9,1939","62,7675","-4,47","-13,2","-174,19",1,,,,
179719,143932,"-21,9416008","-48,95267487","509,1",1,7,"464,08","958,74","32,08","2,2606","-4,0772","-0,7131","0,0351",0,"0,1508","1,7614","0,0571","7,4517","0,23","-0,0542","0,9546","-0,2921","1,0226","-2,6832","-128,3899","7,9502","61,4365","-4,49","-13,21","-174,28",1,,,,
179872,143932,"-21,9416008","-48,95267487","509,1",1,7,"464,08","958,74","32,08","2,2606","-4,0772","-0,7104","0,0345",0,"0,1509","1,7281","0,0571","7,457","0,2095","-0,0596","0,9551","0,3177","2,2421","0,9753","-128,5618","9,4124","63,1624","-4,45","-13,24","-174,38",1,,,,
179919,143932,"-21,9416008","-48,95267487","509,1",1,7,"464,08","958,74","32,08","2,2606","-4,0772","-0,7081","0,0351",0,"0,1503","1,7606","0,0571","7,4594","0,2324","-0,0679","0,9546","1,5372","0,5957","0,0607","-128,2605","9,3566","62,3926","-4,38","-13,23","-174,42",1,,,,
180019,143932,"-21,9416008","-48,95267487","509,1",1,7,"464,08","958,74","32,08","2,2607","-4,0772","-0,7062","0,0349",0,"0,1487","1,7493","0,0571","7,4063","0,2168","-0,0571","0,9424","-0,1701","1,7543","1,8899","-128,2656","8,1928","62,0785","-4,29","-13,16","-174,4",1,,,,
180119,143933,"-21,9416008","-48,95267487","509,1",1,7,"464,08","958,74","32,08","2,2607","-4,0772","-0,7047","0,0337",0,"0,148","1,6883","0,0571","7,3932","0,2109","-0,0562","0,9399","-0,1091","-0,197","-0,2442","-129,6643","8,9549","62,4082","-4,25","-13,09","-174,32",1,,,,
180219,143933,"-21,9416008","-48,95267487","509,1",1,7,"464,08","958,74","32,08","2,2607","-4,0772","-0,7034","0,0338",0,"0,1479","1,693","0,0571","7,4077","0,2251","-0,0542","0,9512","-1,0848","-1,4774","-0,854","-128,5435","9,7538","62,6739","-4,25","-13,1","-174,23",1,,,,
180372,143933,"-21,9416008","-48,95267487","509,1",1,7,"464,32","958,71","32,09","2,2607","-4,0772","-0,7422","0,0348",0,"0,0891","1,7425","0,0571","7,4071","0,2227","-0,0474","0,9492","1,0494","-0,5628","-0,1223","-129,1055","8,1805","62,0998","-4,29","-13,14","-174,2",1,,,,
180419,143933,"-21,9416008","-48,95267487","509,1",1,7,"464,32","958,71","32,09","2,2607","-4,0772","-0,7747","0,0352",0,"0,0989","1,7621","0,0571","7,4288","0,2295","-0,0454","0,9561","2,4518","-0,2579","0,4265","-128,2575","8,9554","62,1184","-4,27","-13,19","-174,21",1,,,,
180519,143933,"-21,9416008","-48,95267487","509,1",1,7,"464,32","958,71","32,09","2,2607","-4,0772","-0,8019","0,035",0,"0,1066","1,754","0,0571","7,4258","0,2236","-0,0522","0,9507","-1,2677","-0,9896","0,6704","-128,684","7,986","61,9521","-4,18","-13,26","-174,22",1,,,,
180619,143933,"-21,9416008","-48,95267487","509,1",1,7,"464,32","958,71","32,09","2,2607","-4,0772","-0,8245","0,0351",0,"0,1133","1,7584","0,0571","7,4332","0,2217","-0,0479","0,9517","0,6835","-0,5018","-1,0369","-129,2347","9,523","62,3004","-4,13","-13,41","-174,17",1,,,,
180719,143933,"-21,9416008","-48,95267487","509,1",1,7,"464,32","958,71","32,09","2,2608","-4,0772","-0,8435","0,0352",0,"0,1184","1,7668","0,0571","7,4161","0,231","-0,0581","0,9521","-0,7799","-0,197","0,6704","-129,3844","8,959","62,4011","-4,08","-13,56","-174,14",1,,,,
180872,143933,"-21,9416008","-48,95267487","509,1",1,7,"464,08","958,74","32,1","2,2608","-4,0772","-0,8193","0,0354",0,"0,1812","1,776","0,0571","7,4022","0,2334","-0,0459","0,9458","1,2933","-3,1238","-0,671","-128,1424","7,6528","62,4263","-4,02","-13,64","-174,15",1,,,,
180919,143933,"-21,9416008","-48,95267487","509,1",1,7,"464,08","958,74","32,1","2,2608","-4,0772","-0,7992","0,0342",0,"0,1746","1,7151","0,0571","7,365","0,2056","-0,0464","0,9355","0,0738","0,1689","-0,3052","-129,1126","8,2005","62,3541","-3,94","-13,73","-174,19",1,,,,
181019,143933,"-21,9416008","-48,95267487","509,1",1,7,"464,08","958,74","32,1","2,2608","-4,0772","-0,7823","0,0339",0,"0,1703","1,702","0,0571","7,3887","0,2158","-0,0464","0,9453","-0,2311","0,2299","-0,732","-128,4213","8,4313","62,7276","-3,86","-13,76","-174,22",1,,,,
181119,143934,"-21,9416008","-48,95267487","509,1",1,7,"464,08","958,74","32,1","2,2608","-4,0772","-0,7682","0,0347",0,"0,1673","1,741","0,0571","7,4446","0,2183","-0,0508","0,9624","-1,0848","2,1201","3,4753","-128,9599","8,3632","61,9792","-3,84","-13,7","-174,22",1,,,,
181219,143934,"-21,9416008","-48,95267487","509,1",1,7,"464,08","958,74","32,1","2,2608","-4,0772","-0,7565","0,035",0,"0,1637","1,7533","0,0571","7,4328","0,2197","-0,0518","0,9556","-2,0604","-0,9896","-0,3052","-129,1167","7,8192","62,3341","-3,9","-13,64","-174,14",1,,,,
181495,143934,"-21,9416008","-48,95267487","509,1",1,7,"463,98","958,75","32,11","2,2608","-4,0772","-0,7297","0,0349",0,"0,1839","1,7482","0,0571","7,345","0,2251","-0,0693","0,9375","-0,0482","0,4128","0,3655","-128,9711","8,0019","62,2134","-4,09","-13,68","-174,05",1,,,,
181542,143934,"-21,9416008","-48,95267487","509,1",1,7,"463,98","958,75","32,11","2,2609","-4,0772","-0,7073","0,0352",0,"0,1777","1,7661","0,0571","7,3595","0,2295","-0,0542","0,9473","0,1348","0,9616","-0,5491","-128,5527","8,2087","62,3398","-4,1","-13,66","-174,05",1,,,,
181642,143934,"-21,9416008","-48,95267487","509,1",1,7,"463,98","958,75","32,11","2,2609","-4,0772","-0,6886","0,0352",0,"0,1723","1,7655","0,0571","7,3572","0,2241","-0,0566","0,9434","-0,536","0,1689","-0,4271","-129,1055","8,1805","62,0998","-4,1","-13,59","-174,07",1,,,,
181742,143934,"-21,9416008","-48,95267487","509,1",1,7,"463,98","958,75","32,11","2,2609","-4,0772","-0,673","0,0355",0,"0,1681","1,7819","0,0571","7,3715","0,2339","-0,0605","0,9507","-1,9384","0,2299","-0,1832","-129,646","9,2963","61,9197","-4,12","-13,52","-174,09",1,,,,
181842,143934,"-21,9416008","-48,95267487","509,1",1,7,"463,98","958,75","32,11","2,2609","-4,0772","-0,66","0,0348",0,"0,1644","1,7432","0,0571","7,3749","0,2095","-0,0469","0,9419","-0,1091","0,7787","1,0973","-128,5486","8,5899","62,3598","-4,2","-13,48","-174,14",1,,,,
181995,143934,"-21,9416008","-48,95267487","509,1",1,7,"464,08","958,74","32,13","2,2609","-4,0772","-0,6665","0,035",0,"0,1363","1,753","0,0571","7,3967","0,2227","-0,0464","0,9443","-0,7189","4,0713","1,0363","-129,0077","7,3192","63,1904","-4,25","-13,42","-174,19",1,,,,
182042,143934,"-21,9416008","-48,95267487","509,1",1,7,"464,08","958,74","32,13","2,2609","-4,0772","-0,6719","0,0346",0,"0,1383","1,7364","0,0571","7,4216","0,2183","-0,0601","0,9561","1,2933","0,8396","2,5607","-128,5628","8,6299","62,8683","-4,27","-13,32","-174,18",1,,,,
182142,143934,"-21,9416008","-48,95267487","509,1",1,7,"464,08","958,74","32,13","2,261","-4,0772","-0,6764","0,0347",0,"0,1398","1,7406","0,0571","7,4297","0,2261","-0,0547","0,9512","0,5006","0,3518","-1,0369","-128,8326","8,2046","62,347","-4,26","-13,17","-174,12",1,,,,
182242,143934,"-21,9416008","-48,95267487","509,1",1,7,"464,08","958,74","32,13","2,261","-4,0772","-0,6802","0,0347",0,"0,141","1,7403","0,0571","7,4337","0,2212","-0,0586","0,9546","-2,0604","0,2299","0,4875","-128,8438","7,8432","62,5812","-4,27","-13,11","-174,09",1,,,,
182342,143934,"-21,9416008","-48,95267487","509,1",1,7,"464,08","958,74","32,13","2,261","-4,0772","-0,6833","0,0355",0,"0,1412","1,7819","0,0571","7,4013","0,2354","-0,0596","0,9453","-0,1091","0,9006","0,5485","-128,4101","8,7926","62,4933","-4,4","-13,17","-174,03",1,,,,
182495,143934,"-21,9416008","-48,95267487","509,1",1,7,"463,98","958,75","32,12","2,261","-4,0772","-0,6686","0,0348",0,"0,168","1,7452","0,0571","7,4279","0,2231","-0,0635","0,9468","1,1104","0,7177","-1,6466","-128,4061","9,1739","62,5133","-4,54","-13,22","-173,96",1,,,,
182542,143934,"-21,9416008","-48,95267487","509,1",1,7,"463,98","958,75","32,12","2,261","-4,0772","-0,6563","0,0349",0,"0,1641","1,751","0,0571","7,4118","0,2251","-0,0625","0,9453","-1,3896","0,5957","-0,793","-129,3813","8,5577","62,1269","-4,58","-13,24","-173,94",1,,,,
182642,143934,"-21,9416008","-48,95267487","509,1",1,7,"463,98","958,75","32,12","2,261","-4,0772","-0,646","0,034",0,"0,1614","1,7038","0,0571","7,4247","0,2139","-0,0464","0,959","0,0738","-0,9287","1,3412","-128,2687","8,594","62,3527","-4,58","-13,21","-173,98",1,,,,
182742,143934,"-21,9416008","-48,95267487","509,1",1,7,"463,98","958,75","32,12","2,261","-4,0772","-0,6374","0,0338",0,"0,159","1,6947","0,0571","7,4318","0,2207","-0,0605","0,9575","-1,0238","-0,9287","1,4021","-128,5628","8,6299","62,8683","-4,58","-13,21","-174,02",1,,,,
182842,143934,"-21,9416008","-48,95267487","509,1",1,7,"463,98","958,75","32,12","2,261","-4,0772","-0,6302","0,0334",0,"0,1565","1,6746","0,0571","7,4097","0,2109","-0,064","0,9434","-3,097","-0,7457","1,0973","-129,0872","8,5219","61,6114","-4,63","-13,29","-174,01",1,,,,
182995,143934,"-21,9416008","-48,95267487","509,1",1,7,"464,08","958,74","32,11","2,261","-4,0772","-0,6416","0,0346",0,"0,1288","1,7333","0,0571","7,3811","0,2271","-0,0479","0,9448","-2,4872","1,2055","-0,5491","-128,5557","8,6099","62,614","-4,73","-13,37","-173,99",1,,,,
183042,143936,"-21,9416008","-48,95267487","509,1",1,7,"464,08","958,74","32,11","2,261","-4,0772","-0,6511","0,0355",0,"0,1321","1,7801","0,0571","7,4106","0,2378","-0,0645","0,9561","0,6835","-0,136","-0,3662","-129,534","8,395","62,5018","-4,82","-13,4",-174,1,,,,
183142,143936,"-21,9416008","-48,95267487","509,1",1,7,"464,08","958,74","32,11","2,2611","-4,0772","-0,659","0,0348",0,"0,1345","1,7458","0,0571","7,4118","0,2202","-0,0479","0,9438","1,2933","0,7787","-1,9515","-128,683","8,7686","62,2462","-4,84","-13,36","-174,03",1,,,,
183242,143936,"-21,9416008","-48,95267487","509,1",1,7,"464,08","958,74","32,11","2,2611","-4,0772","-0,6657","0,0349",0,"0,1365","1,7501","0,0571","7,4184","0,2271","-0,0469","0,9507","-2,5482","0,5348","-0,1832","-128,9792","7,2393","62,1735","-4,74","-13,32","-174,09",1,,,,
183342,143936,"-21,9416008","-48,95267487","509,1",1,7,"464,08","958,74","32,11","2,2611","-4,0772","-0,6712","0,0348",0,"0,1389","1,7456","0,0571","7,4602","0,2241","-0,0522","0,9624","0,3787","0,1079","-0,5491","-128,2758","8,614","62,6069","-4,66","-13,37","-174,12",1,,,,
183671,143936,"-21,9416008","-48,95267487","509,1",1,7,"464,08","958,74","32,12","2,2611","-4,0772","-0,6758","0,0349",0,"0,1387","1,7491","0,0571","7,3813","0,2256","-0,0479","0,9438","-1,2067","-0,8067","0,6095","-128,9812","8,4231","62,7418","-4,49","-13,63","-174,11",1,,,,
183718,143936,"-21,9416008","-48,95267487","509,1",1,7,"464,08","958,74","32,12","2,2611","-4,0772","-0,6797","0,0347",0,"0,1406","1,7379","0,0571","7,4223","0,2197","-0,0581","0,96","-0,1701","-2,0262","0,9143","-128,6942","8,4072","62,4805","-4,46","-13,64","-174,07",1,,,,
183818,143936,"-21,9416008","-48,95267487","509,1",1,7,"464,08","958,74","32,12","2,2611","-4,0772","-0,6829","0,0336",0,"0,1422","1,6857","0,0571","7,4546","0,2109","-0,061","0,9517","-1,8165","0,047","-0,1223","-128,6901","8,7885","62,5005","-4,46","-13,67","-173,97",1,,,,
183918,143936,"-21,9416008","-48,95267487","509,1",1,7,"464,08","958,74","32,12","2,2611","-4,0772","-0,6856","0,0342",0,"0,1423","1,7128","0,0571","7,42","0,2295","-0,0459","0,9458","-0,2311","-0,8677","-1,0369","-127,9999","8,2368","62,5798","-4,52","-13,62","-173,88",1,,,,
184018,143936,"-21,9416008","-48,95267487","509,1",1,7,"464,08","958,74","32,12","2,2611","-4,0772","-0,6879","0,0346",0,"0,143","1,7368","0,0571","7,4214","0,2178","-0,0474","0,9473","-0,475","0,047","0,9143","-129,3844","8,959","62,4011","-4,59","-13,58","-173,88",1,,,,
184171,143937,"-21,9416008","-48,95267487","509,1",1,7,"464,08","958,74","32,13","2,2611","-4,0772","-0,6893","0,0345",0,"0,1438","1,7316","0,0571","7,4056","0,2202","-0,0713","0,9434","-2,6091","0,2299","-0,9149","-129,3915","8,979","62,6553","-4,63","-13,54","-173,82",1,,,,
184218,143937,"-21,9416008","-48,95267487","509,1",1,7,"464,08","958,74","32,13","2,2611","-4,0772","-0,6906","0,0349",0,"0,1442","1,7516","0,0571","7,4091","0,2285","-0,0645","0,9497","0,2567","-0,9287","-2,1954","-128,9599","8,3632","61,9792","-4,71","-13,5","-173,75",1,,,,
184318,143937,"-21,9416008","-48,95267487","509,1",1,7,"464,08","958,74","32,13","2,2612","-4,0772","-0,6916","0,0345",0,"0,1447","1,7286","0,0571","7,4181","0,2109","-0,0518","0,9541","0,4396","1,8152","-1,4027","-128,5385","8,1687","61,8314","-4,73","-13,47","-173,79",1,,,,
184418,143937,"-21,9416008","-48,95267487","509,1",1,7,"464,08","958,74","32,13","2,2612","-4,0772","-0,6924","0,0342",0,"0,1446","1,7157","0,0571","7,4014","0,2158","-0,0513","0,9404","0,1348","-1,8433","1,4021","-129,2612","8,419","62,7489","-4,66","-13,43","-173,87",1,,,,
184518,143937,"-21,9416008","-48,95267487","509,1",1,7,"464,08","958,74","32,13","2,2612","-4,0772","-0,6931","0,0348",0,"0,1446","1,7447","0,0571","7,3912","0,2217","-0,0688","0,9404","-1,0848","0,1079","1,2802","-128,5415","8,57","62,1056","-4,59","-13,44","-173,81",1,,,,
184671,143937,"-21,9416008","-48,95267487","509,1",1,7,"464,19","958,72","32,13","2,2612","-4,0772","-0,7111","0,0355",0,"0,12","1,7804","0,0571","7,4223","0,229","-0,0557","0,9585","-0,7799","0,9616","-1,1588","-128,6728","8,3474","61,7178","-4,61","-13,45","-173,7",1,,,,
184718,143937,"-21,9416008","-48,95267487","509,1",1,7,"464,19","958,72","32,13","2,2612","-4,0772","-0,7261","0,0354",0,"0,1239","1,7771","0,0571","7,4006","0,2256","-0,0483","0,9429","0,1348","0,5957","-0,3052","-129,5239","7,9738","61,9734","-4,65","-13,47","-173,69",1,,,,
184818,143937,"-21,9416008","-48,95267487","509,1",1,7,"464,19","958,72","32,13","2,2612","-4,0772","-0,7387","0,0359",0,"0,1276","1,7982","0,0571","7,4077","0,23","-0,0635","0,9458","-0,9018","-3,0018","3,2924","-128,4183","8,03","62,4534","-4,66","-13,48","-173,71",1,,,,
184918,143937,"-21,9416008","-48,95267487","509,1",1,7,"464,19","958,72","32,13","2,2612","-4,0772","-0,7491","0,0354",0,"0,1301","1,7733","0,0571","7,3815","0,2266","-0,0522","0,9453","-1,9994","1,0835","0,1216","-128,5557","8,6099","62,614","-4,68","-13,56","-173,67",1,,,,
185018,143937,"-21,9416008","-48,95267487","509,1",1,7,"464,19","958,72","32,13","2,2613","-4,0772","-0,7579","0,0357",0,"0,1324","1,7897","0,0571","7,3677","0,2305","-0,0444","0,9419","-2,2433","0,1079","0,3655","-129,1014","8,5618","62,1198","-4,69","-13,57","-173,68",1,,,,
185171,143937,"-21,9416008","-48,95267487","509,1",1,7,"464,08","958,74","32,15","2,2613","-4,0772","-0,7478","0,0358",0,"0,1604","1,797","0,0571","7,3902","0,2251","-0,0474","0,9443","-1,6335","-1,5384","1,5241","-128,2717","8,9953","62,6269","-4,74","-13,55","-173,69",1,,,,
185218,143937,"-21,9416008","-48,95267487","509,1",1,7,"464,08","958,74","32,15","2,2613","-4,0772","-0,7394","0,0357",0,"0,1585","1,7888","0,0571","7,417","0,2256","-0,063","0,9561","1,8421","1,4494","-0,4881","-128,9711","8,0019","62,2134","-4,8","-13,56","-173,63",1,,,,
185318,143937,"-21,9416008","-48,95267487","509,1",1,7,"464,08","958,74","32,15","2,2613","-4,0772","-0,7324","0,0351",0,"0,1567","1,7614","0,0571","7,4312","0,2285","-0,04","0,9463","-1,8774","-0,7457","-2,3784","-128,6871","8,3873","62,2263","-4,78","-13,51","-173,61",1,,,,
185418,143937,"-21,9416008","-48,95267487","509,1",1,7,"464,08","958,74","32,15","2,2613","-4,0772","-0,7265","0,0342",0,"0,155","1,7143","0,0571","7,4292","0,2178","-0,0454","0,9556","0,6835","0,5348","0,6704","-129,2399","8,3592","61,9863","-4,71","-13,46","-173,71",1,,,,
185518,143937,"-21,9416008","-48,95267487","509,1",1,7,"464,08","958,74","32,15","2,2613","-4,0772","-0,7216","0,0344",0,"0,1538","1,726","0,0571","7,4373","0,2275","-0,0498","0,9453","-2,4262","2,1811","0,7924","-128,9823","7,6406","62,4477","-4,64","-13,42","-173,79",1,,,,
185794,143937,"-21,9416008","-48,95267487","509,1",1,7,"464,18","958,72","32,15","2,2613","-4,0772","-0,7345","0,035",0,"0,1278","1,7558","0,0571","7,4394","0,2324","-0,0532","0,959","0,6226","1,6323","2,3777","-128,1302","8,7967","62,4862","-4,65","-13,31","-173,68",1,,,,
185841,143937,"-21,9416008","-48,95267487","509,1",1,7,"464,18","958,72","32,15","2,2613","-4,0772","-0,7452","0,035",0,"0,1305","1,757","0,0571","7,4184","0,2246","-0,0469","0,9448","-1,6335","1,2665","0,9753","-128,5516","8,9912","62,634","-4,65","-13,28","-173,62",1,,,,
185941,143937,"-21,9416008","-48,95267487","509,1",1,7,"464,18","958,72","32,15","2,2613","-4,0772","-0,7542","0,0351",0,"0,1329","1,7602","0,0571","7,4105","0,2266","-0,0532","0,9448","-1,0848","0,1079","0,9143","-128,1394","7,2516","62,1522","-4,67","-13,2","-173,52",1,,,,
186041,143939,"-21,9416008","-48,95267487","509,1",1,7,"464,18","958,72","32,15","2,2613","-4,0772","-0,7617","0,0339",0,"0,1355","1,7007","0,0571","7,4303","0,2178","-0,0391","0,9614","0,8665","-0,075","-2,6832","-127,7128","8,2209","62,3185","-4,68","-13,15","-173,5",1,,,,
186141,143939,"-21,9416008","-48,95267487","509,1",1,7,"464,18","958,72","32,15","2,2614","-4,0772","-0,7679","0,0347",0,"0,1378","1,7373","0,0571","7,4546","0,2183","-0,0381","0,9575","-0,6579","0,4128","-0,4271","-128,5598","8,2286","62,5941","-4,57","-13,17","-173,6",1,,,,
186294,143939,"-21,9416008","-48,95267487","509,1",1,7,"464,18","958,72","32,18","2,2614","-4,0772","-0,7731","0,0351",0,"0,1384","1,7614","0,0571","7,4104","0,2207","-0,0635","0,9395","0,4396","-1,2335","0,3655","-129,5381","8,0137","62,4819","-4,46","-13,2","-173,68",1,,,,
186341,143939,"-21,9416008","-48,95267487","509,1",1,7,"464,18","958,72","32,18","2,2614","-4,0772","-0,7775","0,0346",0,"0,1399","1,7351","0,0571","7,4225","0,2158","-0,0532","0,9531","0,1957","-3,5506","0,9143","-128,9619","9,547","62,5475","-4,4","-13,26","-173,68",1,,,,
186441,143939,"-21,9416008","-48,95267487","509,1",1,7,"464,18","958,72","32,18","2,2614","-4,0772","-0,7812","0,035",0,"0,1409","1,7563","0,0571","7,4182","0,2275","-0,0566","0,9468","0,1957","-0,9287","0,1826","-127,8472","8,3995","62,2049","-4,37","-13,38","-173,67",1,,,,
186541,143939,"-21,9416008","-48,95267487","509,1",1,7,"464,18","958,72","32,18","2,2614","-4,0772","-0,7842","0,0348",0,"0,1416","1,7458","0,0571","7,414","0,2197","-0,0503","0,9478","-1,7555","1,2665","0,8534","-128,9569","7,962","61,705","-4,38","-13,48","-173,71",1,,,,
186641,143939,"-21,9416008","-48,95267487","509,1",1,7,"464,18","958,72","32,18","2,2614","-4,0772","-0,7868","0,0348",0,"0,1427","1,7445","0,0571","7,4288","0,2207","-0,0654","0,9556","-2,7921","-1,2945","2,1338","-128,2727","8,2127","62,3327","-4,44","-13,43","-173,71",1,,,,
186794,143939,"-21,9416008","-48,95267487","509,1",1,7,"464,19","958,72","32,16","2,2614","-4,0772","-0,7893","0,0353",0,"0,1428","1,7693","0,0571","7,4381","0,229","-0,0518","0,9556","-1,0848","-1,1116","0,3655","-128,2585","8,1728","61,8243","-4,53","-13,42","-173,65",1,,,,
186841,143939,"-21,9416008","-48,95267487","509,1",1,7,"464,19","958,72","32,16","2,2614","-4,0772","-0,7915","0,0354",0,"0,1434","1,7722","0,0571","7,4347","0,2266","-0,042","0,9507","-1,3896","1,9372","-2,7442","-128,6993","7,2434","62,1664","-4,59","-13,5","-173,63",1,,,,
186941,143939,"-21,9416008","-48,95267487","509,1",1,7,"464,19","958,72","32,16","2,2614","-4,0772","-0,7933","0,0351",0,"0,1436","1,7604","0,0571","7,4182","0,2241","-0,0503","0,9468","-1,5726","-1,1726","2,6216","-129,5147","9,5189","62,3075","-4,59","-13,54","-173,71",1,,,,
187041,143940,"-21,9416008","-48,95267487","509,1",1,7,"464,19","958,72","32,16","2,2614","-4,0772","-0,7948","0,0344",0,"0,1433","1,7223","0,0571","7,3806","0,2183","-0,0718","0,9419","-0,6579","-0,8067","-0,3662","-129,1014","8,5618","62,1198","-4,59","-13,58","-173,77",1,,,,
187141,143940,"-21,9416008","-48,95267487","509,1",1,7,"464,19","958,72","32,16","2,2614","-4,0772","-0,796","0,0344",0,"0,144","1,7255","0,0571","7,4017","0,2202","-0,041","0,9502","0,3177","-2,2091","-1,0369","-128,5385","8,1687","61,8314","-4,63","-13,63","-173,8",1,,,,
187294,143940,"-21,9416008","-48,95267487","509,1",1,7,"464,32","958,71","32,17","2,2615","-4,0772","-0,8197","0,0355",0,"0,1115","1,78","0,0571","7,4128","0,23","-0,0562","0,9487","-1,2067","-0,9896","1,768","-128,2616","8,5741","62,0985","-4,61","-13,73","-173,85",1,,,,
187341,143940,"-21,9416008","-48,95267487","509,1",1,7,"464,32","958,71","32,17","2,2615","-4,0772","-0,8394","0,0353",0,"0,1169","1,7682","0,0571","7,3997","0,2227","-0,0498","0,9448","0,0738","-0,3189","0,7314","-129,1024","7,7793","61,8257","-4,6","-13,85","-173,87",1,,,,
187441,143940,"-21,9416008","-48,95267487","509,1",1,7,"464,32","958,71","32,17","2,2615","-4,0772","-0,8559","0,0346",0,"0,1223","1,7348","0,0571","7,4286","0,2212","-0,0503","0,9541","-1,9994","0,7787","-1,0369","-128,6748","9,5312","62,2862","-4,62","-13,91","-173,87",1,,,,
187541,143940,"-21,9416008","-48,95267487","509,1",1,7,"464,32","958,71","32,17","2,2615","-4,0772","-0,8697","0,0346",0,"0,1262","1,7338","0,0571","7,4258","0,2192","-0,0522","0,9497","0,9274","1,2665","1,2192","-128,5527","8,2087","62,3398","-4,67","-13,89","-173,89",1,,,,
187641,143940,"-21,9416008","-48,95267487","509,1",1,7,"464,32","958,71","32,17","2,2615","-4,0772","-0,8812","0,0348",0,"0,1292","1,7445","0,0571","7,4083","0,2183","-0,0459","0,9463","-3,3409","0,5348","1,3412","-128,2616","8,5741","62,0985","-4,67","-13,82","-173,88",1,,,,
187928,143940,"-21,9416008","-48,95267487","509,1",1,7,"464,32","958,71","32,18","2,2615","-4,0772","-0,8904","0,0345",0,"0,1322","1,7314","0,0571","7,3922","0,2202","-0,0483","0,9429","0,3787","-0,2579","3,0485","-128,5415","8,57","62,1056","-4,76","-13,98","-173,67",1,,,,
187975,143940,"-21,9416008","-48,95267487","509,1",1,7,"464,32","958,71","32,18","2,2615","-4,0772","-0,8981","0,0339",0,"0,1352","1,6997","0,0571","7,4299","0,2109","-0,0615","0,96","-2,1213","0,2299","3,1095","-128,9904","6,878","62,4078","-4,76","-14,02","-173,59",1,,,,
188075,143940,"-21,9416008","-48,95267487","509,1",1,7,"464,32","958,71","32,18","2,2615","-4,0772","-0,9045","0,0343",0,"0,1371","1,7203","0,0571","7,4338","0,2212","-0,0405","0,9546","0,0128","2,1201","-0,4271","-128,4112","8,0101","62,1992","-4,82","-14,03","-173,41",1,,,,
188175,143940,"-21,9416008","-48,95267487","509,1",1,7,"464,32","958,71","32,18","2,2615","-4,0772","-0,9098","0,0351",0,"0,1389","1,7574","0,0571","7,4473","0,2324","-0,0615","0,9609","-1,0848","1,8152","-2,3174","-128,8204","9,3484","62,4068","-4,85","-13,92","-173,36",1,,,,
188275,143940,"-21,9416008","-48,95267487","509,1",1,7,"464,32","958,71","32,18","2,2615","-4,0772","-0,9143","0,0347",0,"0,1398","1,738","0,0571","7,4258","0,2183","-0,0405","0,9473","-0,597","-0,3799","1,2192","-128,858","7,8832","63,0897","-4,85","-13,79","-173,47",1,,,,
188428,143940,"-21,9416008","-48,95267487","509,1",1,7,"464,44","958,69","32,19","2,2615","-4,0772","-0,938","0,0355",0,"0,1115","1,7779","0,0571","7,4174","0,231","-0,04","0,9463","-0,9018","1,1445","0,3655","-129,2429","8,7604","62,2605","-4,88","-13,71","-173,54",1,,,,
188475,143940,"-21,9416008","-48,95267487","509,1",1,7,"464,44","958,69","32,19","2,2615","-4,0772","-0,9579","0,0353",0,"0,1171","1,7681","0,0571","7,4116","0,2231","-0,043","0,9478","-0,7189","-2,3311","-1,4637","-127,7199","8,2409","62,5727","-4,92","-13,66","-173,55",1,,,,
188575,143940,"-21,9416008","-48,95267487","509,1",1,7,"464,44","958,69","32,19","2,2615","-4,0772","-0,9744","0,0355",0,"0,1218","1,7793","0,0571","7,4078","0,2227","-0,0679","0,9468","-1,8774","1,0226","2,2558","-129,2693","7,6565","62,709","-4,94","-13,67","-173,61",1,,,,
188675,143940,"-21,9416008","-48,95267487","509,1",1,7,"464,44","958,69","32,19","2,2615","-4,0772","-0,9883","0,0346",0,"0,1249","1,737","0,0571","7,3653","0,2188","-0,0654","0,9395","-1,6945","1,4494","-1,3418","-128,8266","7,4021","61,7986","-5,02","-13,68","-173,69",1,,,,
188775,143940,"-21,9416008","-48,95267487","509,1",1,7,"464,44","958,69","32,19","2,2615","-4,0772","-0,9998","0,0349",0,"0,128","1,7501","0,0571","7,3543","0,2285","-0,063","0,938","-1,2067","-0,4409","-0,854","-129,2642","8,8203","63,0231","-5,1","-13,64","-173,77",1,,,,
188928,143940,"-21,9416008","-48,95267487","509,1",1,7,"464,44","958,69","32,19","2,2615","-4,0772","-1,0095","0,0336",0,"0,1311","1,6871","0,0571","7,368","0,208","-0,0669","0,9517","-1,5726","-0,7457","-0,4881","-128,6809","10,3337","62,8345","-5,15","-13,61","-173,82",1,,,,
188975,143940,"-21,9416008","-48,95267487","509,1",1,7,"464,44","958,69","32,19","2,2615","-4,0772","-1,0176","0,0341",0,"0,1331","1,7075","0,0571","7,3554","0,2241","-0,0625","0,9404","-0,414","0,5957","-1,3418","-128,2463","9,3167","61,8842","-5,2","-13,6","-173,91",1,,,,
189075,143942,"-21,9416008","-48,95267487","509,1",1,7,"464,44","958,69","32,19","2,2615","-4,0772","-1,0243","0,034",0,"0,1352","1,7042","0,0571","7,3625","0,2168","-0,0547","0,9448","-0,6579","-2,3921","1,2802","-128,2758","8,614","62,6069","-5,23","-13,58","-173,98",1,,,,
189175,143942,"-21,9416008","-48,95267487","509,1",1,7,"464,44","958,69","32,19","2,2615","-4,0772","-1,03","0,034",0,"0,1373","1,705","0,0571","7,3867","0,2173","-0,0557","0,9478","-1,0238","-3,3677","0,1826","-128,8204","9,3484","62,4068","-5,24","-13,61","-173,97",1,,,,
189275,143942,"-21,9416008","-48,95267487","509,1",1,7,"464,44","958,69","32,19","2,2615","-4,0772","-1,0347","0,0345",0,"0,1394","1,7307","0,0571","7,4199","0,23","-0,0527","0,9526","1,2323","0,2909","1,768","-128,9711","8,0019","62,2134","-5,2","-13,66","-173,93",1,,,,
189428,143942,"-21,9416008","-48,95267487","509,1",1,7,"464,59","958,68","32,19","2,2615","-4,0772","-1,0634","0,0343",0,"0,1039","1,7188","0,0571","7,4027","0,2217","-0,0498","0,9512","-0,597","-1,4165","1,2192","-128,8245","8,9672","62,3869","-5,13","-13,65","-173,89",1,,,,
189475,143942,"-21,9416008","-48,95267487","509,1",1,7,"464,59","958,68","32,19","2,2615","-4,0772","-1,0873","0,0339",0,"0,1111","1,6995","0,0571","7,4157","0,2139","-0,0493","0,9526","-0,536","-0,4409","-0,671","-128,3949","9,5352","62,279","-5,08","-13,65","-173,82",1,,,,
189575,143942,"-21,9416008","-48,95267487","509,1",1,7,"464,59","958,68","32,19","2,2615","-4,0772","-1,1074","0,0349",0,"0,1165","1,751","0,0571","7,3965","0,2241","-0,0532","0,9453","-1,3287","0,7787","-0,4881","-128,9772","8,8044","62,7618","-5,04","-13,66","-173,78",1,,,,
189675,143942,"-21,9416008","-48,95267487","509,1",1,7,"464,59","958,68","32,19","2,2616","-4,0772","-1,1241","0,0355",0,"0,1224","1,7779","0,0571","7,4509","0,2329","-0,0405","0,9595","-0,9628","-1,6604","1,1582","-129,531","7,9937","62,2276","-4,99","-13,66","-173,76",1,,,,
189775,143942,"-21,9416008","-48,95267487","509,1",1,7,"464,59","958,68","32,19","2,2616","-4,0772","-1,1381","0,0353",0,"0,126","1,7707","0,0571","7,4307","0,2314","-0,0527","0,9497","-1,5726","-2,514","2,4387","-128,9741","8,4032","62,4876","-4,93","-13,63","-173,71",1,,,,
190051,143943,"-21,9416008","-48,95267487","509,1",1,7,"464,44","958,7","32,22","2,2616","-4,0772","-1,1245","0,0343",0,"0,1662","1,7216","0,0571","7,4278","0,2119","-0,0479","0,9536","0,8055","0,8396","0,7314","-128,1058","8,3356","61,4494","-4,96","-13,66","-173,51",1,,,,
190098,143943,"-21,9416008","-48,95267487","509,1",1,7,"464,44","958,7","32,22","2,2616","-4,0772","-1,1133","0,0341",0,"0,1628","1,7101","0,0571","7,4203","0,2168","-0,0552","0,9482","-0,1091","-0,2579","0,1826","-128,9873","9,2256","63,2902","-4,96","-13,63","-173,48",1,,,,
190198,143943,"-21,9416008","-48,95267487","509,1",1,7,"464,44","958,7","32,22","2,2616","-4,0772","-1,1038","0,0354",0,"0,1602","1,7745","0,0571","7,4306","0,2358","-0,0581","0,9473","0,3177","-0,3799","1,3412","-129,2622","7,6365","62,4548","-4,9","-13,59","-173,5",1,,,,
190298,143943,"-21,9416008","-48,95267487","509,1",1,7,"464,44","958,7","32,22","2,2616","-4,0772","-1,0959","0,0359",0,"0,1582","1,8005","0,0571","7,4403","0,2363","-0,0454","0,9502","-1,6945","-0,5628","1,5851","-128,4071","8,3914","62,2192","-4,79","-13,58","-173,57",1,,,,
190398,143943,"-21,9416008","-48,95267487","509,1",1,7,"464,44","958,7","32,22","2,2616","-4,0772","-1,0893","0,0356",0,"0,156","1,7847","0,0571","7,4288","0,229","-0,0518","0,9478","0,5006","1,3884","-0,9759","-128,5364","9,7338","62,4197","-4,74","-13,58","-173,58",1,,,,
190551,143943,"-21,9416008","-48,95267487","509,1",1,7,"464,32","958,71","32,24","2,2616","-4,0772","-1,0647","0,0355",0,"0,1819","1,7773","0,0571","7,4019","0,2295","-0,0591","0,9487","-0,7189","-0,4409","-0,671","-128,2768","7,8314","62,3128","-4,72","-13,54","-173,63",1,,,,
190598,143943,"-21,9416008","-48,95267487","509,1",1,7,"464,32","958,71","32,24","2,2616","-4,0772","-1,0441","0,0351",0,"0,176","1,7606","0,0571","7,4065","0,2207","-0,0386","0,9497","-0,6579","-0,8067","0,7314","-128,8255","8,1846","62,0927","-4,69","-13,51","-173,76",1,,,,
190698,143943,"-21,9416008","-48,95267487","509,1",1,7,"464,32","958,71","32,24","2,2616","-4,0772","-1,027","0,0344",0,"0,1712","1,7227","0,0571","7,4114","0,2163","-0,0571","0,9468","1,1713","-0,6848","1,4631","-128,6993","7,2434","62,1664","-4,65","-13,5","-173,84",1,,,,
190798,143943,"-21,9416008","-48,95267487","509,1",1,7,"464,32","958,71","32,24","2,2616","-4,0772","-1,0126","0,0348",0,"0,1667","1,7457","0,0571","7,3955","0,2212","-0,061","0,9443","-1,3287","-2,8189","3,9631","-129,1055","8,1805","62,0998","-4,57","-13,48","-173,8",1,,,,
190898,143943,"-21,9416008","-48,95267487","509,1",1,7,"464,32","958,71","32,24","2,2616","-4,0772","-1,0006","0,0346",0,"0,1644","1,7331","0,0571","7,4517","0,2158","-0,0605","0,9507","-2,1213","1,0835","2,6826","-129,2399","8,3592","61,9863","-4,59","-13,48","-173,63",1,,,,
191051,143943,"-21,9416008","-48,95267487","509,1",1,7,"464,44","958,7","32,24","2,2616","-4,0772","-1,0101","0,0351",0,"0,1323","1,7594","0,0571","7,4203","0,2241","-0,0566","0,9409","0,5616","1,6323","-2,7442","-128,5598","8,2286","62,5941","-4,68","-13,44","-173,47",1,,,,
191098,143943,"-21,9416008","-48,95267487","509,1",1,7,"464,44","958,7","32,24","2,2616","-4,0772","-1,0181","0,0348",0,"0,1346","1,7466","0,0571","7,4208","0,2202","-0,0498","0,9502","-0,2921","0,7177","-0,0003","-127,9928","8,2168","62,3256","-4,73","-13,4","-173,46",1,,,,
191198,143943,"-21,9416008","-48,95267487","509,1",1,7,"464,44","958,7","32,24","2,2616","-4,0772","-1,0248","0,035",0,"0,1356","1,7556","0,0571","7,3764","0,2261","-0,0601","0,9448","-2,3043","-0,197","0,9143","-127,8431","8,7808","62,2249","-4,71","-13,37","-173,54",1,,,,
191298,143943,"-21,9416008","-48,95267487","509,1",1,7,"464,44","958,7","32,24","2,2616","-4,0772","-1,0303","0,0345",0,"0,1377","1,7309","0,0571","7,4013","0,2124","-0,0518","0,9565","-0,597","1,2055","0,9143","-127,7057","8,2009","62,0643","-4,69","-13,39","-173,66",1,,,,
191398,143943,"-21,9416008","-48,95267487","509,1",1,7,"464,44","958,7","32,24","2,2616","-4,0772","-1,035","0,0346",0,"0,1392","1,7333","0,0571","7,4094","0,2197","-0,0435","0,9497","-1,2677","0,8396","0,7314","-128,287","8,2527","62,8412","-4,66","-13,39","-173,74",1,,,,
191551,143943,"-21,9416008","-48,95267487","509,1",1,7,"464,32","958,71","32,25","2,2617","-4,0772","-1,0193","0,0349",0,"0,1684","1,7517","0,0571","7,382","0,2188","-0,0518","0,9507","0,0738","1,1445","-0,4271","-128,9629","8,7645","62,2533","-4,64","-13,34","-173,77",1,,,,
191598,143943,"-21,9416008","-48,95267487","509,1",1,7,"464,32","958,71","32,25","2,2617","-4,0772","-1,0062","0,0359",0,"0,1649","1,7973","0,0571","7,394","0,2393","-0,0498","0,9502","1,2933","1,3884","-1,2198","-128,9528","8,3433","61,7249","-4,6","-13,24","-173,82",1,,,,
191698,143943,"-21,9416008","-48,95267487","509,1",1,7,"464,32","958,71","32,25","2,2617","-4,0772","-0,9953","0,0361",0,"0,1617","1,8099","0,0571","7,3939","0,231","-0,0532","0,9419","-0,7799","0,9006","-0,1223","-128,8174","8,9472","62,1327","-4,54","-13,15","-173,91",1,,,,
191798,143943,"-21,9416008","-48,95267487","509,1",1,7,"464,32","958,71","32,25","2,2617","-4,0772","-0,9861","0,036",0,"0,1589","1,8035","0,0571","7,3842","0,2349","-0,0649","0,9458","-1,3287","1,3274","0,5485","-128,97","8,7844","62,5076","-4,53","-13,13","-173,98",1,,,,
191898,143943,"-21,9416008","-48,95267487","509,1",1,7,"464,32","958,71","32,25","2,2617","-4,0772","-0,9785","0,0349",0,"0,1569","1,7479","0,0571","7,397","0,2153","-0,0557","0,9497","-0,536","0,3518","-0,9759","-128,8255","8,1846","62,0927","-4,57","-13,14","-173,99",1,,,,
192187,143945,"-21,9416008","-48,95267487","509,1",1,7,"464,44","958,7","32,25","2,2617","-4,0772","-0,9912","0,0349",0,"0,1274","1,748","0,0571","7,4112","0,2246","-0,0552","0,9565","0,1348","-0,8677","0,3655","-129,6531","9,3162","62,1739","-4,36","-13,06","-174,14",1,,,,
192234,143945,"-21,9416008","-48,95267487","509,1",1,7,"464,44","958,7","32,25","2,2617","-4,0772","-1,0019","0,0351",0,"0,1303","1,7602","0,0571","7,4029","0,2275","-0,0571","0,9463","-0,6579","1,3884","-0,3052","-128,1567","7,6927","62,9348","-4,3","-13,04","-174,16",1,,,,
192334,143945,"-21,9416008","-48,95267487","509,1",1,7,"464,44","958,7","32,25","2,2617","-4,0772","-1,0108","0,0352",0,"0,1333","1,7652","0,0571","7,4213","0,2339","-0,0591","0,96","2,5738","-0,7457","-1,8296","-128,5476","9,3725","62,6539","-4,22","-12,99","-174,22",1,,,,
192434,143945,"-21,9416008","-48,95267487","509,1",1,7,"464,44","958,7","32,25","2,2617","-4,0772","-1,0182","0,035",0,"0,1343","1,7554","0,0571","7,3659","0,2178","-0,0454","0,936","-1,7555","-1,7213","1,0973","-129,135","7,4778","62,8226","-4,13","-12,94","-174,32",1,,,,
192534,143945,"-21,9416008","-48,95267487","509,1",1,7,"464,44","958,7","32,25","2,2617","-4,0772","-1,0244","0,0359",0,"0,1366","1,7992","0,0571","7,3898","0,2363","-0,0557","0,9414","-1,8165","-1,1726","0,8534","-129,1014","8,5618","62,1198","-4,14","-12,99","-174,35",1,,,,
192687,143945,"-21,9416008","-48,95267487","509,1",1,7,"464,44","958,7","32,27","2,2617","-4,0772","-1,03","0,0345",0,"0,138","1,7293","0,0571","7,4209","0,2148","-0,0566","0,9463","-0,7799","1,6933","-0,0003","-128,6901","8,7885","62,5005","-4,22","-13,15","-174,35",1,,,,
192734,143945,"-21,9416008","-48,95267487","509,1",1,7,"464,44","958,7","32,27","2,2617","-4,0772","-1,0347","0,0348",0,"0,1393","1,7428","0,0571","7,4169","0,2261","-0,0469","0,9487","-1,3896","1,1445","-0,5491","-128,5598","8,2286","62,5941","-4,28","-13,23","-174,37",1,,,,
192834,143945,"-21,9416008","-48,95267487","509,1",1,7,"464,44","958,7","32,27","2,2618","-4,0772","-1,0386","0,0352",0,"0,1402","1,7635","0,0571","7,404","0,2314","-0,0435","0,9463","-1,0238","-1,1726","0,4875","-128,3012","8,2926","63,3496","-4,33","-13,18","-174,4",1,,,,
192934,143945,"-21,9416008","-48,95267487","509,1",1,7,"464,44","958,7","32,27","2,2618","-4,0772","-1,0419","0,0348",0,"0,1423","1,747","0,0571","7,4609","0,2251","-0,0503","0,9644","-0,597","-0,5018","0,9753","-128,967","8,3832","62,2334","-4,4","-13,13","-174,41",1,,,,
193034,143946,"-21,9416008","-48,95267487","509,1",1,7,"464,44","958,7","32,27","2,2618","-4,0772","-1,0446","0,0348",0,"0,142","1,7428","0,0571","7,4106","0,2192","-0,0483","0,9419","-0,6579","-1,6604","1,4631","-127,9816","8,5781","62,0914","-4,46","-13,14","-174,36",1,,,,
193187,143946,"-21,9416008","-48,95267487","509,1",1,7,"464,32","958,71","32,28","2,2618","-4,0772","-1,0269","0,0345",0,"0,1721","1,7318","0,0571","7,4211","0,2183","-0,0542","0,9521","1,2933","-2,0262","1,0363","-129,5381","8,0137","62,4819","-4,46","-13,19","-174,37",1,,,,
193234,143946,"-21,9416008","-48,95267487","509,1",1,7,"464,32","958,71","32,28","2,2618","-4,0772","-1,0121","0,0346",0,"0,1671","1,733","0,0571","7,3812","0,2222","-0,0659","0,9365","-0,597","-2,1482","2,4997","-127,8513","8,0182","62,185","-4,37","-13,27","-174,43",1,,,,
193334,143946,"-21,9416008","-48,95267487","509,1",1,7,"464,32","958,71","32,28","2,2618","-4,0772","-0,9998","0,0351",0,"0,1637","1,7609","0,0571","7,3908","0,2271","-0,0605","0,9443","-0,1701","-0,197","-0,671","-128,8509","7,8632","62,8354","-4,34","-13,37","-174,4",1,,,,
193434,143946,"-21,9416008","-48,95267487","509,1",1,7,"464,32","958,71","32,28","2,2618","-4,0772","-0,9895","0,0351",0,"0,1607","1,7614","0,0571","7,3861","0,2212","-0,0356","0,9497","-1,1457","-1,4165","-1,4027","-128,1424","7,6528","62,4263","-4,41","-13,44","-174,41",1,,,,
193534,143946,"-21,9416008","-48,95267487","509,1",1,7,"464,32","958,71","32,28","2,2618","-4,0772","-0,9808","0,0351",0,"0,1588","1,7603","0,0571","7,4165","0,2231","-0,0371","0,9536","-3,2189","1,8152","1,5241","-128,5415","8,57","62,1056","-4,48","-13,48","-174,51",1,,,,
193687,143946,"-21,9416008","-48,95267487","509,1",1,7,"464,18","958,72","32,29","2,2618","-4,0772","-0,951","0,035",0,"0,1893","1,7535","0,0571","7,3936","0,2251","-0,064","0,9438","1,1104","-0,8067","1,0363","-128,5598","8,2286","62,5941","-4,57","-13,44","-174,5",1,,,,
193734,143946,"-21,9416008","-48,95267487","509,1",1,7,"464,18","958,72","32,29","2,2618","-4,0772","-0,9261","0,0348",0,"0,1831","1,7453","0,0571","7,4423","0,2212","-0,0586","0,9639","-0,6579","-0,014","-0,5491","-128,8428","8,6258","62,8754","-4,64","-13,41","-174,4",1,,,,
193834,143946,"-21,9416008","-48,95267487","509,1",1,7,"464,18","958,72","32,29","2,2618","-4,0772","-0,9053","0,0355",0,"0,1757","1,7777","0,0571","7,3733","0,2256","-0,0479","0,9385","-1,6335","-3,3067","0,2436","-129,3783","8,1565","61,8527","-4,66","-13,43","-174,36",1,,,,
193934,143946,"-21,9416008","-48,95267487","509,1",1,7,"464,18","958,72","32,29","2,2618","-4,0772","-0,888","0,0356",0,"0,17","1,7847","0,0571","7,3394","0,2246","-0,0581","0,936","-0,6579","0,4738","2,1338","-128,5628","8,6299","62,8683","-4,71","-13,55","-174,36",1,,,,
194034,143947,"-21,9416008","-48,95267487","509,1",1,7,"464,18","958,72","32,29","2,2618","-4,0772","-0,8735","0,0353",0,"0,1665","1,7707","0,0571","7,3732","0,23","-0,0659","0,9487","-0,353","1,2055","0,4875","-128,1216","8,5761","62,0949","-4,77","-13,61","-174,27",1,,,,
194364,143947,"-21,9416008","-48,95267487","509,1",1,7,"464,32","958,71","32,29","2,2618","-4,0772","-0,8844","0,0348",0,"0,1292","1,7459","0,0571","7,3635","0,2178","-0,0566","0,9399","-0,7189","1,6933","2,6216","-128,9812","8,4231","62,7418","-4,81","-13,36","-174,22",1,,,,
194411,143947,"-21,9416008","-48,95267487","509,1",1,7,"464,32","958,71","32,29","2,2618","-4,0772","-0,8935","0,0349",0,"0,1316","1,7515","0,0571","7,3552","0,2251","-0,0576","0,9414","-1,2677","-0,3799","1,0363","-128,5405","9,3525","62,3997","-4,81","-13,3","-174,18",1,,,,
194511,143947,"-21,9416008","-48,95267487","509,1",1,7,"464,32","958,71","32,29","2,2618","-4,0772","-0,9011","0,0352",0,"0,1346","1,766","0,0571","7,3926","0,2202","-0,0459","0,9517","-0,1091","-2,453","-0,0003","-127,4187","8,1851","61,803","-4,81","-13,22","-174,13",1,,,,
194611,143947,"-21,9416008","-48,95267487","509,1",1,7,"464,32","958,71","32,29","2,2618","-4,0772","-0,9074","0,0357",0,"0,1364","1,7874","0,0571","7,3941","0,2285","-0,0562","0,9531","0,0128","1,9372","2,0729","-128,6983","8,0259","62,4605","-4,8","-13,23","-174,13",1,,,,
194711,143947,"-21,9416008","-48,95267487","509,1",1,7,"464,32","958,71","32,29","2,2618","-4,0772","-0,9128","0,035",0,"0,1375","1,7551","0,0571","7,3691","0,2188","-0,0566","0,9434","0,0738","0,4128","-0,9149","-128,5415","8,57","62,1056","-4,83","-13,18","-174,07",1,,,,
194864,143947,"-21,9416008","-48,95267487","509,1",1,7,"464,59","958,68","32,29","2,2618","-4,0772","-0,9615","0,0357",0,"0,0737","1,7896","0,0571","7,3581","0,2324","-0,0532","0,9414","-0,475","0,9006","-1,8296","-128,8184","8,1646","61,8385","-4,86","-13,1","-174,08",1,,,,
194911,143947,"-21,9416008","-48,95267487","509,1",1,7,"464,59","958,68","32,29","2,2619","-4,0772","-1,0023","0,0363",0,"0,0861","1,8209","0,0571","7,3931","0,2383","-0,043","0,9556","-0,6579","0,2909","2,4997","-128,8367","7,8233","62,327","-4,88","-13,05","-174,19",1,,,,
195011,143947,"-21,9416008","-48,95267487","509,1",1,7,"464,59","958,68","32,29","2,2619","-4,0772","-1,0363","0,0353",0,"0,0954","1,7722","0,0571","7,3689","0,2173","-0,0542","0,938","-0,9018","0,9006","1,1582","-128,4071","8,3914","62,2192","-4,86",-13,"-174,24",1,,,,
195111,143948,"-21,9416008","-48,95267487","509,1",1,7,"464,59","958,68","32,29","2,2619","-4,0772","-1,0647","0,0346",0,"0,104","1,7323","0,0571","7,3858","0,2207","-0,0532","0,9478","-1,7555","0,8396","-2,3784","-128,1444","8,8366","62,9947","-4,81","-12,93","-174,2",1,,,,
195211,143948,"-21,9416008","-48,95267487","509,1",1,7,"464,59","958,68","32,29","2,2619","-4,0772","-1,0885","0,034",0,"0,1116","1,7068","0,0571","7,4264","0,2197","-0,0405","0,9502","-0,597","-1,1116","-0,9759","-128,2646","8,9753","62,3727","-4,73","-12,89","-174,23",1,,,,
195364,143948,"-21,9416008","-48,95267487","509,1",1,7,"464,44","958,7","32,29","2,2619","-4,0772","-1,0835","0,0355",0,"0,1531","1,7813","0,0571","7,4029","0,2271","-0,063","0,9443","-1,0238","-1,1116","2,4997","-128,4082","7,6088","61,925","-4,6","-12,89","-174,3",1,,,,
195411,143948,"-21,9416008","-48,95267487","509,1",1,7,"464,44","958,7","32,29","2,2619","-4,0772","-1,0794","0,0349",0,"0,152","1,7504","0,0571","7,4057","0,2163","-0,0508","0,9492","0,5616","0,4738","2,6216","-128,2839","7,8514","62,567","-4,51","-12,88","-174,25",1,,,,
195511,143948,"-21,9416008","-48,95267487","509,1",1,7,"464,44","958,7","32,29","2,2619","-4,0772","-1,076","0,0343",0,"0,1511","1,7189","0,0571","7,4132","0,2153","-0,0469","0,9458","1,0494","1,6323","-2,9881","-128,6942","8,4072","62,4805","-4,49","-12,84","-174,11",1,,,,
195611,143948,"-21,9416008","-48,95267487","509,1",1,7,"464,44","958,7","32,29","2,2619","-4,0772","-1,0731","0,0355",0,"0,1505","1,7776","0,0571","7,4221","0,2378","-0,042","0,9609","0,1957","-0,9287","-2,0125","-129,0938","8,9331","62,0127","-4,48","-12,78","-174,09",1,,,,
195711,143948,"-21,9416008","-48,95267487","509,1",1,7,"464,44","958,7","32,29","2,2619","-4,0772","-1,0707","0,036",0,"0,1495","1,8037","0,0571","7,4075","0,2417","-0,0571","0,9497","-0,7799","0,1689","0,1826","-128,8184","8,1646","61,8385","-4,47","-12,8","-174,19",1,,,,
195864,143948,"-21,9416008","-48,95267487","509,1",1,7,"464,18","958,72","32,28","2,2619","-4,0772","-1,0261","0,035",0,"0,2105","1,7546","0,0571","7,3722","0,2148","-0,0537","0,936","0,0738","-0,014","-1,0369","-128,9843","8,8244","63,016","-4,47","-12,84","-174,24",1,,,,
195911,143948,"-21,9416008","-48,95267487","509,1",1,7,"464,18","958,72","32,28","2,2619","-4,0772","-0,9889","0,0351",0,"0,2","1,7576","0,0571","7,3857","0,2251","-0,0557","0,9497","0,0738","-0,3799","1,0363","-128,5415","8,57","62,1056","-4,44","-12,86","-174,26",1,,,,
196011,143949,"-21,9416008","-48,95267487","509,1",1,7,"464,18","958,72","32,28","2,2619","-4,0772","-0,9578","0,0351",0,"0,1914","1,7609","0,0571","7,4034","0,2236","-0,0469","0,9458","-1,1457","1,5104","-0,4881","-128,9792","7,2393","62,1735","-4,4","-12,84","-174,26",1,,,,
196111,143949,"-21,9416008","-48,95267487","509,1",1,7,"464,18","958,72","32,28","2,2619","-4,0772","-0,9318","0,036",0,"0,1842","1,8039","0,0571","7,4176","0,2363","-0,0747","0,9453","0,5006","1,6933","4,3899","-128,5374","8,9513","62,1255","-4,43","-12,8","-174,18",1,,,,
196211,143949,"-21,9416008","-48,95267487","509,1",1,7,"464,18","958,72","32,28","2,2619","-4,0772","-0,91","0,0354",0,"0,1784","1,7753","0,0571","7,4371","0,2188","-0,0605","0,9561","-1,2677","0,1689","-0,2442","-128,8072","8,526","61,6042","-4,49","-12,8","-173,99",1,,,,
196498,143949,"-21,9416008","-48,95267487","509,1",1,7,"464,18","958,72","32,28","2,2619","-4,0772","-0,8919","0,035",0,"0,1729","1,7539","0,0571","7,4236","0,2188","-0,0664","0,9541","2,2689","-0,8067","-2,5613","-128,8326","8,2046","62,347","-4,49","-12,89","-173,79",1,,,,
196545,143949,"-21,9416008","-48,95267487","509,1",1,7,"464,18","958,72","32,28","2,2619","-4,0772","-0,8767","0,034",0,"0,168","1,7054","0,0571","7,4001","0,2075","-0,0552","0,9424","-1,1457","-1,7213","-2,0125","-129,1085","8,5818","62,374","-4,46","-12,9","-173,79",1,,,,
196645,143949,"-21,9416008","-48,95267487","509,1",1,7,"464,18","958,72","32,28","2,2619","-4,0772","-0,8641","0,0352",0,"0,1643","1,7667","0,0571","7,398","0,2295","-0,0518","0,9478","-0,1091","-2,514","2,4387","-127,8502","8,8008","62,4791","-4,42","-13,02","-173,88",1,,,,
196745,143949,"-21,9416008","-48,95267487","509,1",1,7,"464,18","958,72","32,28","2,2619","-4,0772","-0,8535","0,0339",0,"0,162","1,6988","0,0571","7,4363","0,2109","-0,0576","0,9546","0,7445","0,047","0,4875","-128,6728","8,3474","61,7178","-4,41","-13,21","-173,91",1,,,,
196845,143949,"-21,9416008","-48,95267487","509,1",1,7,"464,18","958,72","32,28","2,2619","-4,0772","-0,8446","0,0338",0,"0,1591","1,6972","0,0571","7,4184","0,2217","-0,0562","0,9473","0,0738","-2,2701","-2,0735","-127,9857","8,1969","62,0714","-4,41","-13,26","-173,89",1,,,,
196998,143949,"-21,9416008","-48,95267487","509,1",1,7,"463,84","958,76","32,26","2,2619","-4,0772","-0,7812","0,0345",0,"0,2387","1,7296","0,0571","7,4015","0,2285","-0,0356","0,9473","-1,2067","-0,9896","1,829","-128,5456","8,1887","62,0856","-4,41","-13,28","-173,96",1,,,,
197045,143950,"-21,9416008","-48,95267487","509,1",1,7,"463,84","958,76","32,26","2,2619","-4,0772","-0,7282","0,0341",0,"0,2231","1,7113","0,0571","7,3861","0,2153","-0,0483","0,9429","-1,4506","1,1445","2,1338","-128,1424","7,6528","62,4263","-4,45","-13,33","-174,04",1,,,,
197145,143950,"-21,9416008","-48,95267487","509,1",1,7,"463,84","958,76","32,26","2,2619","-4,0772","-0,6839","0,0349",0,"0,2108","1,7484","0,0571","7,4117","0,2261","-0,0508","0,9482","-0,8409","-0,7457","3,4143","-127,8472","8,3995","62,2049","-4,52","-13,32","-173,93",1,,,,
197245,143950,"-21,9416008","-48,95267487","509,1",1,7,"463,84","958,76","32,26","2,2619","-4,0772","-0,6469","0,0344",0,"0,1993","1,727","0,0571","7,3661","0,2188","-0,0625","0,9268","-0,1701","0,4128","-4,6345","-128,4193","7,2475","62,1593","-4,59","-13,3","-173,69",1,,,,
197345,143950,"-21,9416008","-48,95267487","509,1",1,7,"463,84","958,76","32,26","2,2619","-4,0772","-0,616","0,0343",0,"0,1914","1,72","0,0571","7,4153","0,2183","-0,0376","0,9565","1,0494","0,2909","1,3412","-128,8154","7,7634","61,5643","-4,61","-13,28","-173,68",1,,,,
197498,143950,"-21,9416008","-48,95267487","509,1",1,7,"463,77","958,77","32,26","2,2619","-4,0772","-0,5784","0,0348",0,"0,201","1,7432","0,0571","7,4098","0,2222","-0,0688","0,9458","0,0128","0,1689","9,7558","-128,285","7,0689","62,2729","-4,59","-13,28","-173,65",1,,,,
197545,143950,"-21,9416008","-48,95267487","509,1",1,7,"463,77","958,77","32,26","2,2619","-4,0772","-0,5471","0,0344",0,"0,1916","1,7238","0,0571","7,3919","0,2163","-0,0903","0,9429","-1,6945","-2,0872","-0,2442","-128,1384","8,0341","62,4463","-4,64","-13,3","-173,32",1,,,,
197645,143950,"-21,9416008","-48,95267487","509,1",1,7,"463,77","958,77","32,26","2,2619","-4,0772","-0,5208","0,0355",0,"0,1844","1,779","0,0571","7,4126","0,2344","-0,0342","0,9517","0,8665","1,9982","-11,1588","-128,8469","8,2445","62,8554","-4,72","-13,34","-173,04",1,,,,
197745,143950,"-21,9416008","-48,95267487","509,1",1,7,"463,77","958,77","32,26","2,2619","-4,0772","-0,4989","0,0356",0,"0,1794","1,7839","0,0571","7,4777","0,2378","-0,0337","0,9741","-1,2677","0,1079","-5,3052","-128,0111","7,8754","62,8141","-4,59","-13,4","-173,45",1,,,,
197845,143950,"-21,9416008","-48,95267487","509,1",1,7,"463,77","958,77","32,26","2,2619","-4,0772","-0,4806","0,037",0,"0,1723","1,8537","0,0571","7,3856","0,2446","0,0122","0,9316","-0,597","-5,8677","17,6826","-128,6922","7,2234","61,9122","-4,43","-13,45","-174,07",1,,,,
197998,143950,"-21,9416008","-48,95267487","509,1",1,7,"463,98","958,75","32,25","2,2619","-4,0772","-0,4988","0,0348",0,"0,1171","1,7424","0,0571","7,2945","0,2109","-0,0303","0,9263","0,6226","-0,197","3,1704","-128,4101","8,7926","62,4933","-4,53","-13,56","-173,74",1,,,,
198045,143951,"-21,9416008","-48,95267487","509,1",1,7,"463,98","958,75","32,25","2,2619","-4,0772","-0,514","0,0345",0,"0,122","1,7275","0,0571","7,3198","0,2178","-0,0562","0,9458","-1,4506","-1,5994","-1,4027","-128,5394","10,1351","62,6939","-4,71","-13,66","-173,06",1,,,,
198145,143951,"-21,9416008","-48,95267487","509,1",1,7,"463,98","958,75","32,25","2,2619","-4,0772","-0,5267","0,0353",0,"0,1268","1,7687","0,0571","7,3775","0,2378","-0,0488","0,9531","-0,2921","0,1689","1,8899","-128,5537","7,4261","62,0457","-4,81","-13,73","-172,65",1,,,,
198245,143951,"-21,9416008","-48,95267487","509,1",1,7,"463,98","958,75","32,25","2,2625","-4,0772","-0,5441","0,0601",0,"-0,2793","1,2492","0,0571","7,1302","0,0503","-0,2256","0,8574","0,6226","4,1323","-3,171","-128,683","8,7686","62,2462","-4,86","-13,71","-172,56",1,,,,
198345,143951,"-21,9416008","-48,95267487","509,1",1,7,"463,98","958,75","32,25","2,2637","-4,0772","-0,5732","0,0918",0,"-0,8005","1,5908","0,0571","7,2425","0,2402","-0,0674","0,9385","-2,1823","0,7787","-8,5979","-128,8357","8,6058","62,6211","-4,93","-13,45","-172,73",1,,,,
198625,143951,"-21,9416008","-48,95267487","509,1",1,7,"464,08","958,74","32,26","2,2654","-4,0772","-0,6606","0,1247",0,"-2,4535","1,664","0,0571","7,3987","0,2056","-0,0547","0,959","-0,414","1,8762","4,329","-127,7128","8,2209","62,3185","-4,72","-13,19","-174,43",1,,,,
198672,143951,"-21,9416008","-48,95267487","509,1",1,7,"464,08","958,74","32,26","2,2678","-4,0772","-0,7055","0,1583",0,"-2,2391","1,7043","0,0571","7,3942","0,2285","-0,042","0,9463","0,1348","-0,2579","-0,4881","-129,9738","8,2481","63,1381","-4,66","-13,14","-174,64",1,,,,
198772,143951,"-21,9416008","-48,95267487","509,1",1,7,"464,08","958,74","32,26","2,2708","-4,0772","-0,7167","0,1921",0,"-1,2991","1,7269","0,0571","7,3908","0,2261","-0,0586","0,9497","-1,8774","-1,3555","-0,2442","-128,2616","8,5741","62,0985","-4,61","-13,11","-174,75",1,,,,
198872,143951,"-21,9416008","-48,95267487","509,1",1,7,"464,08","958,74","32,26","2,2744","-4,0772","-0,7138","0,2248",0,"-0,4645","1,6836","0,0571","7,3659","0,209","-0,0571","0,9473","1,2323","1,2665","3,2924","-129,3895","7,7952","62,087","-4,63","-13,16","-174,69",1,,,,
198972,143951,"-21,9416008","-48,95267487","509,1",1,7,"464,08","958,74","32,26","2,2786","-4,0772","-0,7085","0,2575",0,"0,0171","1,7104","0,0571","7,3987","0,2349","-0,0562","0,9492","-1,3896","-1,8433","-4,5125","-128,1313","8,0141","62,1921","-4,62","-13,16","-174,62",1,,,,
199125,143952,"-21,9416008","-48,95267487","509,1",1,7,"464,08","958,74","32,28","2,2832","-4,0772","-0,7028","0,2895",0,"0,264","1,7001","0,0571","7,3769","0,2197","-0,0508","0,9463","-0,8409","1,3274","-1,5857","-128,2687","8,594","62,3527","-4,59","-13,22","-174,81",1,,,,
199172,143952,"-21,9416008","-48,95267487","509,1",1,7,"464,08","958,74","32,28","2,2884","-4,0772","-0,7004","0,3211",0,"0,3","1,7209","0,0571","7,3703","0,2256","-0,0527","0,9434","-2,1823","-1,1726","5,0607","-128,6718","9,1299","62,012","-4,59","-13,3","-175,05",1,,,,
199272,143952,"-21,9416008","-48,95267487","509,1",1,7,"464,08","958,74","32,28","2,2939","-4,0772","-0,6997","0,3518",0,"0,2704","1,7153","0,0571","7,3598","0,2163","-0,0615","0,9482","0,8055","-1,9043","-1,6466","-128,4112","8,0101","62,1992","-4,66","-13,34","-175,04",1,,,,
199372,143952,"-21,9416008","-48,95267487","509,1",1,7,"464,08","958,74","32,28","2,2998","-4,0772","-0,6997","0,3819",0,"0,238","1,7416","0,0571","7,3932","0,2275","-0,0337","0,9521","-1,2067","-0,197","-4,2686","-129,7997","8,351","62,0005","-4,68","-13,44",-175,1,,,,
199472,143952,"-21,9416008","-48,95267487","509,1",1,7,"464,08","958,74","32,28","2,306","-4,0772","-0,6999","0,4121",0,"0,2183","1,8051","0,0571","7,4119","0,2358","-0,0752","0,957","-0,9018","-1,0506","3,8412","-129,3884","8,5777","62,3811","-4,61","-13,56","-175,18",1,,,,
199625,143952,"-21,9416008","-48,95267487","509,1",1,7,"464,44","958,7","32,26","2,3124","-4,0772","-0,9901","0,4397",0,"-7,4003","1,7547","0,0571","7,416","0,2222","-0,0586","0,9502","-0,2311","-0,014","-2,0735","-129,1167","7,8192","62,3341","-4,62","-13,63","-175,18",1,,,,
199672,143952,"-21,9416008","-48,95267487","509,1",1,7,"464,44","958,7","32,26","2,3189","-4,0772","-1,0803","0,4657",0,"-5,7689","1,7519","0,0571","7,425","0,2231","-0,0391","0,9526","1,1104","-1,5994","-3,9027","-128,7013","8,4272","62,7347","-4,62","-13,67","-175,14",1,,,,
199772,143952,"-21,9416008","-48,95267487","509,1",1,7,"464,44","958,7","32,26","2,3254","-4,0772","-1,0915","0,4895",0,"-2,9128","1,7386","0,0571","7,4069","0,2231","-0,0376","0,9429","-1,5726","-1,6604","-3,9027","-128,6759","8,7486","61,992","-4,52","-13,7","-175,28",1,,,,
199872,143952,"-21,9416008","-48,95267487","509,1",1,7,"464,44","958,7","32,26","2,3317","-4,0772","-1,0822","0,512",0,"-1,0173","1,7716","0,0571","7,4475","0,2314","-0,0645","0,9658","-1,1457","-0,2579","6,2192","-128,8154","7,7634","61,5643","-4,44","-13,76","-175,52",1,,,,
199972,143952,"-21,9416008","-48,95267487","509,1",1,7,"464,44","958,7","32,26","2,3379","-4,0772","-1,0729","0,5315",0,"-0,1221","1,7225","0,0571","7,4144","0,2202","-0,062","0,9365","-0,2921","-1,2335","3,9631","-128,3806","9,4953","61,7706","-4,5","-13,79","-175,36",1,,,,
200125,143953,"-21,9416008","-48,95267487","509,1",1,7,"464,32","958,71","32,27","2,3437","-4,0772","-0,9717","0,5492",0,"2,7366","1,7444","0,0571","7,3782","0,229","-0,0454","0,9424","-3,1579","0,047","-6,4637","-129,0861","9,3044","61,9055","-4,56","-13,78","-175,09",1,,,,
200172,143953,"-21,9416008","-48,95267487","509,1",1,7,"464,32","958,71","32,27","2,3492","-4,0772","-0,9411","0,5647",0,"2,201","1,7476","0,0571","7,3338","0,2241","-0,0425","0,9307","-2,4262","0,2909","1,5851","-129,1014","8,5618","62,1198","-4,58","-13,8","-175,12",1,,,,
200272,143953,"-21,9416008","-48,95267487","509,1",1,7,"464,32","958,71","32,27","2,3435","-4,0772","-0,9454","0,017",0,"0,0426","1,7288","0,0571","7,4222","0,2134","-0,0649","0,9595","0,0738","-1,0506","6,3412","-128,8255","8,1846","62,0927","-4,64","-13,8","-175,17",1,,,,
200372,143953,"-21,9416008","-48,95267487","509,1",1,7,"464,32","958,71","32,27","2,3378","-4,0772","-0,9461","0,0201",0,"0,1161","1,7931","0,0571","7,4997","0,2373","-0,0215","0,9595","0,2567","0,047","-2,2564","-128,97","8,7844","62,5076","-4,73","-13,78","-174,92",1,,,,
200472,143953,"-21,9416008","-48,95267487","509,1",1,7,"464,32","958,71","32,27","2,3322","-4,0772","-0,9461","0,0216",0,"0,13","1,781","0,0571","7,4313","0,229","-0,0366","0,9438","0,5006","0,5957","-4,2686","-129,2327","8,3392","61,732","-4,69","-13,76","-174,81",1,,,,
200748,143953,"-21,9416008","-48,95267487","509,1",1,7,"464,08","958,74","32,27","2,3267","-4,0772","-0,8229","0,0233",0,"1,3736","1,7927","0,0571","7,4087","0,2324","-0,0474","0,9546","-0,6579","-0,9896","-2,9881","-128,9629","8,7645","62,2533","-4,37","-13,78","-175,34",1,,,,
200795,143953,"-21,9416008","-48,95267487","509,1",1,7,"464,08","958,74","32,27","2,3215","-4,0772","-0,7691","0,0245",0,"0,5773","1,78","0,0571","7,44","0,2236","-0,0488","0,9595","0,5006","1,3274","-2,3174","-128,2585","8,1728","61,8243","-4,32","-13,77","-175,41",1,,,,
200895,143953,"-21,9416008","-48,95267487","509,1",1,7,"464,08","958,74","32,27","2,3165","-4,0772","-0,7422","0,0258",0,"0,3204","1,7824","0,0571","7,4488","0,231","-0,0547","0,9546","-1,0848","0,047","-0,1223","-128,8174","8,9472","62,1327","-4,3","-13,75","-175,55",1,,,,
200995,143953,"-21,9416008","-48,95267487","509,1",1,7,"464,08","958,74","32,27","2,3118","-4,0772","-0,7272","0,0273",0,"0,2244","1,7999","0,0571","7,4355","0,2358","-0,0454","0,9473","-1,5116","0,2299","-0,6101","-129,6949","7,4697","62,8368","-4,35","-13,71","-175,61",1,,,,
201095,143954,"-21,9416008","-48,95267487","509,1",1,7,"464,08","958,74","32,27","2,3073","-4,0772","-0,7183","0,0281",0,"0,1847","1,7901","0,0571","7,44","0,231","-0,0586","0,9517","-0,1091","1,5104","-3,9637","-128,8326","8,2046","62,347","-4,4","-13,7","-175,61",1,,,,
201248,143954,"-21,9416008","-48,95267487","509,1",1,7,"464,32","958,71","32,3","2,3032","-4,0772","-0,7815","0,0285",0,"-0,1171","1,7645","0,0571","7,4606","0,2153","-0,0073","0,9634","-0,475","0,1079","-1,4027","-129,5381","8,0137","62,4819","-4,34","-13,7","-175,83",1,,,,
201295,143954,"-21,9416008","-48,95267487","509,1",1,7,"464,32","958,71","32,3","2,2993","-4,0772","-0,8232","0,0297",0,"-0,0063","1,7846","0,0571","7,4404","0,2319","-0,0317","0,9473","0,5616","-0,9896","6,829","-129,6918","7,0684","62,5626","-4,21","-13,72","-176,1",1,,,,
201395,143954,"-21,9416008","-48,95267487","509,1",1,7,"464,32","958,71","32,3","2,2957","-4,0772","-0,8519","0,0307",0,"0,0515","1,8027","0,0571","7,3474","0,2344","-0,0635","0,9238","0,0738","-0,6238","7,8046","-128,9528","8,3433","61,7249","-4,14","-13,76","-176,04",1,,,,
201495,143954,"-21,9416008","-48,95267487","509,1",1,7,"464,32","958,71","32,3","2,2923","-4,0772","-0,8721","0,0301",0,"0,0868","1,7432","0,0571","7,4254","0,2173","-0,021","0,9658","-2,2433","-0,075","-3,354","-128,8245","8,9672","62,3869","-4,16","-13,8","-175,64",1,,,,
201595,143954,"-21,9416008","-48,95267487","509,1",1,7,"464,32","958,71","32,3","2,2892","-4,0772","-0,8868","0,0311",0,"0,1063","1,7633","0,0571","7,3999","0,231","-0,0571","0,9473","-1,5116","1,3274","-2,6223","-129,2683","8,439","63,0032","-4,17","-13,77","-175,52",1,,,,
201748,143954,"-21,9416008","-48,95267487","509,1",1,7,"464,18","958,72","32,3","2,2863","-4,0772","-0,869","0,0307",0,"0,1873","1,7235","0,0571","7,4394","0,2202","-0,0576","0,9536","0,5006","-1,4774","0,9143","-128,1272","8,3954","62,212","-4,19","-13,7","-175,66",1,,,,
201795,143954,"-21,9416008","-48,95267487","509,1",1,7,"464,18","958,72","32,3","2,2836","-4,0772","-0,8554","0,0318",0,"0,1758","1,7588","0,0571","7,4629","0,2329","-0,0532","0,96","-0,9628","-1,3555","-1,9515","-128,2656","8,1928","62,0785","-4,2","-13,69","-175,72",1,,,,
201895,143954,"-21,9416008","-48,95267487","509,1",1,7,"464,18","958,72","32,3","2,2811","-4,0772","-0,8448","0,0326",0,"0,1669","1,7806","0,0571","7,4193","0,2305","-0,0552","0,9438","-1,6335","0,047","2,2558","-129,2347","9,523","62,3004","-4,21","-13,74","-175,7",1,,,,
201995,143954,"-21,9416008","-48,95267487","509,1",1,7,"464,18","958,72","32,3","2,2788","-4,0772","-0,8365","0,0322",0,"0,1621","1,7427","0,0571","7,4451","0,2085","-0,0581","0,9517","0,6226","1,5713","4,146","-127,9765","9,742","62,4055","-4,3","-13,78","-175,51",1,,,,
202095,143954,"-21,9416008","-48,95267487","509,1",1,7,"464,18","958,72","32,3","2,2767","-4,0772","-0,8298","0,0324",0,"0,158","1,7384","0,0571","7,4309","0,228","-0,0552","0,9531","0,0128","-2,0262","-2,6223","-129,251","7,9978","62,2205","-4,38","-13,72","-175,22",1,,,,
202248,143954,"-21,9416008","-48,95267487","509,1",1,7,"463,84","958,76","32,29","2,2748","-4,0772","-0,7627","0,0324",0,"0,2644","1,7276","0,0571","7,4376","0,2217","-0,0322","0,9526","-0,0482","-0,075","-0,4881","-128,8143","8,5459","61,8585","-4,38","-13,72","-175,19",1,,,,
202295,143954,"-21,9416008","-48,95267487","509,1",1,7,"463,84","958,76","32,29","2,2729","-4,0772","-0,7087","0,0325",0,"0,2379","1,7229","0,0571","7,4214","0,2197","-0,0342","0,9463","-1,4506","-1,2335","3,2314","-128,9538","7,5607","61,4308","-4,3","-13,77","-175,32",1,,,,
202395,143954,"-21,9416008","-48,95267487","509,1",1,7,"463,84","958,76","32,29","2,2712","-4,0772","-0,6649","0,0327",0,"0,2192","1,7225","0,0571","7,4582","0,2222","-0,0532","0,9585","0,6226","-0,9287","-0,732","-128,5405","9,3525","62,3997","-4,25","-13,81","-175,34",1,,,,
202495,143954,"-21,9416008","-48,95267487","509,1",1,7,"463,84","958,76","32,29","2,2697","-4,0772","-0,6292","0,0335",0,"0,2036","1,7539","0,0571","7,4179","0,2261","-0,0586","0,9482","-2,4872","-1,2335","-5,0613","-129,3803","9,3403","62,4211","-4,2","-13,86","-175,36",1,,,,
202595,143954,"-21,9416008","-48,95267487","509,1",1,7,"463,84","958,76","32,29","2,2682","-4,0772","-0,6","0,0334",0,"0,1924","1,7447","0,0571","7,4203","0,2256","-0,0386","0,9482","-0,9018","1,3884","1,5851","-128,8286","8,5859","62,3669","-4,13","-13,92","-175,66",1,,,,
202875,143954,"-21,9416008","-48,95267487","509,1",1,7,"464,32","958,71","32,28","2,2669","-4,0772","-0,6576","0,0342",0,"0,0563","1,7767","0,0571","7,4224","0,2324","-0,0474","0,9487","0,7445","-1,7213","-7,6832","-129,8181","8,0096","62,489","-4,36","-13,8","-175,45",1,,,,
202922,143954,"-21,9416008","-48,95267487","509,1",1,7,"464,32","958,71","32,28","2,2657","-4,0772","-0,705","0,034",0,"0,0732","1,7602","0,0571","7,428","0,2207","-0,0557","0,9521","0,5616","-0,5628","-10,3662","-128,5385","8,1687","61,8314","-4,4","-13,78","-175,37",1,,,,
203022,143956,"-21,9416008","-48,95267487","509,1",1,7,"464,32","958,71","32,28","2,2645","-4,0772","-0,7441","0,0331",0,"0,0861","1,7094","0,0571","7,4046","0,2129","-0,0576","0,9521","0,1957","0,9006","3,5973","-128,684","7,986","61,9521","-4,33","-13,81","-175,59",1,,,,
203122,143956,"-21,9416008","-48,95267487","509,1",1,7,"464,32","958,71","32,28","2,2634","-4,0772","-0,7765","0,0332",0,"0,0971","1,7124","0,0571","7,4188","0,2251","-0,0503","0,9517","-1,9994","1,3884","8,2314","-128,5618","9,4124","63,1624","-4,28","-13,73","-175,61",1,,,,
203222,143956,"-21,9416008","-48,95267487","509,1",1,7,"464,32","958,71","32,28","2,2624","-4,0772","-0,8034","0,0331",0,"0,1054","1,7017","0,0571","7,4003","0,209","-0,0796","0,9434","-2,5482","-2,8189","1,5241","-128,9823","7,6406","62,4477","-4,41","-13,55","-175,07",1,,,,
203375,143956,"-21,9416008","-48,95267487","509,1",1,7,"464,59","958,68","32,28","2,2615","-4,0772","-0,871","0,0333",0,"0,0452","1,7078","0,0571","7,4221","0,2241","-0,042","0,959","1,2323","0,7177","-4,8784","-128,573","9,0511","63,3967","-4,59","-13,47","-174,64",1,,,,
203422,143956,"-21,9416008","-48,95267487","509,1",1,7,"464,59","958,68","32,28","2,2606","-4,0772","-0,9273","0,0344",0,"0,0624","1,7593","0,0571","7,412","0,2368","-0,0576","0,9468","0,5006","-0,197","-4,8784","-129,1369","8,6616","63,3909","-4,61","-13,44","-174,62",1,,,,
203522,143956,"-21,9416008","-48,95267487","509,1",1,7,"464,59","958,68","32,28","2,2598","-4,0772","-0,974","0,0344",0,"0,0769","1,7589","0,0571","7,4242","0,2295","-0,0596","0,9536","1,5372","0,1079","0,3046","-128,8438","7,8432","62,5812","-4,49","-13,47","-174,89",1,,,,
203622,143956,"-21,9416008","-48,95267487","509,1",1,7,"464,59","958,68","32,28","2,2591","-4,0772","-1,013","0,0345",0,"0,0892","1,7586","0,0571","7,4496","0,2227","-0,0469","0,9575","-0,7799","-1,1116","-5,4271","-129,5218","9,5389","62,5617","-4,34","-13,53","-175,11",1,,,,
203722,143956,"-21,9416008","-48,95267487","509,1",1,7,"464,59","958,68","32,28","2,2584","-4,0772","-1,0454","0,0349",0,"0,0992","1,7754","0,0571","7,4608","0,2246","-0,0557","0,9663","-0,9628","0,047","2,1338","-128,684","7,986","61,9521","-4,21","-13,59","-175,27",1,,,,
203875,143956,"-21,9416008","-48,95267487","509,1",1,7,"464,18","958,72","32,29","2,2577","-4,0772","-1,0048","0,0351",0,"0,2073","1,7873","0,0571","7,483","0,2266","-0,0537","0,9658","-1,8165","0,9006","4,9387","-129,2399","8,3592","61,9863","-4,21","-13,59","-175,18",1,,,,
203922,143956,"-21,9416008","-48,95267487","509,1",1,7,"464,18","958,72","32,29","2,2571","-4,0772","-0,9709","0,0352",0,"0,1968","1,7905","0,0571","7,4618","0,2285","-0,0298","0,9492","-0,9628","-1,8433","3,0485","-128,4041","7,9901","61,945","-4,35","-13,58","-174,82",1,,,,
204022,143957,"-21,9416008","-48,95267487","509,1",1,7,"464,18","958,72","32,29","2,2566","-4,0772","-0,9427","0,0364",0,"0,1886","1,8443","0,0571","7,4664","0,2314","-0,0312","0,9487","-1,0848","-0,9896","-1,4637","-129,8363","7,6683","62,9775","-4,46","-13,55","-174,52",1,,,,
204122,143957,"-21,9416008","-48,95267487","509,1",1,7,"464,18","958,72","32,29","2,2561","-4,0772","-0,9191","0,0351",0,"0,1816","1,7804","0,0571","7,4582","0,2227","-0,0791","0,9473","-1,7555","-0,014","0,5485","-129,2388","9,1417","62,2804","-4,48","-13,52","-174,44",1,,,,
204222,143957,"-21,9416008","-48,95267487","509,1",1,7,"464,18","958,72","32,29","2,2556","-4,0772","-0,8994","0,0342",0,"0,1758","1,7333","0,0571","7,4576","0,2173","-0,0557","0,9521","0,1348","2,1201","-2,0125","-129,3966","7,8151","62,3412","-4,51","-13,51","-174,42",1,,,,
204375,143957,"-21,9416008","-48,95267487","509,1",1,7,"464,08","958,74","32,3","2,2551","-4,0772","-0,866","0,0351",0,"0,1954","1,7766","0,0571","7,4312","0,231","-0,043","0,9409","-1,1457","0,4128","-1,4637","-128,7084","8,4472","62,9889","-4,46","-13,52","-174,58",1,,,,
204422,143957,"-21,9416008","-48,95267487","509,1",1,7,"464,08","958,74","32,3","2,2547","-4,0772","-0,8381","0,0353",0,"0,1871","1,7845","0,0571","7,4213","0,229","-0,0625","0,9478","-1,6945","0,5957","4,146","-128,5354","7,7675","61,5572","-4,37","-13,52","-174,8",1,,,,
204522,143957,"-21,9416008","-48,95267487","509,1",1,7,"464,08","958,74","32,3","2,2543","-4,0772","-0,8148","0,0341",0,"0,1805","1,7249","0,0571","7,4298","0,2124","-0,064","0,9526","-0,2311","1,3884","-1,2198","-128,118","9,9406","62,5461","-4,37","-13,46","-174,83",1,,,,
204622,143957,"-21,9416008","-48,95267487","509,1",1,7,"464,08","958,74","32,3","2,2539","-4,0772","-0,7954","0,0348",0,"0,1757","1,7584","0,0571","7,4715","0,2275","-0,0405","0,9678","0,1348","-0,075","-2,6223","-128,119","9,158","62,252","-4,43","-13,34","-174,83",1,,,,
204722,143957,"-21,9416008","-48,95267487","509,1",1,7,"464,08","958,74","32,3","2,2536","-4,0772","-0,7791","0,0351",0,"0,1705","1,7736","0,0571","7,447","0,2285","-0,0537","0,9487","0,5006","3,5226","1,4631","-128,1201","8,3755","61,9578","-4,41","-13,27",-175,1,,,,
205059,143957,"-21,9416008","-48,95267487","509,1",1,7,"464,59","958,68","32,3","2,2532","-4,0772","-0,8499","0,0354",0,"0,0427","1,7858","0,0571","7,4235","0,2344","-0,0562","0,9531","-0,0482","1,1445","1,0973","-128,5506","9,7737","62,9281","-4,5",-13,"-174,8",1,,,,
205106,143957,"-21,9416008","-48,95267487","509,1",1,7,"464,59","958,68","32,3","2,2529","-4,0772","-0,909","0,0358",0,"0,0595","1,8082","0,0571","7,4087","0,2349","-0,0479","0,9453","0,8055","1,2055","3,6582","-128,2656","8,1928","62,0785","-4,53","-12,95","-174,68",1,,,,
205206,143957,"-21,9416008","-48,95267487","509,1",1,7,"464,59","958,68","32,3","2,2527","-4,0772","-0,9584","0,0353",0,"0,0743","1,7788","0,0571","7,4372","0,2192","-0,0513","0,96","-0,2311","0,7787","1,768","-129,3925","8,1964","62,3612","-4,56","-12,87","-174,44",1,,,,
205306,143957,"-21,9416008","-48,95267487","509,1",1,7,"464,59","958,68","32,3","2,2524","-4,0772","-0,9997","0,0349",0,"0,0857","1,7585","0,0571","7,4118","0,2183","-0,0527","0,9473","-1,0848","-0,9896","-2,4393","-130,098","8,0055","62,4961","-4,56","-12,83","-174,3",1,,,,
205406,143957,"-21,9416008","-48,95267487","509,1",1,7,"464,59","958,68","32,3","2,2522","-4,0772","-1,0341","0,0352",0,"0,0956","1,7741","0,0571","7,4098","0,2256","-0,0581","0,9478","-1,7555","0,1079","0,4875","-128,9782","8,0219","62,4676","-4,58","-12,87","-174,38",1,,,,
205559,143957,"-21,9416008","-48,95267487","509,1",1,7,"464,59","958,68","32,32","2,2519","-4,0772","-1,0629","0,0344",0,"0,1039","1,7355","0,0571","7,4087","0,2188","-0,0542","0,9487","-0,414","2,486","1,0363","-128,9629","8,7645","62,2533","-4,62","-12,91","-174,44",1,,,,
205606,143957,"-21,9416008","-48,95267487","509,1",1,7,"464,59","958,68","32,32","2,2517","-4,0772","-1,087","0,0342",0,"0,1098","1,7241","0,0571","7,3581","0,2183","-0,0547","0,9316","-0,414","0,047","-1,6466","-128,4173","8,8126","62,7476","-4,63","-12,89","-174,43",1,,,,
205706,143957,"-21,9416008","-48,95267487","509,1",1,7,"464,59","958,68","32,32","2,2515","-4,0772","-1,1071","0,0355",0,"0,116","1,7862","0,0571","7,3785","0,2378","-0,0493","0,9478","-0,414","-1,4774","-2,6832","-128,5456","8,1887","62,0856","-4,6","-12,84","-174,51",1,,,,
205806,143957,"-21,9416008","-48,95267487","509,1",1,7,"464,59","958,68","32,32","2,2513","-4,0772","-1,1239","0,0357",0,"0,1212","1,7947","0,0571","7,3958","0,2358","-0,0562","0,9458","1,6591","0,8396","1,4021","-128,1231","8,7767","62,232","-4,55","-12,87","-174,72",1,,,,
205906,143957,"-21,9416008","-48,95267487","509,1",1,7,"464,59","958,68","32,32","2,2511","-4,0772","-1,1379","0,0353",0,"0,1251","1,7746","0,0571","7,3892","0,23","-0,0483","0,9424","-0,6579","0,9006","1,2802","-128,97","8,7844","62,5076","-4,5","-12,91","-174,78",1,,,,
206059,143959,"-21,9416008","-48,95267487","509,1",1,7,"464,44","958,7","32,35","2,251","-4,0772","-1,1244","0,0344",0,"0,1653","1,7302","0,0571","7,3858","0,2227","-0,0723","0,9468","-1,6335","-1,4165","1,646","-127,6874","8,5423","61,5758","-4,52","-12,91","-174,68",1,,,,
206106,143959,"-21,9416008","-48,95267487","509,1",1,7,"464,44","958,7","32,35","2,2508","-4,0772","-1,1131","0,034",0,"0,162","1,7118","0,0571","7,3852","0,2153","-0,0522","0,9463","-0,9628","-1,5994","-0,5491","-128,9935","7,2792","62,6819","-4,59","-12,97","-174,56",1,,,,
206206,143959,"-21,9416008","-48,95267487","509,1",1,7,"464,44","958,7","32,35","2,2507","-4,0772","-1,1037","0,0354",0,"0,1597","1,7811","0,0571","7,4058","0,231","-0,063","0,9546","1,1104","1,0835","1,8899","-128,2758","8,614","62,6069","-4,67","-13,03","-174,48",1,,,,
206306,143959,"-21,9416008","-48,95267487","509,1",1,7,"464,44","958,7","32,35","2,2506","-4,0772","-1,0958","0,0354",0,"0,1567","1,7776","0,0571","7,3656","0,2261","-0,0513","0,9375","-0,414","-1,4774","-0,2442","-128,7043","8,8285","63,0089","-4,72","-13,02","-174,37",1,,,,
206406,143959,"-21,9416008","-48,95267487","509,1",1,7,"464,44","958,7","32,35","2,2504","-4,0772","-1,0893","0,0356",0,"0,1555","1,7881","0,0571","7,4019","0,2251","-0,0474","0,9541","0,5006","-0,3799","-0,2442","-128,8398","8,2245","62,6012","-4,71","-13,04","-174,25",1,,,,
206559,143959,"-21,9416008","-48,95267487","509,1",1,7,"464,18","958,72","32,36","2,2503","-4,0772","-1,0412","0,0366",0,"0,2163","1,8394","0,0571","7,4049","0,2397","-0,0449","0,9546","-2,2433","3,0348","-1,1588","-128,5476","9,3725","62,6539","-4,61","-13,1","-174,23",1,,,,
206606,143959,"-21,9416008","-48,95267487","509,1",1,7,"464,18","958,72","32,36","2,2502","-4,0772","-1,001","0,0356",0,"0,2047","1,7882","0,0571","7,4057","0,2153","-0,0449","0,9487","-3,7067","-1,7213","1,5851","-128,6983","8,0259","62,4605","-4,58","-13,12","-174,28",1,,,,
206706,143959,"-21,9416008","-48,95267487","509,1",1,7,"464,18","958,72","32,36","2,2502","-4,0772","-0,9675","0,0352",0,"0,1938","1,77","0,0571","7,3455","0,2227","-0,0444","0,9341","-0,9628","-0,9896","-3,171","-129,4068","8,2363","62,8696","-4,63","-13,09","-174,32",1,,,,
206806,143959,"-21,9416008","-48,95267487","509,1",1,7,"464,18","958,72","32,36","2,2501","-4,0772","-0,9394","0,0351",0,"0,1864","1,7631","0,0571","7,3788","0,2295","-0,0493","0,9482","-0,2311","1,9372","-1,0979","-127,8614","8,4394","62,7134","-4,63","-13,08","-174,44",1,,,,
206906,143959,"-21,9416008","-48,95267487","509,1",1,7,"464,18","958,72","32,36","2,25","-4,0772","-0,916","0,0346",0,"0,1794","1,7374","0,0571","7,3652","0,2168","-0,0459","0,9395","-1,3287","0,3518","0,7924","-128,5587","9,0112","62,8882","-4,56","-13,06","-174,62",1,,,,
207198,144000,"-21,9416008","-48,95267487","509,1",1,7,"464,44","958,7","32,35","2,2499","-4,0772","-0,939","0,0352",0,"0,1125","1,7685","0,0571","7,4172","0,23","-0,0493","0,9517","-0,0482","-1,2335","3,3534","-127,8177","9,1022","61,4822","-4,76","-13,1","-174,64",1,,,,
207245,144000,"-21,9416008","-48,95267487","509,1",1,7,"464,44","958,7","32,35","2,2499","-4,0772","-0,9583","0,0348",0,"0,1189","1,7501","0,0571","7,4589","0,2192","-0,0469","0,9639","0,1957","-0,3799","1,5241","-127,7159","8,6221","62,5927","-4,82","-13,1","-174,58",1,,,,
207345,144000,"-21,9416008","-48,95267487","509,1",1,7,"464,44","958,7","32,35","2,2498","-4,0772","-0,9743","0,0342",0,"0,1233","1,7161","0,0571","7,4465","0,209","-0,0581","0,9541","-0,2921","2,7909","-0,1223","-129,2541","8,3991","62,4947","-4,87","-13,12","-174,41",1,,,,
207445,144000,"-21,9416008","-48,95267487","509,1",1,7,"464,44","958,7","32,35","2,2497","-4,0772","-0,9877","0,0348",0,"0,1264","1,7492","0,0571","7,4077","0,23","-0,043","0,9443","-1,3287","0,6567","-3,5369","-128,2829","8,6339","62,8611","-4,88","-13,04","-174,32",1,,,,
207545,144000,"-21,9416008","-48,95267487","509,1",1,7,"464,44","958,7","32,35","2,2497","-4,0772","-0,999","0,0352",0,"0,1292","1,768","0,0571","7,3886","0,2295","-0,0425","0,9351","-2,2433","0,1079","1,2192","-130,3525","8,3229","61,7605","-4,86","-12,99","-174,4",1,,,,
207698,144000,"-21,9416008","-48,95267487","509,1",1,7,"464,32","958,71","32,34","2,2497","-4,0772","-0,9888","0,0357",0,"0,1608","1,7917","0,0571","7,4013","0,2231","-0,0562","0,9487","-2,3652","1,8152","1,1582","-128,6942","8,4072","62,4805","-4,91","-12,99","-174,42",1,,,,
207745,144000,"-21,9416008","-48,95267487","509,1",1,7,"464,32","958,71","32,34","2,2496","-4,0772","-0,9803","0,0352",0,"0,1585","1,7649","0,0571","7,4118","0,2188","-0,0469","0,9517","-0,475","-1,4165","-2,3174","-129,4037","7,8351","62,5954","-5,03","-12,99","-174,39",1,,,,
207845,144000,"-21,9416008","-48,95267487","509,1",1,7,"464,32","958,71","32,34","2,2496","-4,0772","-0,9731","0,0352",0,"0,157","1,7688","0,0571","7,4396","0,2319","-0,0444","0,9575","-1,3896","-0,8067","1,0363","-128,9741","8,4032","62,4876","-5,11","-13,01","-174,4",1,,,,
207945,144000,"-21,9416008","-48,95267487","509,1",1,7,"464,32","958,71","32,34","2,2496","-4,0772","-0,9672","0,0351",0,"0,1545","1,7608","0,0571","7,398","0,2207","-0,0474","0,9463","0,1957","2,9128","2,0729","-128,7043","8,8285","63,0089","-5,12","-13,02","-174,42",1,,,,
208045,144000,"-21,9416008","-48,95267487","509,1",1,7,"464,32","958,71","32,34","2,2495","-4,0772","-0,9622","0,0349",0,"0,153","1,7535","0,0571","7,3957","0,2158","-0,0659","0,9463","0,7445","-0,075","-0,3052","-127,2985","8,0463","62,425","-5,09","-12,91","-174,37",1,,,,
208198,144000,"-21,9416008","-48,95267487","509,1",1,7,"464,44","958,7","32,35","2,2495","-4,0772","-0,9777","0,0349",0,"0,1237","1,7513","0,0571","7,421","0,2207","-0,0498","0,9614","0,0128","0,4738","-1,0979","-129,1034","9,7456","62,6881","-5,03","-12,87","-174,37",1,,,,
208245,144000,"-21,9416008","-48,95267487","509,1",1,7,"464,44","958,7","32,35","2,2495","-4,0772","-0,9905","0,035",0,"0,1269","1,7567","0,0571","7,3955","0,2256","-0,0415","0,9414","-2,3043","0,047","0,0607","-128,8337","7,422","62,0528","-4,95","-12,92","-174,45",1,,,,
208345,144000,"-21,9416008","-48,95267487","509,1",1,7,"464,44","958,7","32,35","2,2495","-4,0772","-1,0013","0,0357",0,"0,1302","1,7905","0,0571","7,4044","0,2314","-0,0435","0,9473","-0,1091","1,9372","0,9143","-129,528","7,5925","61,9535","-4,9","-12,95","-174,52",1,,,,
208445,144000,"-21,9416008","-48,95267487","509,1",1,7,"464,44","958,7","32,35","2,2495","-4,0772","-1,0103","0,0349",0,"0,1327","1,7509","0,0571","7,3981","0,2168","-0,0503","0,9512","-0,8409","-0,014","-1,5857","-128,2839","7,8514","62,567","-4,9","-12,95","-174,53",1,,,,
208545,144000,"-21,9416008","-48,95267487","509,1",1,7,"464,44","958,7","32,35","2,2495","-4,0772","-1,0178","0,0355",0,"0,1344","1,7796","0,0571","7,3791","0,2349","-0,0562","0,9468","0,0128","0,9006","0,0607","-128,5598","8,2286","62,5941","-4,9","-12,98","-174,6",1,,,,
208698,144000,"-21,9416008","-48,95267487","509,1",1,7,"464,74","958,66","32,35","2,2495","-4,0772","-1,0736","0,0352",0,"0,0645","1,7632","0,0571","7,4162","0,2197","-0,0537","0,9526","1,1104","-1,5994","1,8899","-128,5639","7,8473","62,5741","-4,89","-12,97","-174,71",1,,,,
208745,144000,"-21,9416008","-48,95267487","509,1",1,7,"464,74","958,66","32,35","2,2495","-4,0772","-1,1202","0,0351",0,"0,0781","1,7622","0,0571","7,4251","0,2246","-0,042","0,9526","-1,5726","-0,3799","1,8899","-129,814","8,3909","62,5089","-4,88","-12,99","-174,71",1,,,,
208845,144000,"-21,9416008","-48,95267487","509,1",1,7,"464,74","958,66","32,35","2,2495","-4,0772","-1,1592","0,035",0,"0,0897","1,7575","0,0571","7,4418","0,231","-0,0527","0,9561","-2,1823","-0,8067","-2,1345","-128,1129","8,3555","61,7036","-4,91","-13,07","-174,61",1,,,,
208945,144000,"-21,9416008","-48,95267487","509,1",1,7,"464,74","958,66","32,35","2,2495","-4,0772","-1,1917","0,0353",0,"0,0986","1,7712","0,0571","7,4167","0,2285","-0,0464","0,9458","-0,536","0,9006","0,3655","-128,5415","8,57","62,1056","-4,94","-13,24","-174,61",1,,,,
209045,144002,"-21,9416008","-48,95267487","509,1",1,7,"464,74","958,66","32,35","2,2495","-4,0772","-1,2189","0,0355",0,"0,1063","1,7807","0,0571","7,4145","0,2236","-0,0557","0,9492","-0,1091","1,2055","2,1948","-129,4068","8,2363","62,8696","-4,88","-13,35","-174,72",1,,,,
209321,144002,"-21,9416008","-48,95267487","509,1",1,7,"464,92","958,64","32,37","2,2496","-4,0772","-1,2712","0,0351",0,"0,0702","1,7594","0,0571","7,4385","0,2324","-0,0327","0,9517","-2,6091","-0,136","0,4265","-128,8611","8,2844","63,3638","-4,76","-13,26","-174,78",1,,,,
209368,144002,"-21,9416008","-48,95267487","509,1",1,7,"464,92","958,64","32,37","2,2496","-4,0772","-1,3148","0,0351",0,"0,0835","1,7581","0,0571","7,4752","0,2241","-0,042","0,9644","-0,1091","-0,3799","0,4875","-128,8458","9,027","63,1495","-4,76","-13,23","-174,78",1,,,,
209468,144002,"-21,9416008","-48,95267487","509,1",1,7,"464,92","958,64","32,37","2,2496","-4,0772","-1,3513","0,0344",0,"0,0939","1,7249","0,0571","7,4698","0,21","-0,062","0,9531","-0,475","0,2299","0,4265","-127,9928","8,2168","62,3256","-4,78","-13,2","-174,72",1,,,,
209568,144002,"-21,9416008","-48,95267487","509,1",1,7,"464,92","958,64","32,37","2,2496","-4,0772","-1,3818","0,0341",0,"0,1022","1,7075","0,0571","7,4499","0,2144","-0,0586","0,9507","-0,353","0,8396","-0,2442","-128,4254","8,05","62,7076","-4,82","-13,17","-174,64",1,,,,
209668,144002,"-21,9416008","-48,95267487","509,1",1,7,"464,92","958,64","32,37","2,2496","-4,0772","-1,4072","0,0351",0,"0,1094","1,7599","0,0571","7,4433","0,2344","-0,0493","0,9531","-0,414","1,5104","2,6216","-128,2839","7,8514","62,567","-4,84","-13,14","-174,62",1,,,,
209821,144002,"-21,9416008","-48,95267487","509,1",1,7,"464,59","958,68","32,4","2,2497","-4,0772","-1,3746","0,0346",0,"0,1947","1,7334","0,0571","7,4606","0,2163","-0,0381","0,9604","2,4518","-0,197","1,707","-128,8367","7,8233","62,327","-4,86","-13,07","-174,56",1,,,,
209868,144002,"-21,9416008","-48,95267487","509,1",1,7,"464,59","958,68","32,4","2,2497","-4,0772","-1,3474","0,0342",0,"0,1865","1,7126","0,0571","7,4404","0,2148","-0,0547","0,9473","0,6835","0,4128","0,0607","-128,8305","9,7697","62,9352","-4,83",-13,"-174,45",1,,,,
209968,144002,"-21,9416008","-48,95267487","509,1",1,7,"464,59","958,68","32,4","2,2497","-4,0772","-1,3246","0,0356",0,"0,1793","1,7848","0,0571","7,4094","0,2358","-0,0552","0,936","1,2933","-0,5018","-1,3418","-128,8367","7,8233","62,327","-4,72","-12,94","-174,36",1,,,,
210068,144003,"-21,9416008","-48,95267487","509,1",1,7,"464,59","958,68","32,4","2,2498","-4,0772","-1,3056","0,0363",0,"0,1735","1,8221","0,0571","7,3918","0,2368","-0,0425","0,9458","-1,0848","-0,9287","0,3655","-128,5669","8,2486","62,8483","-4,58","-12,95","-174,35",1,,,,
210168,144003,"-21,9416008","-48,95267487","509,1",1,7,"464,59","958,68","32,4","2,2498","-4,0772","-1,2897","0,0354",0,"0,1693","1,7751","0,0571","7,4133","0,2153","-0,0542","0,9434","0,0128","0,3518","-0,9759","-127,835","9,5434","62,2648","-4,54","-13,03","-174,36",1,,,,
210321,144003,"-21,9416008","-48,95267487","509,1",1,7,"464,74","958,66","32,39","2,2498","-4,0772","-1,3008","0,0349",0,"0,1297","1,7505","0,0571","7,4046","0,2158","-0,0498","0,9536","0,0128","-1,4774","0,4875","-129,0749","9,6658","61,6712","-4,54","-13,11","-174,35",1,,,,
210368,144003,"-21,9416008","-48,95267487","509,1",1,7,"464,74","958,66","32,39","2,2499","-4,0772","-1,31","0,0347",0,"0,1333","1,7389","0,0571","7,4501","0,2197","-0,0532","0,9639","0,8665","1,0226","-0,0613","-129,5228","8,7563","62,2676","-4,5","-13,2","-174,31",1,,,,
210468,144003,"-21,9416008","-48,95267487","509,1",1,7,"464,74","958,66","32,39","2,2499","-4,0772","-1,3178","0,0353",0,"0,135","1,7684","0,0571","7,4248","0,23","-0,0381","0,9458","-0,1701","2,303","1,5241","-128,5161","8,8914","61,3629","-4,45","-13,23","-174,29",1,,,,
210568,144003,"-21,9416008","-48,95267487","509,1",1,7,"464,74","958,66","32,39","2,25","-4,0772","-1,3242","0,0343",0,"0,1369","1,7178","0,0571","7,4277","0,2178","-0,0586","0,9482","-0,7189","-2,7579","-0,9759","-128,2809","7,4501","62,2928","-4,45","-13,21","-174,26",1,,,,
210668,144003,"-21,9416008","-48,95267487","509,1",1,7,"464,74","958,66","32,39","2,25","-4,0772","-1,3296","0,0341",0,"0,1393","1,7105","0,0571","7,4702","0,2148","-0,0532","0,9663","0,3177","2,425","-0,2442","-128,8387","9,0071","62,8953","-4,5","-13,24","-174,27",1,,,,
210821,144003,"-21,9416008","-48,95267487","509,1",1,7,"464,59","958,68","32,42","2,25","-4,0772","-1,3093","0,0349",0,"0,1763","1,7503","0,0571","7,4393","0,2241","-0,0508","0,9521","0,2567","-0,014","-0,854","-127,8595","7,2556","62,1451","-4,51","-13,21","-174,39",1,,,,
210868,144003,"-21,9416008","-48,95267487","509,1",1,7,"464,59","958,68","32,42","2,2501","-4,0772","-1,2924","0,035",0,"0,1713","1,7532","0,0571","7,4355","0,2246","-0,0488","0,9507","-2,975","-0,7457","2,0119","-128,8621","7,5019","63,0697","-4,5","-13,16","-174,54",1,,,,
210968,144003,"-21,9416008","-48,95267487","509,1",1,7,"464,59","958,68","32,42","2,2501","-4,0772","-1,2783","0,0347",0,"0,1664","1,7369","0,0571","7,3957","0,2251","-0,0542","0,9482","-0,536","-3,1848","-0,1223","-128,8245","8,9672","62,3869","-4,53","-13,15","-174,61",1,,,,
211068,144003,"-21,9416008","-48,95267487","509,1",1,7,"464,59","958,68","32,42","2,2502","-4,0772","-1,2665","0,0352",0,"0,1629","1,7628","0,0571","7,3913","0,2339","-0,0503","0,9448","0,6226","1,0226","0,3046","-128,97","8,7844","62,5076","-4,55","-13,26","-174,66",1,,,,
211168,144003,"-21,9416008","-48,95267487","509,1",1,7,"464,59","958,68","32,42","2,2502","-4,0772","-1,2566","0,0358",0,"0,1607","1,7949","0,0571","7,4233","0,2319","-0,0474","0,9482","-1,9994","0,3518","0,4265","-128,002","6,6717","61,9916","-4,54","-13,35","-174,65",1,,,,
211451,144003,"-21,9416008","-48,95267487","509,1",1,7,"464,59","958,68","32,44","2,2503","-4,0772","-1,2483","0,0363",0,"0,1582","1,8203","0,0571","7,4149","0,2344","-0,0425","0,9458","-0,1091","0,9616","2,3777","-129,1044","8,9631","62,394","-4,72","-13,4","-174,26",1,,,,
211498,144003,"-21,9416008","-48,95267487","509,1",1,7,"464,59","958,68","32,44","2,2504","-4,0772","-1,2414","0,0363",0,"0,1567","1,8209","0,0571","7,4371","0,231","-0,0454","0,957","-0,7799","1,8762","0,1826","-128,683","8,7686","62,2462","-4,74","-13,38","-174,16",1,,,,
211598,144003,"-21,9416008","-48,95267487","509,1",1,7,"464,59","958,68","32,44","2,2504","-4,0772","-1,2357","0,0351",0,"0,156","1,7573","0,0571","7,488","0,2129","-0,0532","0,9653","-1,8165","1,0226","-1,0369","-129,1126","8,2005","62,3541","-4,75","-13,35","-174,03",1,,,,
211698,144003,"-21,9416008","-48,95267487","509,1",1,7,"464,59","958,68","32,44","2,2505","-4,0772","-1,2309","0,0364",0,"0,1536","1,8261","0,0571","7,4377","0,2373","-0,0552","0,9473","0,9274","-0,3189","1,1582","-128,2697","7,8115","62,0585","-4,73","-13,35","-173,99",1,,,,
211798,144003,"-21,9416008","-48,95267487","509,1",1,7,"464,59","958,68","32,44","2,2505","-4,0772","-1,2268","0,0359",0,"0,1525","1,7981","0,0571","7,4413","0,2334","-0,0601","0,9463","-2,0604","0,9616","2,0119","-128,9599","8,3632","61,9792","-4,69","-13,34","-173,97",1,,,,
211951,144003,"-21,9416008","-48,95267487","509,1",1,7,"464,59","958,68","32,43","2,2506","-4,0772","-1,2239","0,0348",0,"0,1505","1,7444","0,0571","7,4188","0,2212","-0,04","0,9507","-0,1701","-0,3189","2,9265","-129,5228","8,7563","62,2676","-4,75","-13,31","-173,93",1,,,,
211998,144005,"-21,9416008","-48,95267487","509,1",1,7,"464,59","958,68","32,43","2,2506","-4,0772","-1,2215","0,0346",0,"0,15","1,7361","0,0571","7,4298","0,2202","-0,0459","0,9536","1,0494","-0,075","-0,3662","-128,6677","9,5112","62,0319","-4,81","-13,27","-173,86",1,,,,
212098,144005,"-21,9416008","-48,95267487","509,1",1,7,"464,59","958,68","32,43","2,2507","-4,0772","-1,2194","0,0358",0,"0,1491","1,7927","0,0571","7,4123","0,2397","-0,0547","0,9429","0,3787","0,5348","-1,2198","-128,7013","8,4272","62,7347","-4,81","-13,24","-173,8",1,,,,
212198,144005,"-21,9416008","-48,95267487","509,1",1,7,"464,59","958,68","32,43","2,2508","-4,0772","-1,2177","0,0355",0,"0,1491","1,7765","0,0571","7,4382","0,2241","-0,0493","0,9546","-1,6335","-1,4165","0,9753","-129,2693","7,6565","62,709","-4,79","-13,25","-173,83",1,,,,
212298,144005,"-21,9416008","-48,95267487","509,1",1,7,"464,59","958,68","32,43","2,2508","-4,0772","-1,2163","0,0349",0,"0,1475","1,7498","0,0571","7,3802","0,2222","-0,0605","0,9326","-0,8409","-0,6238","3,2924","-128,6871","8,3873","62,2263","-4,81","-13,29","-173,86",1,,,,
212451,144005,"-21,9416008","-48,95267487","509,1",1,7,"464,74","958,66","32,43","2,2509","-4,0772","-1,2395","0,0349",0,"0,1113","1,7497","0,0571","7,368","0,2256","-0,0586","0,9385","-1,2677","0,2909","-1,8905","-128,6983","8,0259","62,4605","-4,84","-13,34","-173,8",1,,,,
212498,144005,"-21,9416008","-48,95267487","509,1",1,7,"464,74","958,66","32,43","2,2509","-4,0772","-1,2588","0,0352",0,"0,1169","1,7628","0,0571","7,3699","0,228","-0,0493","0,9453","-0,597","0,7177","0,6704","-127,8584","8,0382","62,4392","-4,86","-13,38","-173,74",1,,,,
212598,144005,"-21,9416008","-48,95267487","509,1",1,7,"464,74","958,66","32,43","2,251","-4,0772","-1,275","0,0356",0,"0,1212","1,7847","0,0571","7,3479","0,2295","-0,0493","0,9316","-1,0848","0,7177","-1,1588","-128,8337","7,422","62,0528","-4,86","-13,34","-173,72",1,,,,
212698,144005,"-21,9416008","-48,95267487","509,1",1,7,"464,74","958,66","32,43","2,2511","-4,0772","-1,2885","0,0349",0,"0,1257","1,7492","0,0571","7,3825","0,2158","-0,0552","0,9478","0,0128","1,4494","0,5485","-129,2429","8,7604","62,2605","-4,87","-13,29","-173,76",1,,,,
212798,144005,"-21,9416008","-48,95267487","509,1",1,7,"464,74","958,66","32,43","2,2511","-4,0772","-1,2997","0,0349",0,"0,1298","1,751","0,0571","7,4236","0,2251","-0,0562","0,958","0,1348","0,2299","-0,9759","-128,5456","8,1887","62,0856","-4,87","-13,26","-173,82",1,,,,
212951,144005,"-21,9416008","-48,95267487","509,1",1,7,"464,44","958,7","32,45","2,2512","-4,0772","-1,2596","0,0342",0,"0,2046","1,7133","0,0571","7,4058","0,2144","-0,0552","0,9492","-1,2067","-0,4409","0,5485","-128,5568","7,8274","62,3199","-4,84","-13,24","-173,86",1,,,,
212998,144006,"-21,9416008","-48,95267487","509,1",1,7,"464,44","958,7","32,45","2,2512","-4,0772","-1,2261","0,0342",0,"0,195","1,7114","0,0571","7,4049","0,2192","-0,0386","0,9482","-1,8774","0,9616","-0,732","-128,571","7,8673","62,8283","-4,83","-13,23","-173,83",1,,,,
213098,144006,"-21,9416008","-48,95267487","509,1",1,7,"464,44","958,7","32,45","2,2513","-4,0772","-1,1981","0,0348",0,"0,1865","1,7423","0,0571","7,3843","0,2271","-0,0542","0,9443","-3,3409","0,047","2,1338","-128,4091","9,5752","62,7875","-4,86","-13,22","-173,8",1,,,,
213198,144006,"-21,9416008","-48,95267487","509,1",1,7,"464,44","958,7","32,45","2,2514","-4,0772","-1,1747","0,0354",0,"0,18","1,7721","0,0571","7,3979","0,2334","-0,0396","0,9507","0,9274","1,1445","-2,9271","-128,1384","8,0341","62,4463","-4,94","-13,21","-173,79",1,,,,
213298,144006,"-21,9416008","-48,95267487","509,1",1,7,"464,44","958,7","32,45","2,2514","-4,0772","-1,1552","0,0353",0,"0,1744","1,769","0,0571","7,3976","0,2168","-0,0566","0,9438","-0,536","-1,4774","0,7924","-128,3776","9,0941","61,4964","-4,89","-13,18","-173,89",1,,,,
213578,144006,"-21,9416008","-48,95267487","509,1",1,7,"464,74","958,66","32,45","2,2515","-4,0772","-1,1884","0,0353",0,"0,0977","1,7689","0,0571","7,4209","0,2271","-0,043","0,9556","-0,7189","-0,5628","0,7924","-128,6972","8,8085","62,7547","-4,76","-13,06","-173,84",1,,,,
213625,144006,"-21,9416008","-48,95267487","509,1",1,7,"464,74","958,66","32,45","2,2516","-4,0772","-1,2161","0,0357",0,"0,1052","1,7863","0,0571","7,3982","0,2314","-0,0479","0,9424","-0,536","-1,1116","1,0973","-128,1343","8,4154","62,4663","-4,76","-13,03","-173,77",1,,,,
213725,144006,"-21,9416008","-48,95267487","509,1",1,7,"464,74","958,66","32,45","2,2516","-4,0772","-1,2393","0,0355",0,"0,1121","1,779","0,0571","7,4105","0,2271","-0,043","0,9526","0,1957","-0,136","0,5485","-129,1055","8,1805","62,0998","-4,79","-13,05","-173,64",1,,,,
213825,144006,"-21,9416008","-48,95267487","509,1",1,7,"464,74","958,66","32,45","2,2517","-4,0772","-1,2586","0,0347",0,"0,1184","1,737","0,0571","7,4429","0,2178","-0,0591","0,9541","2,086","-1,1116","-1,7686","-129,2246","9,1018","61,772","-4,82","-13,09","-173,56",1,,,,
213925,144006,"-21,9416008","-48,95267487","509,1",1,7,"464,74","958,66","32,45","2,2518","-4,0772","-1,2748","0,0347",0,"0,1227","1,7389","0,0571","7,4282","0,2295","-0,0513","0,9468","-0,597","0,1079","0,0607","-128,4244","8,8325","63,0018","-4,77","-13,12","-173,57",1,,,,
214078,144006,"-21,9416008","-48,95267487","509,1",1,7,"464,59","958,68","32,46","2,2518","-4,0772","-1,2636","0,035",0,"0,1629","1,756","0,0571","7,4296","0,2285","-0,0571","0,9565","-0,536","-0,075","0,9143","-127,9928","8,2168","62,3256","-4,71","-13,18","-173,63",1,,,,
214125,144006,"-21,9416008","-48,95267487","509,1",1,7,"464,59","958,68","32,46","2,2519","-4,0772","-1,2542","0,0344",0,"0,1605","1,7213","0,0571","7,446","0,2124","-0,063","0,9565","0,1348","0,8396","-2,9271","-128,97","8,7844","62,5076","-4,7","-13,27","-173,69",1,,,,
214225,144006,"-21,9416008","-48,95267487","509,1",1,7,"464,59","958,68","32,46","2,2519","-4,0772","-1,2463","0,0348",0,"0,1574","1,7454","0,0571","7,406","0,2285","-0,0522","0,9438","-0,414","-0,075","-2,2564","-128,8103","8,9272","61,8784","-4,66","-13,29","-173,81",1,,,,
214325,144006,"-21,9416008","-48,95267487","509,1",1,7,"464,59","958,68","32,46","2,252","-4,0772","-1,2398","0,0353",0,"0,1561","1,7689","0,0571","7,4346","0,2314","-0,0425","0,9517","1,2933","-1,1726","-0,854","-129,1095","7,7992","62,0799","-4,57","-13,28","-173,97",1,,,,
214425,144006,"-21,9416008","-48,95267487","509,1",1,7,"464,59","958,68","32,46","2,2521","-4,0772","-1,2343","0,0352",0,"0,1542","1,762","0,0571","7,4195","0,2231","-0,0469","0,9541","1,3543","-0,075","-0,1223","-128,9629","8,7645","62,2533","-4,48","-13,31","-174,08",1,,,,
214578,144006,"-21,9416008","-48,95267487","509,1",1,7,"464,59","958,68","32,45","2,2521","-4,0772","-1,2297","0,035",0,"0,1527","1,7538","0,0571","7,4061","0,2212","-0,0532","0,9473","1,1104","-0,9287","-3,9637","-129,2134","9,4631","61,5377","-4,39","-13,36","-174,15",1,,,,
214625,144006,"-21,9416008","-48,95267487","509,1",1,7,"464,59","958,68","32,45","2,2522","-4,0772","-1,2259","0,0358",0,"0,1512","1,7916","0,0571","7,3879","0,2368","-0,0542","0,9424","-0,9018","-0,8677","-0,9759","-129,1298","8,6417","63,1367","-4,27","-13,43","-174,31",1,,,,
214725,144006,"-21,9416008","-48,95267487","509,1",1,7,"464,59","958,68","32,45","2,2523","-4,0772","-1,2227","0,0358",0,"0,1501","1,7923","0,0571","7,3799","0,229","-0,0591","0,9521","-0,8409","2,425","0,6095","-128,1231","8,7767","62,232","-4,19","-13,5","-174,48",1,,,,
214825,144006,"-21,9416008","-48,95267487","509,1",1,7,"464,59","958,68","32,45","2,2524","-4,0772","-1,22","0,0357",0,"0,1487","1,79","0,0571","7,3459","0,2271","-0,0537","0,9443","-0,414","0,4738","-0,0003","-128,2768","7,8314","62,3128","-4,19","-13,49","-174,54",1,,,,
214925,144006,"-21,9416008","-48,95267487","509,1",1,7,"464,59","958,68","32,45","2,2524","-4,0772","-1,2178","0,0354",0,"0,1478","1,7728","0,0571","7,3366","0,2236","-0,0513","0,9458","-1,9384","-1,1116","2,0119","-128,1231","8,7767","62,232","-4,23","-13,44","-174,56",1,,,,
215078,144008,"-21,9416008","-48,95267487","509,1",1,7,"464,59","958,68","32,47","2,2525","-4,0772","-1,2159","0,0356",0,"0,1481","1,7837","0,0571","7,376","0,2251","-0,0454","0,9512","-0,2311","-0,2579","-0,671","-128,5314","8,1488","61,5772","-4,31","-13,44","-174,57",1,,,,
215125,144008,"-21,9416008","-48,95267487","509,1",1,7,"464,59","958,68","32,47","2,2526","-4,0772","-1,2144","0,0347",0,"0,148","1,7406","0,0571","7,3955","0,2124","-0,0439","0,9521","-0,8409","-0,2579","3,7192","-129,25","8,7804","62,5147","-4,37","-13,45","-174,55",1,,,,
215225,144008,"-21,9416008","-48,95267487","509,1",1,7,"464,59","958,68","32,47","2,2526","-4,0772","-1,2131","0,0345",0,"0,1478","1,7284","0,0571","7,4014","0,2202","-0,0527","0,9507","-0,353","1,2665","0,5485","-128,4213","8,4313","62,7276","-4,4","-13,42","-174,43",1,,,,
215325,144008,"-21,9416008","-48,95267487","509,1",1,7,"464,59","958,68","32,47","2,2527","-4,0772","-1,212","0,0355",0,"0,1473","1,7797","0,0571","7,3924","0,228","-0,0532","0,9463","-1,6945","-2,575","-0,4881","-129,1268","8,2404","62,8625","-4,41","-13,4","-174,29",1,,,,
215425,144008,"-21,9416008","-48,95267487","509,1",1,7,"464,59","958,68","32,47","2,2528","-4,0772","-1,2111","0,0354",0,"0,147","1,7733","0,0571","7,3937","0,2231","-0,0454","0,9482","-0,414","0,6567","0,2436","-128,7094","7,6646","62,6948","-4,45","-13,46","-174,22",1,,,,
215767,144008,"-21,9416008","-48,95267487","509,1",1,7,"464,44","958,7","32,49","2,2528","-4,0772","-1,1851","0,0347",0,"0,1842","1,7382","0,0571","7,4171","0,2295","-0,0562","0,9458","-1,8165","-1,4165","0,8534","-128,2829","8,6339","62,8611","-4,5","-13,37","-173,96",1,,,,
215814,144008,"-21,9416008","-48,95267487","509,1",1,7,"464,44","958,7","32,49","2,2529","-4,0772","-1,1634","0,0345",0,"0,1781","1,7303","0,0571","7,4272","0,2197","-0,0396","0,9531","-1,5726","0,4738","2,9265","-128,4213","8,4313","62,7276","-4,5","-13,33","-173,9",1,,,,
215914,144008,"-21,9416008","-48,95267487","509,1",1,7,"464,44","958,7","32,49","2,253","-4,0772","-1,1453","0,0344",0,"0,1726","1,7218","0,0571","7,4146","0,2241","-0,0552","0,9458","-1,5116","-0,075","-1,2808","-129,5482","8,4349","63,0103","-4,57","-13,29","-173,77",1,,,,
216014,144009,"-21,9416008","-48,95267487","509,1",1,7,"464,44","958,7","32,49","2,253","-4,0772","-1,1302","0,0344",0,"0,1677","1,7215","0,0571","7,3862","0,2217","-0,0537","0,9434","-0,9628","0,3518","-0,671","-129,5239","7,9738","61,9734","-4,65","-13,26","-173,69",1,,,,
216114,144009,"-21,9416008","-48,95267487","509,1",1,7,"464,44","958,7","32,49","2,2531","-4,0772","-1,1175","0,0354",0,"0,1646","1,773","0,0571","7,4116","0,2266","-0,0596","0,9492","2,025","-0,7457","-0,854","-129,5351","7,6125","62,2077","-4,67","-13,26","-173,69",1,,,,
216267,144009,"-21,9416008","-48,95267487","509,1",1,7,"464,44","958,7","32,49","2,2532","-4,0772","-1,1069","0,0348",0,"0,1617","1,7436","0,0571","7,4181","0,2183","-0,0557","0,9492","-0,414","-1,6604","2,6216","-129,1197","8,2205","62,6083","-4,61","-13,29","-173,7",1,,,,
216314,144009,"-21,9416008","-48,95267487","509,1",1,7,"464,44","958,7","32,49","2,2532","-4,0772","-1,0981","0,0355",0,"0,1599","1,7786","0,0571","7,458","0,2349","-0,0488","0,9634","-2,4262","1,0226","1,2192","-128,4041","7,9901","61,945","-4,59","-13,35","-173,63",1,,,,
216414,144009,"-21,9416008","-48,95267487","509,1",1,7,"464,44","958,7","32,49","2,2533","-4,0772","-1,0907","0,0349",0,"0,1575","1,7505","0,0571","7,443","0,2173","-0,0503","0,9517","-0,7799","1,0835","-3,4759","-128,8275","9,3684","62,6611","-4,64","-13,38","-173,57",1,,,,
216514,144009,"-21,9416008","-48,95267487","509,1",1,7,"464,44","958,7","32,49","2,2534","-4,0772","-1,0846","0,0343",0,"0,1555","1,7189","0,0571","7,4326","0,2188","-0,0552","0,9482","-0,9628","0,047","2,4387","-128,8133","9,3285","62,1526","-4,69","-13,32","-173,65",1,,,,
216614,144009,"-21,9416008","-48,95267487","509,1",1,7,"464,44","958,7","32,49","2,2534","-4,0772","-1,0794","0,0345",0,"0,153","1,7289","0,0571","7,3823","0,2236","-0,0293","0,9404","0,9274","-1,9043","-1,0369","-128,5527","8,2087","62,3398","-4,77","-13,26","-173,64",1,,,,
216767,144009,"-21,9416008","-48,95267487","509,1",1,7,"464,44","958,7","32,5","2,2535","-4,0772","-1,0751","0,0355",0,"0,1526","1,7793","0,0571","7,4243","0,2217","-0,0518","0,9497","-0,2921","0,9006","-1,7076","-129,1156","8,6017","62,6282","-4,76","-13,36","-173,63",1,,,,
216814,144009,"-21,9416008","-48,95267487","509,1",1,7,"464,44","958,7","32,5","2,2536","-4,0772","-1,0715","0,0349",0,"0,1516","1,7476","0,0571","7,4236","0,2158","-0,0571","0,9502","0,0738","-2,0872","2,4387","-128,9731","9,1857","62,7817","-4,66","-13,53","-173,7",1,,,,
216914,144009,"-21,9416008","-48,95267487","509,1",1,7,"464,44","958,7","32,5","2,2536","-4,0772","-1,0685","0,0347",0,"0,1506","1,7402","0,0571","7,4175","0,2251","-0,0581","0,9521","-2,1213","-0,5628","1,0973","-128,8092","9,7098","62,1726","-4,59","-13,61","-173,71",1,,,,
217014,144010,"-21,9416008","-48,95267487","509,1",1,7,"464,44","958,7","32,5","2,2537","-4,0772","-1,066","0,0353",0,"0,1486","1,7693","0,0571","7,3573","0,2314","-0,0522","0,9341","0,0128","-0,5018","0,1826","-128,7196","8,0858","63,2232","-4,61","-13,56","-173,7",1,,,,
217114,144010,"-21,9416008","-48,95267487","509,1",1,7,"464,44","958,7","32,5","2,2538","-4,0772","-1,0639","0,0354",0,"0,1484","1,7754","0,0571","7,373","0,2256","-0,0488","0,9478","0,1957","-0,075","-0,0003","-128,6871","8,3873","62,2263","-4,61","-13,5","-173,79",1,,,,
217267,144010,"-21,9416008","-48,95267487","509,1",1,7,"464,32","958,71","32,5","2,2538","-4,0772","-1,0426","0,0353",0,"0,1776","1,7662","0,0571","7,4326","0,2197","-0,0532","0,9575","-1,3896","2,547","3,1095","-128,1414","8,4354","62,7205","-4,56","-13,57","-173,87",1,,,,
217314,144010,"-21,9416008","-48,95267487","509,1",1,7,"464,32","958,71","32,5","2,2539","-4,0772","-1,0248","0,0351",0,"0,1725","1,7585","0,0571","7,4309","0,2227","-0,0474","0,9507","-0,414","-0,9287","-1,0979","-129,9158","8,871","61,3984","-4,53","-13,59","-173,86",1,,,,
217414,144010,"-21,9416008","-48,95267487","509,1",1,7,"464,32","958,71","32,5","2,254","-4,0772","-1,0099","0,0362",0,"0,1671","1,8124","0,0571","7,3768","0,2358","-0,0654","0,9419","-1,5726","-0,3799","0,0607","-127,7361","9,4646","63,6495","-4,5","-13,57","-173,84",1,,,,
217514,144010,"-21,9416008","-48,95267487","509,1",1,7,"464,32","958,71","32,5","2,254","-4,0772","-0,9975","0,0346",0,"0,1635","1,7321","0,0571","7,3734","0,2153","-0,0479","0,9419","-2,4872","0,5957","1,2802","-128,683","8,7686","62,2462","-4,53","-13,6","-173,9",1,,,,
217614,144010,"-21,9416008","-48,95267487","509,1",1,7,"464,32","958,71","32,5","2,2541","-4,0772","-0,9871","0,0347",0,"0,1606","1,7409","0,0571","7,3781","0,2266","-0,0562","0,9468","-0,353","-1,4165","1,9509","-128,3959","8,7527","61,9849","-4,63","-13,58","-173,91",1,,,,
217901,144010,"-21,9416008","-48,95267487","509,1",1,7,"464,32","958,71","32,5","2,2542","-4,0772","-0,9785","0,0352",0,"0,1583","1,7653","0,0571","7,3879","0,2256","-0,0366","0,9507","-1,2677","0,5348","0,0607","-128,686","9,1698","62,5204","-4,87","-13,37","-173,85",1,,,,
217948,144010,"-21,9416008","-48,95267487","509,1",1,7,"464,32","958,71","32,5","2,2542","-4,0772","-0,9712","0,0352",0,"0,1561","1,7651","0,0571","7,3838","0,2251","-0,0576","0,9453","-0,6579","-0,197","2,8046","-128,119","9,158","62,252","-4,92","-13,31","-173,86",1,,,,
218048,144011,"-21,9416008","-48,95267487","509,1",1,7,"464,32","958,71","32,5","2,2543","-4,0772","-0,9652","0,035",0,"0,1549","1,7525","0,0571","7,4122","0,2236","-0,0518","0,958","-1,5116","-0,136","-2,0735","-129,1126","8,2005","62,3541",-5,"-13,27","-173,88",1,,,,
218148,144011,"-21,9416008","-48,95267487","509,1",1,7,"464,32","958,71","32,5","2,2544","-4,0772","-0,9601","0,035",0,"0,1533","1,7561","0,0571","7,4058","0,2324","-0,0542","0,9487","0,6226","0,3518","0,0607","-128,2727","8,2127","62,3327","-5,04","-13,28","-173,95",1,,,,
218248,144011,"-21,9416008","-48,95267487","509,1",1,7,"464,32","958,71","32,5","2,2544","-4,0772","-0,9559","0,0354",0,"0,1525","1,7714","0,0571","7,4244","0,2261","-0,0474","0,9551","0,0738","-1,1116","-0,2442","-127,9958","8,6181","62,5998","-5,04","-13,27","-174,03",1,,,,
218401,144011,"-21,9416008","-48,95267487","509,1",1,7,"463,98","958,75","32,52","2,2545","-4,0772","-0,8959","0,035",0,"0,2329","1,7553","0,0571","7,3646","0,2256","-0,062","0,9351","-0,536","-1,2335","3,2924","-128,3989","9,1539","62,2591",-5,"-13,3","-174,1",1,,,,
218448,144011,"-21,9416008","-48,95267487","509,1",1,7,"463,98","958,75","32,52","2,2546","-4,0772","-0,8457","0,0348",0,"0,2188","1,7452","0,0571","7,3818","0,2207","-0,0508","0,9502","-0,7189","1,0226","0,9143","-128,4082","7,6088","61,925","-4,97","-13,34","-174,04",1,,,,
218548,144011,"-21,9416008","-48,95267487","509,1",1,7,"463,98","958,75","32,52","2,2546","-4,0772","-0,8038","0,0353",0,"0,2073","1,7664","0,0571","7,4073","0,23","-0,043","0,9468","-0,8409","-1,3555","5,1826","-128,4132","9,1939","62,7675","-4,96","-13,36","-173,93",1,,,,
218648,144011,"-21,9416008","-48,95267487","509,1",1,7,"463,98","958,75","32,52","2,2547","-4,0772","-0,7688","0,0349",0,"0,1977","1,7503","0,0571","7,4338","0,2192","-0,0479","0,958","-1,9384","-1,0506","-0,6101","-128,5497","7,8074","62,0657","-4,98","-13,42","-173,77",1,,,,
218748,144011,"-21,9416008","-48,95267487","509,1",1,7,"463,98","958,75","32,52","2,2548","-4,0772","-0,7396","0,0347",0,"0,1896","1,7362","0,0571","7,4496","0,2202","-0,0469","0,9521","-0,7189","-2,8189","-1,1588","-129,5116","9,1177","62,0333","-5,03","-13,51","-173,68",1,,,,
218901,144011,"-21,9416008","-48,95267487","509,1",1,7,"464,32","958,71","32,51","2,2548","-4,0772","-0,7716","0,0345",0,"0,0996","1,7297","0,0571","7,4315","0,2275","-0,0552","0,9468","-1,3896","1,2665","0,6704","-129,0749","9,6658","61,6712","-5,04","-13,66","-173,72",1,,,,
218948,144011,"-21,9416008","-48,95267487","509,1",1,7,"464,32","958,71","32,51","2,2549","-4,0772","-0,7984","0,0347",0,"0,1067","1,7402","0,0571","7,4042","0,2251","-0,0483","0,9419","0,1348","-0,014","3,6582","-129,0831","8,9032","61,6313","-5,04","-13,74","-173,79",1,,,,
219048,144012,"-21,9416008","-48,95267487","509,1",1,7,"464,32","958,71","32,51","2,2549","-4,0772","-0,8208","0,0338",0,"0,1136","1,6932","0,0571","7,4274","0,2124","-0,0586","0,9536","-0,1701","-1,2335","0,4265","-129,5218","9,5389","62,5617","-5,02","-13,71","-173,77",1,,,,
219148,144012,"-21,9416008","-48,95267487","509,1",1,7,"464,32","958,71","32,51","2,255","-4,0772","-0,8395","0,0343",0,"0,1186","1,7174","0,0571","7,4039","0,2227","-0,061","0,9473","0,5616","2,1201","0,6704","-128,2463","9,3167","61,8842","-4,97","-13,66","-173,75",1,,,,
219248,144012,"-21,9416008","-48,95267487","509,1",1,7,"464,32","958,71","32,51","2,255","-4,0772","-0,8551","0,0349",0,"0,1232","1,749","0,0571","7,4116","0,229","-0,0464","0,9473","0,3177","-0,6238","0,8534","-128,1353","7,6329","62,1721","-4,92","-13,56","-173,79",1,,,,
219401,144012,"-21,9416008","-48,95267487","509,1",1,7,"464,74","958,66","32,5","2,2551","-4,0772","-0,9372","0,0342",0,"0,0266","1,7113","0,0571","7,4476","0,2178","-0,0479","0,9531","-0,9628","0,3518","2,4997","-128,5425","7,7874","61,8114","-4,85","-13,42","-173,84",1,,,,
219448,144012,"-21,9416008","-48,95267487","509,1",1,7,"464,74","958,66","32,5","2,2552","-4,0772","-1,0059","0,0342",0,"0,0457","1,7143","0,0571","7,4112","0,2207","-0,0566","0,9404","-0,7189","0,4738","0,5485","-129,6501","8,915","61,8998","-4,83","-13,34","-173,82",1,,,,
219548,144012,"-21,9416008","-48,95267487","509,1",1,7,"464,74","958,66","32,5","2,2552","-4,0772","-1,0632","0,035",0,"0,0618","1,7518","0,0571","7,3893","0,2305","-0,061","0,9453","-0,6579","-1,5384","2,0119","-128,6972","8,8085","62,7547","-4,81","-13,29","-173,77",1,,,,
219648,144012,"-21,9416008","-48,95267487","509,1",1,7,"464,74","958,66","32,5","2,2553","-4,0772","-1,1111","0,0358",0,"0,0747","1,7961","0,0571","7,3442","0,2314","-0,0513","0,9395","-2,853","-1,1726","-0,732","-128,9629","8,7645","62,2533","-4,8","-13,32","-173,68",1,,,,
219748,144012,"-21,9416008","-48,95267487","509,1",1,7,"464,74","958,66","32,5","2,2554","-4,0772","-1,1511","0,0357",0,"0,0863","1,7877","0,0571","7,3485","0,2212","-0,0586","0,9443","0,5006","0,5348","-1,6466","-128,6871","8,3873","62,2263","-4,87","-13,37","-173,61",1,,,,
220029,144013,"-21,9416008","-48,95267487","509,1",1,7,"464,44","958,7","32,51","2,2554","-4,0772","-1,135","0,0358",0,"0,1693","1,7924","0,0571","7,3942","0,2197","-0,0537","0,9487","-2,1823","0,7787","-1,4637","-129,1014","8,5618","62,1198","-4,93","-13,37","-173,81",1,,,,
220076,144013,"-21,9416008","-48,95267487","509,1",1,7,"464,44","958,7","32,51","2,2555","-4,0772","-1,1216","0,0349",0,"0,1658","1,7467","0,0571","7,4155","0,2124","-0,0547","0,9546","1,1104","1,2055","1,2192","-129,248","7,5966","61,9463","-4,93","-13,34","-173,86",1,,,,
220176,144013,"-21,9416008","-48,95267487","509,1",1,7,"464,44","958,7","32,51","2,2555","-4,0772","-1,1103","0,0351",0,"0,1627","1,7612","0,0571","7,4224","0,23","-0,0571","0,9531","-2,3652","0,2299","-1,9515","-128,854","8,2645","63,1096","-4,93","-13,3","-173,92",1,,,,
220276,144013,"-21,9416008","-48,95267487","509,1",1,7,"464,44","958,7","32,51","2,2556","-4,0772","-1,101","0,0354",0,"0,1598","1,7714","0,0571","7,4126","0,2256","-0,0493","0,9507","0,1348","1,0226","-0,4271","-128,9883","8,4431","62,996","-4,94","-13,32","-174,02",1,,,,
220376,144013,"-21,9416008","-48,95267487","509,1",1,7,"464,44","958,7","32,51","2,2557","-4,0772","-1,0931","0,0354",0,"0,1564","1,7751","0,0571","7,3527","0,2275","-0,0557","0,9316","-2,5482","-0,3189","0,7924","-129,5452","8,0337","62,7361","-4,89","-13,36","-174,13",1,,,,
220529,144013,"-21,9416008","-48,95267487","509,1",1,7,"464,18","958,73","32,51","2,2557","-4,0772","-1,0444","0,0342",0,"0,2159","1,7139","0,0571","7,3402","0,2051","-0,0479","0,9404","-0,6579","-1,4165","-0,671","-128,683","8,7686","62,2462","-4,87","-13,39","-174,12",1,,,,
220576,144013,"-21,9416008","-48,95267487","509,1",1,7,"464,18","958,73","32,51","2,2558","-4,0772","-1,0037","0,0342",0,"0,2052","1,7119","0,0571","7,392","0,2192","-0,0469","0,9595","-0,1701","0,5957","-3,293","-129,3915","8,979","62,6553","-4,86","-13,4","-174,1",1,,,,
220676,144013,"-21,9416008","-48,95267487","509,1",1,7,"464,18","958,73","32,51","2,2558","-4,0772","-0,9697","0,0346",0,"0,1961","1,7358","0,0571","7,4266","0,2217","-0,0474","0,9561","-1,8774","-0,2579","0,5485","-128,4101","8,7926","62,4933","-4,82","-13,4","-174,16",1,,,,
220776,144013,"-21,9416008","-48,95267487","509,1",1,7,"464,18","958,73","32,51","2,2559","-4,0772","-0,9413","0,0348",0,"0,1876","1,7447","0,0571","7,4087","0,2197","-0,063","0,9429","-1,1457","-1,2945","1,8899","-129,2347","9,523","62,3004","-4,83","-13,42","-174,21",1,,,,
220876,144013,"-21,9416008","-48,95267487","509,1",1,7,"464,18","958,73","32,51","2,2559","-4,0772","-0,9176","0,0338",0,"0,181","1,696","0,0571","7,4215","0,2153","-0,0332","0,9536","0,1957","-0,075","-1,1588","-128,4142","8,4113","62,4734","-4,87","-13,44","-174,19",1,,,,
221029,144014,"-21,9416008","-48,95267487","509,1",1,7,"464,08","958,74","32,5","2,256","-4,0772","-0,8808","0,0347",0,"0,1995","1,7402","0,0571","7,3932","0,2275","-0,0488","0,9463","-0,353","-0,3189","0,2436","-128,9731","9,1857","62,7817","-4,79","-13,45","-174,19",1,,,,
221076,144014,"-21,9416008","-48,95267487","509,1",1,7,"464,08","958,74","32,5","2,256","-4,0772","-0,8501","0,0343",0,"0,1905","1,7188","0,0571","7,386","0,2153","-0,0488","0,9448","-0,9018","1,3884","1,4631","-127,9958","8,6181","62,5998","-4,71","-13,45","-174,17",1,,,,
221176,144014,"-21,9416008","-48,95267487","509,1",1,7,"464,08","958,74","32,5","2,2561","-4,0772","-0,8244","0,034",0,"0,1835","1,7031","0,0571","7,4042","0,2173","-0,0527","0,9443","0,1348","-2,7579","0,1826","-128,3847","9,114","61,7506","-4,65","-13,42","-174,11",1,,,,
221276,144014,"-21,9416008","-48,95267487","509,1",1,7,"464,08","958,74","32,5","2,2562","-4,0772","-0,803","0,0346",0,"0,1775","1,7346","0,0571","7,4133","0,2207","-0,0591","0,9502","-0,414","1,2665","-0,1832","-129,3824","7,7752","61,8328","-4,61","-13,45","-174,07",1,,,,
221376,144014,"-21,9416008","-48,95267487","509,1",1,7,"464,08","958,74","32,5","2,2562","-4,0772","-0,7851","0,0343",0,"0,1722","1,7206","0,0571","7,4069","0,2158","-0,0474","0,9448","0,1348","-0,197","-0,3662","-128,9731","9,1857","62,7817","-4,62","-13,44","-174,05",1,,,,
221529,144014,"-21,9416008","-48,95267487","509,1",1,7,"464,32","958,71","32,49","2,2563","-4,0772","-0,8096","0,0346",0,"0,1103","1,7327","0,0571","7,4217","0,2168","-0,0566","0,9502","-0,597","1,0226","-0,0003","-127,9999","8,2368","62,5798","-4,63","-13,39","-174,04",1,,,,
221576,144014,"-21,9416008","-48,95267487","509,1",1,7,"464,32","958,71","32,49","2,2563","-4,0772","-0,8302","0,0349",0,"0,116","1,7509","0,0571","7,4117","0,228","-0,0454","0,9468","1,2323","1,5713","0,4875","-128,8174","8,9472","62,1327","-4,61","-13,32","-174,05",1,,,,
221676,144014,"-21,9416008","-48,95267487","509,1",1,7,"464,32","958,71","32,49","2,2564","-4,0772","-0,8473","0,0349",0,"0,1202","1,7468","0,0571","7,3753","0,2285","-0,0542","0,936","-1,6945","-0,4409","-1,5247","-128,2839","7,8514","62,567","-4,57","-13,24","-174,06",1,,,,
221776,144014,"-21,9416008","-48,95267487","509,1",1,7,"464,32","958,71","32,49","2,2564","-4,0772","-0,8617","0,0346",0,"0,1248","1,7342","0,0571","7,3942","0,2222","-0,0596","0,9526","1,3543","2,0591","2,1948","-128,9741","8,4032","62,4876","-4,54","-13,23","-174,08",1,,,,
221876,144014,"-21,9416008","-48,95267487","509,1",1,7,"464,32","958,71","32,49","2,2565","-4,0772","-0,8736","0,0349",0,"0,1293","1,7467","0,0571","7,4512","0,2285","-0,0474","0,9634","-2,3043","-1,2945","3,0485","-127,9857","8,1969","62,0714","-4,5","-13,22","-174,01",1,,,,
222155,144014,"-21,9416008","-48,95267487","509,1",1,7,"464,44","958,7","32,5","2,2565","-4,0772","-0,9032","0,0346",0,"0,1028","1,7349","0,0571","7,4116","0,2178","-0,0547","0,9492","0,2567","1,5713","3,3534","-128,9883","8,4431","62,996","-4,66","-13,33","-173,33",1,,,,
222202,144014,"-21,9416008","-48,95267487","509,1",1,7,"464,44","958,7","32,5","2,2566","-4,0772","-0,9279","0,035",0,"0,1098","1,7539","0,0571","7,4032","0,2285","-0,0552","0,9463","-1,7555","-0,014","-0,9759","-129,1126","8,2005","62,3541","-4,69","-13,31","-173,19",1,,,,
222302,144014,"-21,9416008","-48,95267487","509,1",1,7,"464,44","958,7","32,5","2,2566","-4,0772","-0,9485","0,0355",0,"0,1152","1,7812","0,0571","7,376","0,2271","-0,0605","0,9404","-0,2921","0,047","0,9143","-129,2693","7,6565","62,709","-4,72","-13,3","-173,1",1,,,,
222402,144014,"-21,9416008","-48,95267487","509,1",1,7,"464,44","958,7","32,5","2,2567","-4,0772","-0,9658","0,0348",0,"0,1201","1,7423","0,0571","7,3723","0,2168","-0,0537","0,9434","-2,3652","-3,9774","1,646","-128,117","7,9742","61,6836","-4,75","-13,32","-173,17",1,,,,
222502,144014,"-21,9416008","-48,95267487","509,1",1,7,"464,44","958,7","32,5","2,2567","-4,0772","-0,9802","0,0345",0,"0,125","1,7281","0,0571","7,4122","0,2178","-0,0493","0,9541","1,0494","1,0835","1,0973","-128,5374","8,9513","62,1255","-4,85","-13,4","-173,22",1,,,,
222655,144014,"-21,9416008","-48,95267487","509,1",1,7,"464,18","958,73","32,51","2,2568","-4,0772","-0,95","0,0348",0,"0,1901","1,7454","0,0571","7,4119","0,2305","-0,0562","0,9453","0,1957","1,7543","2,7436","-127,5875","9,246","63,2546","-4,9","-13,4","-173,19",1,,,,
222702,144014,"-21,9416008","-48,95267487","509,1",1,7,"464,18","958,73","32,51","2,2569","-4,0772","-0,9249","0,0357",0,"0,1828","1,7871","0,0571","7,4092","0,2373","-0,0488","0,9482","-0,0482","-0,3799","0,1826","-128,9782","8,0219","62,4676","-4,92","-13,34","-173,11",1,,,,
222802,144014,"-21,9416008","-48,95267487","509,1",1,7,"464,18","958,73","32,51","2,2569","-4,0772","-0,9038","0,0356",0,"0,1769","1,7843","0,0571","7,4158","0,2246","-0,0498","0,9561","0,5006","-0,2579","0,3655","-129,2541","8,3991","62,4947","-4,9","-13,29","-173,05",1,,,,
222902,144014,"-21,9416008","-48,95267487","509,1",1,7,"464,18","958,73","32,51","2,257","-4,0772","-0,8863","0,0349",0,"0,1716","1,7494","0,0571","7,4026","0,2231","-0,0532","0,9419","-0,597","0,4128","2,6216","-127,7027","7,7997","61,7901","-4,83","-13,32","-173,01",1,,,,
223002,144016,"-21,9416008","-48,95267487","509,1",1,7,"464,18","958,73","32,51","2,257","-4,0772","-0,8716","0,0344",0,"0,1676","1,7263","0,0571","7,4139","0,2231","-0,0469","0,9507","-0,353","0,3518","0,3046","-128,9883","8,4431","62,996","-4,76","-13,36","-172,93",1,,,,
223155,144016,"-21,9416008","-48,95267487","509,1",1,7,"464,08","958,74","32,51","2,2571","-4,0772","-0,8424","0,0345",0,"0,1893","1,7299","0,0571","7,4354","0,2241","-0,0459","0,9482","-0,353","-2,9409","-6,0369","-128,858","7,8832","63,0897","-4,71","-13,35","-172,95",1,,,,
223202,144016,"-21,9416008","-48,95267487","509,1",1,7,"464,08","958,74","32,51","2,2571","-4,0772","-0,818","0,035",0,"0,1815","1,7532","0,0571","7,3983","0,2295","-0,0425","0,939","0,4396","2,0591","-1,8296","-127,9999","8,2368","62,5798","-4,63","-13,37","-173,2",1,,,,
223302,144016,"-21,9416008","-48,95267487","509,1",1,7,"464,08","958,74","32,51","2,2572","-4,0772","-0,7976","0,0347",0,"0,1723","1,7401","0,0571","7,2316","0,2241","-0,1323","0,8867","0,8665","0,5348","11,4021","-128,684","7,986","61,9521","-4,56","-13,35","-173,41",1,,,,
223402,144016,"-21,9416008","-48,95267487","509,1",1,7,"464,08","958,74","32,51","2,2572","-4,0772","-0,7806","0,033",0,"0,1685","1,655","0,0571","7,2895","0,1943","-0,0283","0,9502","-2,3652","-0,136","-4,8784","-128,6962","9,591","63,0488","-4,69","-13,27","-173,05",1,,,,
223502,144016,"-21,9416008","-48,95267487","509,1",1,7,"464,08","958,74","32,51","2,2572","-4,0772","-0,7664","0,0336",0,"0,1655","1,6826","0,0571","7,3427","0,2192","-0,0552","0,9487","0,3177","-1,4774","-4,6954","-128,5344","8,55","61,8514","-4,84","-13,16","-172,75",1,,,,
223655,144016,"-21,9416008","-48,95267487","509,1",1,7,"464,08","958,74","32,5","2,2573","-4,0772","-0,7545","0,0349",0,"0,1627","1,7472","0,0571","7,3728","0,228","-0,0371","0,9487","-0,2311","-1,5994","-5,793","-128,5609","7,4461","62,2999","-4,81","-13,13","-173,02",1,,,,
223702,144016,"-21,9416008","-48,95267487","509,1",1,7,"464,08","958,74","32,5","2,2573","-4,0772","-0,7446","0,0348",0,"0,1599","1,7423","0,0571","7,3775","0,2217","-0,0454","0,9468","-1,6945","-1,5994","-0,2442","-127,9897","7,8156","62,0514","-4,7","-13,21","-173,56",1,,,,
223802,144016,"-21,9416008","-48,95267487","509,1",1,7,"464,08","958,74","32,5","2,2574","-4,0772","-0,7363","0,0353",0,"0,1573","1,7701","0,0571","7,364","0,2231","-0,0415","0,9399","-0,2921","0,7177","6,0973","-128,8337","7,422","62,0528","-4,64","-13,35","-173,9",1,,,,
223902,144016,"-21,9416008","-48,95267487","509,1",1,7,"464,08","958,74","32,5","2,2574","-4,0772","-0,7293","0,0351",0,"0,1553","1,7587","0,0571","7,3667","0,2188","-0,0601","0,9482","0,7445","-0,197","-1,0979","-128,9843","8,8244","63,016","-4,68","-13,44","-173,77",1,,,,
224002,144017,"-21,9416008","-48,95267487","509,1",1,7,"464,08","958,74","32,5","2,2575","-4,0772","-0,7235","0,035",0,"0,1541","1,7554","0,0571","7,3879","0,2271","-0,0625","0,9468","-1,5116","-1,2335","1,4631","-128,5781","7,8872","63,0825","-4,72","-13,49","-173,57",1,,,,
224278,144017,"-21,9416008","-48,95267487","509,1",1,7,"464,08","958,74","32,5","2,2575","-4,0772","-0,7187","0,0354",0,"0,1536","1,7756","0,0571","7,4359","0,228","-0,0596","0,958","0,0738","0,1079","0,5485","-129,1186","9,003","62,9024","-4,86","-13,62","-173,39",1,,,,
224325,144017,"-21,9416008","-48,95267487","509,1",1,7,"464,08","958,74","32,5","2,2576","-4,0772","-0,7146","0,0357",0,"0,1519","1,791","0,0571","7,4059","0,2314","-0,0522","0,9414","0,0128","1,8152","2,8655","-128,9508","7,1595","61,1566","-4,86","-13,63","-173,37",1,,,,
224425,144017,"-21,9416008","-48,95267487","509,1",1,7,"464,08","958,74","32,5","2,2576","-4,0772","-0,7113","0,0347",0,"0,1505","1,7367","0,0571","7,3859","0,2119","-0,0679","0,9399","-1,8165","0,6567","-0,4881","-128,1384","8,0341","62,4463","-4,87","-13,63","-173,28",1,,,,
224525,144017,"-21,9416008","-48,95267487","509,1",1,7,"464,08","958,74","32,5","2,2577","-4,0772","-0,7084","0,0351",0,"0,15","1,7602","0,0571","7,4029","0,2207","-0,0518","0,9565","-2,3652","0,8396","-2,4393","-128,8509","7,8632","62,8354","-4,92","-13,6","-173,2",1,,,,
224625,144017,"-21,9416008","-48,95267487","509,1",1,7,"464,08","958,74","32,5","2,2577","-4,0772","-0,7061","0,0346",0,"0,1492","1,7353","0,0571","7,3981","0,2183","-0,064","0,9395","-0,0482","0,3518","1,1582","-127,8614","8,4394","62,7134","-4,94","-13,56","-173,29",1,,,,
224778,144017,"-21,9416008","-48,95267487","509,1",1,7,"463,98","958,75","32,5","2,2578","-4,0772","-0,6872","0,0346",0,"0,1737","1,7324","0,0571","7,4077","0,2197","-0,061","0,9473","-0,475","0,3518","0,3046","-128,9741","8,4032","62,4876","-4,94","-13,51","-173,32",1,,,,
224825,144017,"-21,9416008","-48,95267487","509,1",1,7,"463,98","958,75","32,5","2,2578","-4,0772","-0,6713","0,0346",0,"0,1691","1,7363","0,0571","7,4091","0,2231","-0,0522","0,9492","1,4762","-0,9287","-0,1223","-128,683","8,7686","62,2462","-4,93","-13,47","-173,26",1,,,,
224925,144017,"-21,9416008","-48,95267487","509,1",1,7,"463,98","958,75","32,5","2,2579","-4,0772","-0,6581","0,035",0,"0,1662","1,7557","0,0571","7,4502","0,2192","-0,0552","0,9585","-0,9628","-0,4409","-1,5857","-129,1207","7,4379","62,3141","-4,88","-13,44","-173,26",1,,,,
225025,144017,"-21,9416008","-48,95267487","509,1",1,7,"463,98","958,75","32,5","2,2579","-4,0772","-0,6471","0,0342",0,"0,1624","1,7124","0,0571","7,419","0,2153","-0,0562","0,9482","-0,9628","0,047","2,7436","-128,2687","8,594","62,3527","-4,84","-13,41","-173,34",1,,,,
225125,144017,"-21,9416008","-48,95267487","509,1",1,7,"463,98","958,75","32,5","2,2579","-4,0772","-0,6379","0,0348",0,"0,1596","1,7452","0,0571","7,4118","0,2275","-0,0527","0,9482","-1,3896","0,3518","2,5607","-128,6972","8,8085","62,7547","-4,85","-13,38","-173,27",1,,,,
225278,144017,"-21,9416008","-48,95267487","509,1",1,7,"464,08","958,74","32,5","2,258","-4,0772","-0,6471","0,035",0,"0,1323","1,7547","0,0571","7,4019","0,2246","-0,0527","0,9434","-1,2067","1,8152","-1,6466","-128,8509","7,8632","62,8354","-4,92","-13,31","-172,99",1,,,,
225325,144017,"-21,9416008","-48,95267487","509,1",1,7,"464,08","958,74","32,5","2,258","-4,0772","-0,6549","0,0344",0,"0,1349","1,7261","0,0571","7,4194","0,2144","-0,0522","0,9541","0,9274","1,6933","0,0607","-128,9894","7,6605","62,7019",-5,"-13,16","-172,71",1,,,,
225425,144017,"-21,9416008","-48,95267487","509,1",1,7,"464,08","958,74","32,5","2,2581","-4,0772","-0,6613","0,0349",0,"0,1365","1,7495","0,0571","7,4032","0,2305","-0,0649","0,9463","1,1104","-0,014","-1,0369","-129,3956","8,5977","62,6354","-5,03",-13,"-172,57",1,,,,
225525,144017,"-21,9416008","-48,95267487","509,1",1,7,"464,08","958,74","32,5","2,2581","-4,0772","-0,6667","0,0341",0,"0,1371","1,7079","0,0571","7,3589","0,2183","-0,0752","0,9404","-1,3896","0,3518","1,2802","-128,5527","8,2087","62,3398","-4,99","-12,95","-172,57",1,,,,
225625,144017,"-21,9416008","-48,95267487","509,1",1,7,"464,08","958,74","32,5","2,2581","-4,0772","-0,6712","0,0343",0,"0,1391","1,7172","0,0571","7,3921","0,2256","-0,0381","0,9502","-1,5116","0,5957","0,2436","-128,4213","8,4313","62,7276","-4,99","-12,95","-172,58",1,,,,
225778,144017,"-21,9416008","-48,95267487","509,1",1,7,"464,08","958,74","32,51","2,2582","-4,0772","-0,675","0,0345",0,"0,1398","1,7293","0,0571","7,3743","0,2217","-0,0576","0,9424","-1,4506","2,2421","0,6095","-128,2788","9,0152","62,8811","-4,99","-12,93","-172,6",1,,,,
225825,144017,"-21,9416008","-48,95267487","509,1",1,7,"464,08","958,74","32,51","2,2582","-4,0772","-0,6781","0,0338",0,"0,141","1,6925","0,0571","7,39","0,209","-0,0654","0,9507","0,0128","0,6567","0,4875","-129,8271","9,2134","63,3115","-4,99","-12,88","-172,65",1,,,,
225925,144017,"-21,9416008","-48,95267487","509,1",1,7,"464,08","958,74","32,51","2,2582","-4,0772","-0,6808","0,0337",0,"0,1406","1,6899","0,0571","7,3302","0,2158","-0,0557","0,9414","0,3787","2,7299","-1,1588","-128,2779","7,0489","62,0186","-4,97","-12,79","-172,7",1,,,,
226025,144019,"-21,9416008","-48,95267487","509,1",1,7,"464,08","958,74","32,51","2,2583","-4,0772","-0,683","0,0345",0,"0,1418","1,727","0,0571","7,3598","0,2251","-0,0449","0,9546","-2,3043","0,5957","-1,4637","-128,6871","8,3873","62,2263","-4,92","-12,68","-172,8",1,,,,
226125,144019,"-21,9416008","-48,95267487","509,1",1,7,"464,08","958,74","32,51","2,2583","-4,0772","-0,6848","0,0343",0,"0,1436","1,7199","0,0571","7,421","0,2192","-0,0493","0,9653","-1,3896","-3,0628","0,4875","-128,1261","9,178","62,5062","-4,92","-12,58","-172,95",1,,,,
226455,144019,"-21,9416008","-48,95267487","509,1",1,7,"464,32","958,71","32,51","2,2584","-4,0772","-0,7259","0,0342",0,"0,0859","1,7161","0,0571","7,4074","0,2134","-0,0503","0,9521","-1,6335","-1,9652","0,2436","-128,4112","8,0101","62,1992",-5,"-12,73","-173,02",1,,,,
226502,144019,"-21,9416008","-48,95267487","509,1",1,7,"464,32","958,71","32,51","2,2584","-4,0772","-0,7602","0,0335",0,"0,0949","1,6775","0,0571","7,3615","0,207","-0,0488","0,9331","0,4396","0,1079","1,8899","-129,3803","9,3403","62,4211","-4,99","-12,74","-172,98",1,,,,
226602,144019,"-21,9416008","-48,95267487","509,1",1,7,"464,32","958,71","32,51","2,2584","-4,0772","-0,7889","0,0341",0,"0,1041","1,7097","0,0571","7,4077","0,2227","-0,0532","0,9517","-2,4872","-0,3799","0,2436","-127,8625","7,6569","62,4192","-5,01","-12,81","-172,89",1,,,,
226702,144019,"-21,9416008","-48,95267487","509,1",1,7,"464,32","958,71","32,51","2,2584","-4,0772","-0,8128","0,0336",0,"0,1112","1,6838","0,0571","7,4213","0,2085","-0,063","0,9517","-0,414","-3,5506","-3,6588","-128,8326","8,2046","62,347","-5,06","-12,9","-172,87",1,,,,
226802,144019,"-21,9416008","-48,95267487","509,1",1,7,"464,32","958,71","32,51","2,2585","-4,0772","-0,8328","0,0349",0,"0,1166","1,7483","0,0571","7,4023","0,231","-0,0532","0,9453","0,2567","1,8762","-2,6223","-128,2616","8,5741","62,0985","-5,03","-13,01","-173,12",1,,,,
226955,144019,"-21,9416008","-48,95267487","509,1",1,7,"464,44","958,7","32,52","2,2585","-4,0772","-0,8691","0,0344",0,"0,0931","1,7265","0,0571","7,4139","0,2183","-0,0483","0,9497","-0,475","-1,7213","6,8899","-129,3925","8,1964","62,3612","-4,95",-13,"-173,41",1,,,,
227002,144020,"-21,9416008","-48,95267487","509,1",1,7,"464,44","958,7","32,52","2,2586","-4,0772","-0,8994","0,0356",0,"0,1015","1,7853","0,0571","7,402","0,2412","-0,0601","0,9453","-0,597","3,5226","-3,1101","-128,2656","8,1928","62,0785","-4,92","-12,92","-173,43",1,,,,
227102,144020,"-21,9416008","-48,95267487","509,1",1,7,"464,44","958,7","32,52","2,2586","-4,0772","-0,9247","0,0345",0,"0,1086","1,7312","0,0571","7,3877","0,2236","-0,0562","0,9487","1,5982","-2,3311","-0,732","-128,9752","7,6206","62,1935","-4,91","-12,82","-173,37",1,,,,
227202,144020,"-21,9416008","-48,95267487","509,1",1,7,"464,44","958,7","32,52","2,2586","-4,0772","-0,9459","0,0344",0,"0,116","1,7225","0,0571","7,4541","0,2256","-0,0537","0,9634","-1,9384","-0,197","-0,1832","-128,122","9,5593","62,5261","-4,87","-12,79","-173,37",1,,,,
227302,144020,"-21,9416008","-48,95267487","509,1",1,7,"464,44","958,7","32,52","2,2587","-4,0772","-0,9635","0,034",0,"0,1209","1,7064","0,0571","7,4475","0,2178","-0,0552","0,9521","-0,597","-0,9896","-1,6466","-128,8072","8,526","61,6042","-4,87","-12,78","-173,43",1,,,,
227455,144020,"-21,9416008","-48,95267487","509,1",1,7,"464,44","958,7","32,53","2,2587","-4,0772","-0,9783","0,0335",0,"0,1249","1,6802","0,0571","7,4309","0,2085","-0,0537","0,9438","1,4762","0,1689","-0,2442","-128,7991","9,2886","61,6442","-4,89","-12,84","-173,48",1,,,,
227502,144020,"-21,9416008","-48,95267487","509,1",1,7,"464,44","958,7","32,53","2,2587","-4,0772","-0,9906","0,034",0,"0,128","1,7041","0,0571","7,4095","0,2246","-0,0649","0,9438","-2,1213","-2,697","0,8534","-128,5557","8,6099","62,614","-4,86","-12,95","-173,5",1,,,,
227602,144020,"-21,9416008","-48,95267487","509,1",1,7,"464,44","958,7","32,53","2,2588","-4,0772","-1,0009","0,0341",0,"0,1312","1,7092","0,0571","7,4234","0,2222","-0,0625","0,9473","-1,2067","0,9616","-1,2198","-128,3918","9,134","62,0049","-4,82","-13,04","-173,49",1,,,,
227702,144020,"-21,9416008","-48,95267487","509,1",1,7,"464,44","958,7","32,53","2,2588","-4,0772","-1,0095","0,035",0,"0,1325","1,7517","0,0571","7,3623","0,231","-0,0522","0,9365","-0,0482","0,9616","0,8534","-128,397","7,9701","61,6908","-4,79","-13,08","-173,54",1,,,,
227802,144020,"-21,9416008","-48,95267487","509,1",1,7,"464,44","958,7","32,53","2,2588","-4,0772","-1,0167","0,035",0,"0,1355","1,7561","0,0571","7,4119","0,2329","-0,0483","0,9536","-0,7799","0,6567","-2,5003","-128,4203","9,2138","63,0218","-4,78","-13,06","-173,56",1,,,,
227955,144020,"-21,9416008","-48,95267487","509,1",1,7,"464,59","958,68","32,55","2,2589","-4,0772","-1,0479","0,0355",0,"0,1007","1,779","0,0571","7,4264","0,2222","-0,0542","0,9517","-0,8409","0,5348","0,3655","-129,3925","8,1964","62,3612","-4,81","-13,03","-173,58",1,,,,
228002,144020,"-21,9416008","-48,95267487","509,1",1,7,"464,59","958,68","32,55","2,2589","-4,0772","-1,074","0,0351",0,"0,108","1,7603","0,0571","7,4179","0,2202","-0,0503","0,9478","-1,6945","0,1689","1,3412","-129,3915","8,979","62,6553","-4,89",-13,"-173,59",1,,,,
228102,144020,"-21,9416008","-48,95267487","509,1",1,7,"464,59","958,68","32,55","2,2589","-4,0772","-1,0958","0,0349",0,"0,114","1,7512","0,0571","7,402","0,2271","-0,0645","0,9492","-0,0482","2,7909","1,3412","-128,5497","7,8074","62,0657","-4,94","-12,97","-173,6",1,,,,
228202,144020,"-21,9416008","-48,95267487","509,1",1,7,"464,59","958,68","32,55","2,259","-4,0772","-1,114","0,0355",0,"0,1195","1,7794","0,0571","7,4142","0,2197","-0,0537","0,9502","-0,414","-0,5628","1,0363","-128,9629","8,7645","62,2533","-4,93","-12,92","-173,62",1,,,,
228302,144020,"-21,9416008","-48,95267487","509,1",1,7,"464,59","958,68","32,55","2,259","-4,0772","-1,1292","0,0354",0,"0,1236","1,7723","0,0571","7,3989","0,2324","-0,0635","0,9409","-0,2311","-1,5384","0,0607","-128,9599","8,3632","61,9792","-4,93","-12,91","-173,58",1,,,,
228583,144020,"-21,9416008","-48,95267487","509,1",1,7,"464,08","958,74","32,56","2,2591","-4,0772","-1,0572","0,0337",0,"0,2512","1,6893","0,0571","7,4012","0,2197","-0,0649","0,9404","-0,9628","-1,8433","0,4875","-128,97","8,7844","62,5076","-5,02","-13,07","-173,45",1,,,,
228630,144020,"-21,9416008","-48,95267487","509,1",1,7,"464,08","958,74","32,56","2,2591","-4,0772","-0,997","0,034",0,"0,2345","1,7047","0,0571","7,4305","0,2227","-0,0508","0,958","-0,2921","-0,014","0,7924","-128,8499","8,6457","63,1296","-5,04","-13,1","-173,43",1,,,,
228730,144020,"-21,9416008","-48,95267487","509,1",1,7,"464,08","958,74","32,56","2,2591","-4,0772","-0,9467","0,0354",0,"0,2201","1,7741","0,0571","7,434","0,228","-0,0693","0,958","-3,2189","0,7177","1,4631","-129,2195","10,2656","62,0861","-5,06","-13,17","-173,38",1,,,,
228830,144020,"-21,9416008","-48,95267487","509,1",1,7,"464,08","958,74","32,56","2,2591","-4,0772","-0,9047","0,0342",0,"0,208","1,7136","0,0571","7,4361","0,2168","-0,0352","0,9492","-0,7189","0,4128","0,1826","-128,6942","8,4072","62,4805","-5,13","-13,21","-173,3",1,,,,
228930,144020,"-21,9416008","-48,95267487","509,1",1,7,"464,08","958,74","32,56","2,2592","-4,0772","-0,8696","0,0345",0,"0,1984","1,7277","0,0571","7,4609","0,2173","-0,0444","0,958","-0,8409","0,8396","1,707","-127,9917","8,9994","62,6198","-5,14","-13,2","-173,25",1,,,,
229083,144022,"-21,9416008","-48,95267487","509,1",1,7,"463,77","958,77","32,56","2,2592","-4,0772","-0,7899","0,0356",0,"0,2629","1,7823","0,0571","7,4225","0,2314","-0,0635","0,9497","0,5006","-0,4409","0,7314","-128,9853","8,0418","62,7219","-5,1","-13,21","-173,18",1,,,,
229130,144022,"-21,9416008","-48,95267487","509,1",1,7,"463,77","958,77","32,56","2,2593","-4,0772","-0,7233","0,0357",0,"0,2432","1,79","0,0571","7,3979","0,2295","-0,0645","0,9419","0,1957","2,364","-0,1223","-128,6942","8,4072","62,4805","-5,08","-13,23","-173,1",1,,,,
229230,144022,"-21,9416008","-48,95267487","509,1",1,7,"463,77","958,77","32,56","2,2593","-4,0772","-0,6677","0,0349",0,"0,2274","1,751","0,0571","7,4106","0,2104","-0,0527","0,9575","-1,1457","-1,9652","1,1582","-128,2747","9,3965","62,9011","-5,05","-13,22","-173,03",1,,,,
229330,144022,"-21,9416008","-48,95267487","509,1",1,7,"463,77","958,77","32,56","2,2593","-4,0772","-0,6212","0,0355",0,"0,2142","1,7785","0,0571","7,4159","0,2324","-0,0659","0,9541","0,6835","-1,5384","1,4021","-128,5273","8,5301","61,5971","-5,04","-13,28","-172,92",1,,,,
229430,144022,"-21,9416008","-48,95267487","509,1",1,7,"463,77","958,77","32,56","2,2594","-4,0772","-0,5823","0,0349",0,"0,2031","1,7487","0,0571","7,4206","0,2188","-0,0625","0,9565","1,1104","-0,3189","1,8899","-128,7013","8,4272","62,7347","-5,02","-13,36","-172,8",1,,,,
229583,144022,"-21,9416008","-48,95267487","509,1",1,7,"464,08","958,74","32,55","2,2594","-4,0772","-0,6003","0,0347",0,"0,1206","1,7409","0,0571","7,4493","0,2207","-0,0601","0,9614","0,7445","-0,5018","-2,4393","-129,4037","7,8351","62,5954","-4,95","-13,38","-172,77",1,,,,
229630,144022,"-21,9416008","-48,95267487","509,1",1,7,"464,08","958,74","32,55","2,2594","-4,0772","-0,6153","0,0347",0,"0,1247","1,738","0,0571","7,4426","0,2217","-0,0498","0,9507","-0,8409","0,3518","-0,0613","-128,4142","8,4113","62,4734","-4,84","-13,37","-172,91",1,,,,
229730,144022,"-21,9416008","-48,95267487","509,1",1,7,"464,08","958,74","32,55","2,2594","-4,0772","-0,6278","0,0338",0,"0,1279","1,6958","0,0571","7,4194","0,2212","-0,0469","0,9541","-1,4506","-1,8433","1,9509","-128,4061","9,1739","62,5133","-4,75","-13,35","-173,06",1,,,,
229830,144022,"-21,9416008","-48,95267487","509,1",1,7,"464,08","958,74","32,55","2,2595","-4,0772","-0,6383","0,0343",0,"0,1304","1,719","0,0571","7,3957","0,2207","-0,043","0,9458","-0,597","-0,075","-0,1832","-128,9558","8,7445","61,9991","-4,73","-13,36","-173,09",1,,,,
229930,144022,"-21,9416008","-48,95267487","509,1",1,7,"464,08","958,74","32,55","2,2595","-4,0772","-0,647","0,0343",0,"0,1336","1,7174","0,0571","7,4264","0,2266","-0,0576","0,9595","-2,0604","-0,9896","-0,9149","-128,5598","8,2286","62,5941","-4,69","-13,43","-173,12",1,,,,
230083,144023,"-21,9416008","-48,95267487","509,1",1,7,"463,97","958,75","32,56","2,2595","-4,0772","-0,6374","0,0354",0,"0,1609","1,7722","0,0571","7,4467","0,228","-0,0527","0,9575","-2,2433","-0,6848","0,2436","-128,9924","8,0618","62,9761","-4,7","-13,48","-173,22",1,,,,
230130,144023,"-21,9416008","-48,95267487","509,1",1,7,"463,97","958,75","32,56","2,2596","-4,0772","-0,6293","0,0348",0,"0,158","1,7427","0,0571","7,4192","0,2158","-0,0425","0,9434","-1,6945","1,0835","2,4997","-128,967","8,3832","62,2334","-4,79","-13,46","-173,28",1,,,,
230230,144023,"-21,9416008","-48,95267487","509,1",1,7,"463,97","958,75","32,56","2,2596","-4,0772","-0,6226","0,035",0,"0,1553","1,7521","0,0571","7,3817","0,2163","-0,0767","0,938","-0,2311","-0,075","-1,0369","-128,2564","9,7379","62,4126","-4,91","-13,39","-173,29",1,,,,
230330,144023,"-21,9416008","-48,95267487","509,1",1,7,"463,97","958,75","32,56","2,2596","-4,0772","-0,617","0,0346",0,"0,1534","1,7348","0,0571","7,3669","0,2188","-0,0474","0,9478","-2,4262","-0,7457","-0,5491","-129,1156","8,6017","62,6282","-4,98","-13,31","-173,33",1,,,,
230430,144023,"-21,9416008","-48,95267487","509,1",1,7,"463,97","958,75","32,56","2,2596","-4,0772","-0,6123","0,0354",0,"0,1526","1,7732","0,0571","7,3969","0,2354","-0,0703","0,9478","-0,9018","-2,0872","1,5851","-128,4213","8,4313","62,7276","-5,04","-13,26","-173,42",1,,,,
230721,144023,"-21,9416008","-48,95267487","509,1",1,7,"464,08","958,74","32,56","2,2597","-4,0772","-0,6257","0,0344",0,"0,1255","1,7246","0,0571","7,3687","0,2222","-0,041","0,9434","-0,7189","0,2909","2,4387","-129,3986","8,9989","62,9095","-5,14","-13,62","-173,45",1,,,,
230768,144023,"-21,9416008","-48,95267487","509,1",1,7,"464,08","958,74","32,56","2,2597","-4,0772","-0,637","0,0345",0,"0,1297","1,728","0,0571","7,4134","0,2222","-0,0562","0,96","-0,1091","-1,6604","-0,3052","-128,5669","8,2486","62,8483","-5,14","-13,66","-173,42",1,,,,
230868,144023,"-21,9416008","-48,95267487","509,1",1,7,"464,08","958,74","32,56","2,2597","-4,0772","-0,6464","0,0348",0,"0,1325","1,7461","0,0571","7,4224","0,2358","-0,0596","0,9531","-2,2433","-2,3311","1,0973","-128,9588","9,1458","62,2733","-5,18","-13,76","-173,37",1,,,,
230968,144023,"-21,9416008","-48,95267487","509,1",1,7,"464,08","958,74","32,56","2,2598","-4,0772","-0,6542","0,0351",0,"0,1346","1,7616","0,0571","7,4141","0,2251","-0,0469","0,9536","-0,414","0,1689","-1,2808","-128,8031","8,9073","61,6242","-5,3","-13,87","-173,33",1,,,,
231068,144023,"-21,9416008","-48,95267487","509,1",1,7,"464,08","958,74","32,56","2,2598","-4,0772","-0,6608","0,0357",0,"0,1372","1,7912","0,0571","7,4457","0,2363","-0,0459","0,9575","0,3177","0,2299","-2,1954","-128,9681","7,6007","61,9392","-5,36","-13,84","-173,38",1,,,,
231221,144023,"-21,9416008","-48,95267487","509,1",1,7,"463,98","958,75","32,57","2,2598","-4,0772","-0,6493","0,0353",0,"0,163","1,7704","0,0571","7,421","0,2227","-0,0542","0,9473","-2,975","0,9616","0,9143","-128,7105","6,8821","62,4006","-5,35","-13,72","-173,46",1,,,,
231268,144023,"-21,9416008","-48,95267487","509,1",1,7,"463,98","958,75","32,57","2,2599","-4,0772","-0,6397","0,035",0,"0,1602","1,7558","0,0571","7,4184","0,2207","-0,0566","0,9492","-1,5726","1,5104","-0,3052","-129,2175","9,0818","61,5177","-5,36","-13,59","-173,49",1,,,,
231368,144023,"-21,9416008","-48,95267487","509,1",1,7,"463,98","958,75","32,57","2,2599","-4,0772","-0,6317","0,0344",0,"0,1574","1,7229","0,0571","7,3914","0,2192","-0,0547","0,9482","-0,9018","-0,9896","0,4875","-127,9897","7,8156","62,0514","-5,36","-13,45","-173,48",1,,,,
231468,144023,"-21,9416008","-48,95267487","509,1",1,7,"463,98","958,75","32,57","2,2599","-4,0772","-0,625","0,0352",0,"0,1554","1,7643","0,0571","7,39","0,2285","-0,0415","0,9458","-0,2921","-0,3799","1,768","-129,0932","9,3244","62,1597","-5,32","-13,37","-173,46",1,,,,
231568,144023,"-21,9416008","-48,95267487","509,1",1,7,"463,98","958,75","32,57","2,2599","-4,0772","-0,6195","0,0338",0,"0,1539","1,6922","0,0571","7,394","0,2036","-0,0483","0,9419","0,9274","-1,8433","0,9143","-129,3915","8,979","62,6553","-5,27","-13,35","-173,41",1,,,,
231721,144023,"-21,9416008","-48,95267487","509,1",1,7,"464,18","958,72","32,56","2,2599","-4,0772","-0,6487","0,0339",0,"0,1029","1,7001","0,0571","7,3916","0,2173","-0,0474","0,9404","-1,8165","0,1689","-2,1954","-128,9507","9,9084","62,3132","-5,22","-13,36","-173,37",1,,,,
231768,144023,"-21,9416008","-48,95267487","509,1",1,7,"464,18","958,72","32,56","2,26","-4,0772","-0,6731","0,0341",0,"0,1098","1,7108","0,0571","7,3835","0,2222","-0,062","0,9443","-1,4506","2,1201","2,0119","-128,1048","9,1181","61,7435","-5,21","-13,37","-173,41",1,,,,
231868,144023,"-21,9416008","-48,95267487","509,1",1,7,"464,18","958,72","32,56","2,26","-4,0772","-0,6935","0,0342",0,"0,1156","1,7149","0,0571","7,3794","0,2065","-0,0547","0,9473","-0,9018","0,5957","0,4875","-127,9765","9,742","62,4055","-5,23","-13,28","-173,46",1,,,,
231968,144025,"-21,9416008","-48,95267487","509,1",1,7,"464,18","958,72","32,56","2,26","-4,0772","-0,7105","0,0347",0,"0,1201","1,7385","0,0571","7,3584","0,2266","-0,0552","0,9395","-0,7189","-1,2335","-0,1832","-128,6952","7,6247","62,1863","-5,22","-13,19","-173,54",1,,,,
232068,144025,"-21,9416008","-48,95267487","509,1",1,7,"464,18","958,72","32,56","2,26","-4,0772","-0,7248","0,0338",0,"0,1247","1,6955","0,0571","7,3857","0,2148","-0,063","0,9512","-0,9018","0,047","2,1948","-128,3022","7,51","63,0555","-5,14","-13,19","-173,63",1,,,,
232221,144025,"-21,9416008","-48,95267487","509,1",1,7,"464,18","958,73","32,57","2,26","-4,0772","-0,7362","0,0345",0,"0,1293","1,7306","0,0571","7,4091","0,2192","-0,0508","0,9443","0,8055","1,5713","0,3046","-128,2758","8,614","62,6069","-5,08","-13,22","-173,56",1,,,,
232268,144025,"-21,9416008","-48,95267487","509,1",1,7,"464,18","958,73","32,57","2,2601","-4,0772","-0,7458","0,0349",0,"0,132","1,7509","0,0571","7,4072","0,2285","-0,0552","0,9482","-0,1091","1,0835","-0,9759","-128,4295","7,6687","62,6877","-5,03","-13,25","-173,44",1,,,,
232368,144025,"-21,9416008","-48,95267487","509,1",1,7,"464,18","958,73","32,57","2,2601","-4,0772","-0,7538","0,035",0,"0,1344","1,7532","0,0571","7,4153","0,2197","-0,0576","0,9429","-1,5116","0,4738","-2,0735","-128,8438","7,8432","62,5812","-4,96","-13,21","-173,43",1,,,,
232468,144025,"-21,9416008","-48,95267487","509,1",1,7,"464,18","958,73","32,57","2,2601","-4,0772","-0,7605","0,0349",0,"0,1357","1,7508","0,0571","7,3845","0,2227","-0,0508","0,9399","-1,0238","1,3884","1,646","-128,402","9,5552","62,5333","-4,92","-13,15","-173,54",1,,,,
232568,144025,"-21,9416008","-48,95267487","509,1",1,7,"464,18","958,73","32,57","2,2601","-4,0772","-0,7661","0,0353",0,"0,1376","1,7696","0,0571","7,3983","0,2271","-0,0566","0,9453","0,1957","0,2299","1,5241","-127,8462","9,1821","62,4991","-4,89","-13,11","-173,6",1,,,,
232844,144025,"-21,9416008","-48,95267487","509,1",1,7,"464,32","958,71","32,57","2,2602","-4,0772","-0,7938","0,0356",0,"0,1055","1,7843","0,0571","7,4091","0,2271","-0,0518","0,9512","-1,5726","-0,014","3,1704","-129,0984","8,1606","61,8456","-4,77","-13,05","-173,63",1,,,,
232891,144025,"-21,9416008","-48,95267487","509,1",1,7,"464,32","958,71","32,57","2,2602","-4,0772","-0,8169","0,0353",0,"0,112","1,7698","0,0571","7,4","0,2222","-0,0527","0,9458","-1,2677","-2,2701","0,2436","-129,9555","8,5895","62,6496","-4,77","-13,04","-173,6",1,,,,
232991,144026,"-21,9416008","-48,95267487","509,1",1,7,"464,32","958,71","32,57","2,2602","-4,0772","-0,8363","0,0344",0,"0,1174","1,7269","0,0571","7,3946","0,2148","-0,0474","0,9473","-1,2677","-1,0506","0,0607","-128,5598","8,2286","62,5941","-4,84","-13,08","-173,54",1,,,,
233091,144026,"-21,9416008","-48,95267487","509,1",1,7,"464,32","958,71","32,57","2,2602","-4,0772","-0,8524","0,0347",0,"0,1218","1,7378","0,0571","7,3795","0,2134","-0,0605","0,9424","0,0738","0,2299","0,5485","-128,6911","8,006","62,2063","-4,92","-13,12","-173,56",1,,,,
233191,144026,"-21,9416008","-48,95267487","509,1",1,7,"464,32","958,71","32,57","2,2603","-4,0772","-0,8659","0,0349",0,"0,1263","1,7511","0,0571","7,4124","0,2314","-0,062","0,9492","0,9884","0,2909","1,3412","-128,5598","8,2286","62,5941","-4,91","-13,12","-173,6",1,,,,
233344,144026,"-21,9416008","-48,95267487","509,1",1,7,"464,08","958,74","32,61","2,2603","-4,0772","-0,8372","0,036",0,"0,1882","1,805","0,0571","7,4189","0,2339","-0,0601","0,9531","-0,597","0,5957","2,9265","-127,8523","7,2357","61,8908","-4,81","-13,12","-173,62",1,,,,
233391,144026,"-21,9416008","-48,95267487","509,1",1,7,"464,08","958,74","32,61","2,2603","-4,0772","-0,8132","0,0356",0,"0,181","1,7828","0,0571","7,404","0,2217","-0,0562","0,9448","-0,8409","-0,075","-1,3418","-128,1434","9,6192","63,2888","-4,75","-13,14","-173,59",1,,,,
233491,144026,"-21,9416008","-48,95267487","509,1",1,7,"464,08","958,74","32,61","2,2603","-4,0772","-0,7932","0,0356",0,"0,1747","1,7827","0,0571","7,3778","0,2275","-0,0547","0,9409","-0,8409","1,6933","1,1582","-128,795","9,6699","61,6641","-4,7","-13,15","-173,57",1,,,,
233591,144026,"-21,9416008","-48,95267487","509,1",1,7,"464,08","958,74","32,61","2,2604","-4,0772","-0,7764","0,0344",0,"0,17","1,7244","0,0571","7,3827","0,2173","-0,0532","0,9473","-2,1213","-1,7823","0,3655","-127,8442","7,9983","61,9308","-4,66","-13,12","-173,55",1,,,,
233691,144026,"-21,9416008","-48,95267487","509,1",1,7,"464,08","958,74","32,61","2,2604","-4,0772","-0,7625","0,0341",0,"0,1661","1,7104","0,0571","7,3897","0,2168","-0,0449","0,9502","-1,2067","-0,075","1,2802","-128,7043","8,8285","63,0089","-4,63","-13,12","-173,54",1,,,,
233844,144026,"-21,9416008","-48,95267487","509,1",1,7,"464,18","958,73","32,59","2,2604","-4,0772","-0,7677","0,0348",0,"0,1381","1,744","0,0571","7,3957","0,2261","-0,0435","0,9497","0,5006","1,0835","-4,0857","-128,1261","9,178","62,5062","-4,64","-13,13","-173,54",1,,,,
233891,144026,"-21,9416008","-48,95267487","509,1",1,7,"464,18","958,73","32,59","2,2604","-4,0772","-0,7721","0,0347",0,"0,1387","1,7387","0,0571","7,3648","0,2212","-0,0586","0,937","-0,475","-0,7457","-0,854","-127,5561","8,7649","61,9636","-4,61","-13,1","-173,64",1,,,,
233991,144026,"-21,9416008","-48,95267487","509,1",1,7,"464,18","958,73","32,59","2,2604","-4,0772","-0,7758","0,0348",0,"0,1394","1,7444","0,0571","7,3452","0,2212","-0,0508","0,936","-1,6335","-0,9287","2,0729","-128,8326","8,2046","62,347","-4,55","-13,08","-173,78",1,,,,
234091,144026,"-21,9416008","-48,95267487","509,1",1,7,"464,18","958,73","32,59","2,2605","-4,0772","-0,7789","0,0353",0,"0,1404","1,7678","0,0571","7,3528","0,2319","-0,0601","0,936","-1,6335","1,6323","-0,793","-128,5415","8,57","62,1056","-4,55","-13,09","-173,83",1,,,,
234191,144026,"-21,9416008","-48,95267487","509,1",1,7,"464,18","958,73","32,59","2,2605","-4,0772","-0,7814","0,0346",0,"0,1419","1,7329","0,0571","7,3886","0,2158","-0,0576","0,9531","-0,536","-1,7213","0,1826","-128,2829","8,6339","62,8611","-4,59","-13,06","-173,86",1,,,,
234344,144026,"-21,9416008","-48,95267487","509,1",1,7,"463,97","958,75","32,59","2,2605","-4,0772","-0,7497","0,0343",0,"0,1923","1,7205","0,0571","7,4022","0,2178","-0,0498","0,9531","-0,7799","-0,5018","1,0363","-128,6789","9,1499","62,2662","-4,57","-13,07","-173,87",1,,,,
234391,144026,"-21,9416008","-48,95267487","509,1",1,7,"463,97","958,75","32,59","2,2605","-4,0772","-0,7232","0,0346",0,"0,1852","1,7352","0,0571","7,4268","0,2256","-0,0488","0,9565","-0,536","-0,9287","0,4265","-128,684","7,986","61,9521","-4,53","-13,1","-173,84",1,,,,
234491,144026,"-21,9416008","-48,95267487","509,1",1,7,"463,97","958,75","32,59","2,2605","-4,0772","-0,701","0,0337",0,"0,1786","1,6917","0,0571","7,4159","0,2124","-0,0557","0,9395","-0,414","-0,3189","1,829","-128,7155","8,4671","63,2432","-4,51","-13,13","-173,77",1,,,,
234591,144026,"-21,9416008","-48,95267487","509,1",1,7,"463,97","958,75","32,59","2,2605","-4,0772","-0,6825","0,0347",0,"0,1739","1,7375","0,0571","7,449","0,2212","-0,0493","0,9546","-1,2677","-0,5628","2,0729","-127,9622","9,7021","61,897","-4,52","-13,14","-173,66",1,,,,
234691,144026,"-21,9416008","-48,95267487","509,1",1,7,"463,97","958,75","32,59","2,2606","-4,0772","-0,667","0,035",0,"0,1691","1,7557","0,0571","7,4306","0,23","-0,0542","0,9473","-0,8409","1,2665","1,646","-128,2616","8,5741","62,0985","-4,54","-13,11","-173,55",1,,,,
235031,144028,"-21,9416008","-48,95267487","509,1",1,7,"464,18","958,73","32,59","2,2606","-4,0772","-0,6884","0,034",0,"0,1151","1,7057","0,0571","7,4274","0,2114","-0,0547","0,9487","0,5616","0,3518","-0,1223","-128,9548","9,5271","62,2933","-4,28","-13,02","-173,42",1,,,,
235078,144028,"-21,9416008","-48,95267487","509,1",1,7,"464,18","958,73","32,59","2,2606","-4,0772","-0,7063","0,035",0,"0,12","1,755","0,0571","7,4157","0,2358","-0,0596","0,9468","0,0128","-0,5018","2,9265","-128,4233","9,6151","63,2959","-4,22",-13,"-173,41",1,,,,
235178,144028,"-21,9416008","-48,95267487","509,1",1,7,"464,18","958,73","32,59","2,2606","-4,0772","-0,7212","0,0345",0,"0,1236","1,7319","0,0571","7,381","0,2207","-0,0703","0,9482","0,3787","0,5957","-1,2808","-128,4112","8,0101","62,1992","-4,14","-12,97","-173,43",1,,,,
235278,144028,"-21,9416008","-48,95267487","509,1",1,7,"464,18","958,73","32,59","2,2606","-4,0772","-0,7337","0,0353",0,"0,127","1,7719","0,0571","7,3687","0,2378","-0,0532","0,9434","-1,8165","-1,2335","0,3655","-128,2758","8,614","62,6069","-4,11","-12,9","-173,52",1,,,,
235378,144028,"-21,9416008","-48,95267487","509,1",1,7,"464,18","958,73","32,59","2,2607","-4,0772","-0,7441","0,036",0,"0,1293","1,806","0,0571","7,3355","0,2349","-0,064","0,9365","0,9274","0,5348","-0,5491","-128,9629","8,7645","62,2533","-4,16","-12,91","-173,56",1,,,,
235531,144028,"-21,9416008","-48,95267487","509,1",1,7,"464,32","958,71","32,6","2,2607","-4,0772","-0,7754","0,0356",0,"0,0995","1,7832","0,0571","7,3714","0,2231","-0,0488","0,9512","0,1348","0,9006","1,4631","-128,2676","9,3766","62,6468","-4,18","-12,94","-173,58",1,,,,
235578,144028,"-21,9416008","-48,95267487","509,1",1,7,"464,32","958,71","32,6","2,2607","-4,0772","-0,8016","0,0345",0,"0,1074","1,7273","0,0571","7,3909","0,208","-0,0669","0,9517","-0,475","1,6933","1,4631","-128,8235","7,0008","61,5244","-4,15","-12,96","-173,6",1,,,,
235678,144028,"-21,9416008","-48,95267487","509,1",1,7,"464,32","958,71","32,6","2,2607","-4,0772","-0,8235","0,0341",0,"0,1134","1,711","0,0571","7,3744","0,2158","-0,0654","0,9375","-0,353","-0,075","1,2192","-128,4203","9,2138","63,0218","-4,14","-12,92","-173,53",1,,,,
235778,144028,"-21,9416008","-48,95267487","509,1",1,7,"464,32","958,71","32,6","2,2607","-4,0772","-0,8417","0,0346",0,"0,1189","1,7343","0,0571","7,3879","0,2217","-0,0557","0,9448","-0,2311","0,5957","-0,4271","-128,4121","9,9764","63,0617","-4,18","-12,88","-173,41",1,,,,
235878,144028,"-21,9416008","-48,95267487","509,1",1,7,"464,32","958,71","32,6","2,2607","-4,0772","-0,857","0,0347",0,"0,1235","1,742","0,0571","7,3983","0,2266","-0,0464","0,9502","-1,1457","-0,9287","1,0973","-128,8357","8,6058","62,6211","-4,21","-12,79","-173,34",1,,,,
236031,144029,"-21,9416008","-48,95267487","509,1",1,7,"464,08","958,74","32,61","2,2607","-4,0772","-0,8297","0,0346",0,"0,1857","1,7324","0,0571","7,4016","0,2217","-0,0688","0,9517","0,3177","-0,4409","0,4875","-128,7879","9,6499","61,4099","-4,25","-12,73","-173,31",1,,,,
236078,144029,"-21,9416008","-48,95267487","509,1",1,7,"464,08","958,74","32,61","2,2608","-4,0772","-0,807","0,035",0,"0,1793","1,7522","0,0571","7,4077","0,2285","-0,0566","0,9502","0,8055","-1,4165","0,1216","-128,1455","8,0541","62,7005","-4,28","-12,73","-173,29",1,,,,
236178,144029,"-21,9416008","-48,95267487","509,1",1,7,"464,08","958,74","32,61","2,2608","-4,0772","-0,788","0,035",0,"0,1733","1,7569","0,0571","7,3808","0,2222","-0,0571","0,9502","-0,353","0,047","1,829","-128,5445","8,9712","62,3798","-4,26","-12,8","-173,3",1,,,,
236278,144029,"-21,9416008","-48,95267487","509,1",1,7,"464,08","958,74","32,61","2,2608","-4,0772","-0,7721","0,0354",0,"0,1691","1,7761","0,0571","7,4001","0,2241","-0,0532","0,9551","-1,9384","-0,3799","1,9509","-129,5147","9,5189","62,3075","-4,25","-12,93","-173,27",1,,,,
236378,144029,"-21,9416008","-48,95267487","509,1",1,7,"464,08","958,74","32,61","2,2608","-4,0772","-0,7588","0,0355",0,"0,1648","1,779","0,0571","7,3773","0,2271","-0,0586","0,9414","-2,2433","0,9006","0,4875","-128,5628","8,6299","62,8683","-4,31","-13,02","-173,13",1,,,,
236531,144029,"-21,9416008","-48,95267487","509,1",1,7,"463,36","958,82","32,61","2,2608","-4,0772","-0,6304","0,0345",0,"0,3339","1,7299","0,0571","7,4113","0,2188","-0,0522","0,9595","-2,3043","-0,7457","-1,2198","-129,2805","7,2951","62,9433","-4,42","-13,02","-173,05",1,,,,
236578,144029,"-21,9416008","-48,95267487","509,1",1,7,"463,36","958,82","32,61","2,2608","-4,0772","-0,5231","0,0343",0,"0,3028","1,7202","0,0571","7,403","0,2183","-0,0635","0,9463","-0,9018","-1,2335","-0,0613","-128,4213","8,4313","62,7276","-4,54","-13,03","-173,13",1,,,,
236678,144029,"-21,9416008","-48,95267487","509,1",1,7,"463,36","958,82","32,61","2,2608","-4,0772","-0,4335","0,0335",0,"0,2778","1,6798","0,0571","7,4446","0,2095","-0,0566","0,9692","0,0128","-0,3799","-0,854","-129,4179","7,875","63,1039","-4,63","-13,06","-173,23",1,,,,
236778,144029,"-21,9416008","-48,95267487","509,1",1,7,"463,36","958,82","32,61","2,2609","-4,0772","-0,3586","0,034",0,"0,2564","1,7038","0,0571","7,4538","0,2295","-0,0479","0,9565","-1,0238","1,7543","-1,3418","-128,5618","9,4124","63,1624","-4,66","-13,07","-173,34",1,,,,
236878,144029,"-21,9416008","-48,95267487","509,1",1,7,"463,36","958,82","32,61","2,2609","-4,0772","-0,296","0,035",0,"0,2382","1,757","0,0571","7,4445","0,2319","-0,0562","0,9478","-0,6579","0,7177","-0,854","-128,3918","9,134","62,0049","-4,68","-12,98","-173,46",1,,,,
237203,144030,"-21,9416008","-48,95267487","509,1",1,7,"463,97","958,75","32,6","2,2609","-4,0772","-0,3441","0,0342",0,"0,076","1,7151","0,0571","7,426","0,2178","-0,0552","0,9517","-0,597","0,5957","-0,0613","-128,2646","8,9753","62,3727","-4,81","-13,01","-173,58",1,,,,
237250,144030,"-21,9416008","-48,95267487","509,1",1,7,"463,97","958,75","32,6","2,2609","-4,0772","-0,3843","0,0341",0,"0,0869","1,7113","0,0571","7,3946","0,2188","-0,0562","0,9399","-0,6579","0,8396","-2,3784","-128,571","7,8673","62,8283","-4,82",-13,"-173,6",1,,,,
237350,144030,"-21,9416008","-48,95267487","509,1",1,7,"463,97","958,75","32,6","2,2609","-4,0772","-0,4179","0,0346",0,"0,0952","1,7349","0,0571","7,3239","0,2222","-0,0679","0,9341","-0,9628","2,364","-0,6101","-129,2683","8,439","63,0032","-4,85","-12,97","-173,67",1,,,,
237450,144030,"-21,9416008","-48,95267487","509,1",1,7,"463,97","958,75","32,6","2,2609","-4,0772","-0,446","0,0347",0,"0,104","1,7383","0,0571","7,3622","0,2266","-0,0566","0,9482","-2,7921","1,9982","0,5485","-128,5516","8,9912","62,634","-4,92","-12,91","-173,71",1,,,,
237550,144030,"-21,9416008","-48,95267487","509,1",1,7,"463,97","958,75","32,6","2,2609","-4,0772","-0,4694","0,0342",0,"0,1124","1,7149","0,0571","7,4404","0,2256","-0,0576","0,9609","-0,7189","-1,1116","-1,1588","-127,8513","8,0182","62,185","-4,98","-12,83","-173,74",1,,,,
237703,144030,"-21,9416008","-48,95267487","509,1",1,7,"464,18","958,73","32,6","2,2609","-4,0772","-0,5229","0,0349",0,"0,0679","1,7473","0,0571","7,4143","0,2285","-0,0615","0,937","0,1348","-0,9896","0,5485","-128,6799","8,3673","61,972","-4,97","-12,76","-173,8",1,,,,
237750,144030,"-21,9416008","-48,95267487","509,1",1,7,"464,18","958,73","32,6","2,2609","-4,0772","-0,5676","0,0351",0,"0,0803","1,7611","0,0571","7,3908","0,228","-0,0571","0,9414","-0,353","1,8762","-1,0369","-128,118","9,9406","62,5461","-4,93","-12,74","-173,85",1,,,,
237850,144030,"-21,9416008","-48,95267487","509,1",1,7,"464,18","958,73","32,6","2,261","-4,0772","-0,6049","0,0351",0,"0,0915","1,7618","0,0571","7,4122","0,2192","-0,0654","0,9473","-1,2677","1,5713","-0,9149","-128,287","8,2527","62,8412","-4,89","-12,7","-173,9",1,,,,
237950,144030,"-21,9416008","-48,95267487","509,1",1,7,"464,18","958,73","32,6","2,261","-4,0772","-0,6361","0,0351",0,"0,1006","1,7612","0,0571","7,4169","0,2285","-0,0488","0,9521","-2,2433","0,4738","-0,2442","-128,5669","8,2486","62,8483","-4,87","-12,68","-173,98",1,,,,
238050,144031,"-21,9416008","-48,95267487","509,1",1,8,"464,18","958,73","32,6","2,261","-4,0772","-0,6621","0,0337",0,"0,1078","1,6908","0,0571","7,4024","0,2129","-0,0518","0,9468","-1,2067","-1,2335","4,8168","-128,9711","8,0019","62,2134","-4,86","-12,71","-174,02",1,,,,
238203,144031,"-21,9416008","-48,95267487","509,1",1,8,"463,28","958,83","32,6","2,261","-4,0772","-0,5362","0,0344",0,"0,3295","1,7236","0,0571","7,3686","0,2275","-0,0664","0,9438","-0,9018","-0,3799","1,9509","-128,4305","6,8862","62,3935","-4,88","-12,73","-173,87",1,,,,
238250,144031,"-21,9416008","-48,95267487","509,1",1,8,"463,28","958,83","32,6","2,261","-4,0772","-0,4309","0,0344",0,"0,2995","1,723","0,0571","7,3875","0,2207","-0,0425","0,9512","-0,2921","1,2055","-0,4271","-128,4173","8,8126","62,7476","-4,91","-12,74","-173,66",1,,,,
238350,144031,"-21,9416008","-48,95267487","509,1",1,8,"463,28","958,83","32,6","2,261","-4,0772","-0,343","0,0352",0,"0,2743","1,7629","0,0571","7,3921","0,228","-0,0591","0,9492","-1,9994","-0,6238","1,646","-128,9711","8,0019","62,2134","-4,91","-12,73","-173,56",1,,,,
238450,144031,"-21,9416008","-48,95267487","509,1",1,8,"463,28","958,83","32,6","2,261","-4,0772","-0,2695","0,0347",0,"0,2526","1,7421","0,0571","7,3634","0,2188","-0,0645","0,9448","-0,9628","-0,197","-0,3052","-128,9599","8,3632","61,9792","-4,94","-12,77","-173,54",1,,,,
238550,144031,"-21,9416008","-48,95267487","509,1",1,8,"463,28","958,83","32,6","2,261","-4,0772","-0,2082","0,0353",0,"0,2354","1,7707","0,0571","7,3881","0,2319","-0,0542","0,9443","-0,9018","2,425","-0,3052","-128,6759","8,7486","61,992","-5,01","-12,79","-173,5",1,,,,
238703,144031,"-21,9416008","-48,95267487","509,1",1,8,"463,28","958,83","32,59","2,2611","-4,0772","-0,1569","0,0356",0,"0,2215","1,7848","0,0571","7,4344","0,2275","-0,0513","0,9546","-3,5848","-0,8067","-0,0003","-128,1313","8,0141","62,1921","-5,03","-12,73","-173,52",1,,,,
238750,144031,"-21,9416008","-48,95267487","509,1",1,8,"463,28","958,83","32,59","2,2611","-4,0772","-0,114","0,0353",0,"0,2086","1,7702","0,0571","7,4063","0,2222","-0,0654","0,9419","-2,6091","-0,3189","2,4997","-127,5744","8,4236","62,452","-5,06","-12,67","-173,57",1,,,,
238850,144031,"-21,9416008","-48,95267487","509,1",1,8,"463,28","958,83","32,59","2,2611","-4,0772","-0,0782","0,0344",0,"0,1982","1,7264","0,0571","7,4012","0,2163","-0,062","0,9468","-0,536","1,9982","0,8534","-128,5587","9,0112","62,8882","-5,18","-12,63","-173,5",1,,,,
238950,144031,"-21,9416008","-48,95267487","509,1",1,8,"463,28","958,83","32,59","2,2611","-4,0772","-0,0483","0,0338",0,"0,1893","1,693","0,0571","7,3862","0,2153","-0,0679","0,9395","0,7445","0,9616","-1,4637","-127,4217","8,5863","62,0771","-5,31","-12,57","-173,38",1,,,,
239050,144032,"-21,9416008","-48,95267487","509,1",1,8,"463,28","958,83","32,59","2,2611","-4,0772","-0,0234","0,0347",0,"0,1823","1,7409","0,0571","7,3953","0,2266","-0,043","0,9443","1,3543","-0,7457","0,3655","-128,5527","8,2087","62,3398","-5,29","-12,54","-173,39",1,,,,
239326,144032,"-21,9416008","-48,95267487","509,1",1,8,"463,5","958,8","32,6","2,2611","-4,0772","-0,0385","0,0355",0,"0,1231","1,7774","0,0571","7,3761","0,2256","-0,0566","0,9468","-0,7189","-1,6604","-0,6101","-128,8316","8,9871","62,6411","-5,08","-12,56","-173,54",1,,,,
239373,144032,"-21,9416008","-48,95267487","509,1",1,8,"463,5","958,8","32,6","2,2611","-4,0772","-0,0512","0,0351",0,"0,127","1,7621","0,0571","7,3841","0,2212","-0,0488","0,9482","-0,353","0,7177","-0,671","-129,2358","8,7404","62,0062","-5,07","-12,56","-173,58",1,,,,
239473,144032,"-21,9416008","-48,95267487","509,1",1,8,"463,5","958,8","32,6","2,2611","-4,0772","-0,0618","0,035",0,"0,1297","1,7526","0,0571","7,3697","0,2197","-0,0747","0,9404","-0,1091","-0,9287","1,5241","-129,5066","7,5326","61,1908","-5,03","-12,6","-173,67",1,,,,
239573,144032,"-21,9416008","-48,95267487","509,1",1,8,"463,5","958,8","32,6","2,2612","-4,0772","-0,0707","0,0348",0,"0,1329","1,7439","0,0571","7,3995","0,2266","-0,0728","0,9458","0,5616","0,1689","-0,5491","-128,9498","7,942","61,4507","-4,96","-12,64","-173,76",1,,,,
239673,144032,"-21,9416008","-48,95267487","509,1",1,8,"463,5","958,8","32,6","2,2612","-4,0772","-0,0781","0,034",0,"0,135","1,7035","0,0571","7,3996","0,2163","-0,0718","0,9521","0,6226","1,5713","0,6704","-128,9375","9,0859","61,5106","-4,9","-12,62","-173,89",1,,,,
239826,144032,"-21,9416008","-48,95267487","509,1",1,8,"463,77","958,77","32,6","2,2612","-4,0772","-0,1286","0,0344",0,"0,0731","1,7259","0,0571","7,4589","0,2231","-0,0503","0,9565","1,0494","0,3518","-2,3784","-128,7155","8,4671","63,2432","-4,87","-12,54","-173,97",1,,,,
239873,144032,"-21,9416008","-48,95267487","509,1",1,8,"463,77","958,77","32,6","2,2612","-4,0772","-0,1708","0,035",0,"0,0851","1,7562","0,0571","7,4493","0,2314","-0,064","0,9507","-1,4506","-0,197","0,4265","-128,9731","9,1857","62,7817","-4,82","-12,49","-174,02",1,,,,
239973,144033,"-21,9416008","-48,95267487","509,1",1,8,"463,77","958,77","32,6","2,2612","-4,0772","-0,206","0,0348",0,"0,0949","1,7431","0,0571","7,4343","0,2202","-0,0625","0,9502","0,6226","-0,2579","0,6704","-129,2612","8,419","62,7489","-4,78","-12,51","-174,05",1,,,,
240073,144033,"-21,9416008","-48,95267487","509,1",1,8,"463,77","958,77","32,6","2,2612","-4,0772","-0,2355","0,0348",0,"0,1032","1,7443","0,0571","7,4209","0,2231","-0,0435","0,9478","0,9884","1,5104","1,9509","-128,4101","8,7926","62,4933","-4,72","-12,57","-174,02",1,,,,
240173,144033,"-21,9416008","-48,95267487","509,1",1,8,"463,77","958,77","32,6","2,2612","-4,0772","-0,2601","0,0348",0,"0,1102","1,7435","0,0571","7,4163","0,2192","-0,0557","0,9512","0,0128","1,7543","4,4509","-129,1197","8,2205","62,6083","-4,63","-12,56","-173,99",1,,,,
240326,144033,"-21,9416008","-48,95267487","509,1",1,8,"463,77","958,77","32,6","2,2612","-4,0772","-0,2807","0,0342",0,"0,1163","1,7145","0,0571","7,4264","0,2153","-0,0645","0,9526","-3,2189","2,2421","-0,3662","-128,1465","7,2715","62,4064","-4,62","-12,45","-173,93",1,,,,
240373,144033,"-21,9416008","-48,95267487","509,1",1,8,"463,77","958,77","32,6","2,2612","-4,0772","-0,2978","0,0336",0,"0,1214","1,6864","0,0571","7,4337","0,2104","-0,0576","0,9531","1,2323","-0,8067","-0,9149","-128,7155","8,4671","63,2432","-4,69","-12,33","-173,92",1,,,,
240473,144033,"-21,9416008","-48,95267487","509,1",1,8,"463,77","958,77","32,6","2,2612","-4,0772","-0,3122","0,0341",0,"0,1253","1,7111","0,0571","7,4236","0,2192","-0,0483","0,9512","-0,414","0,7177","-1,5247","-128,1414","8,4354","62,7205","-4,7","-12,25","-173,97",1,,,,
240573,144033,"-21,9416008","-48,95267487","509,1",1,8,"463,77","958,77","32,6","2,2612","-4,0772","-0,3242","0,0335",0,"0,1281","1,6819","0,0571","7,391","0,209","-0,0649","0,9404","-2,1823","-2,1482","3,5973","-128,4","8,3714","61,9649","-4,61","-12,24","-174,09",1,,,,
240673,144033,"-21,9416008","-48,95267487","509,1",1,8,"463,77","958,77","32,6","2,2612","-4,0772","-0,3342","0,0335",0,"0,1305","1,6807","0,0571","7,3664","0,2192","-0,0791","0,9443","-0,1091","-0,2579","1,829","-129,1055","8,1805","62,0998","-4,62","-12,29","-174,1",1,,,,
240826,144033,"-21,9416008","-48,95267487","509,1",1,8,"463,5","958,8","32,6","2,2612","-4,0772","-0,2983","0,0354",0,"0,1983","1,7768","0,0571","7,3923","0,2388","-0,063","0,9463","0,7445","1,5104","-0,1832","-128,4142","8,4113","62,4734","-4,71","-12,35","-173,97",1,,,,
240873,144033,"-21,9416008","-48,95267487","509,1",1,8,"463,5","958,8","32,6","2,2612","-4,0772","-0,2682","0,0353",0,"0,1893","1,7703","0,0571","7,3782","0,2241","-0,0605","0,9424","-1,3896","1,2055","1,3412","-128,5516","8,9912","62,634","-4,77","-12,38","-173,87",1,,,,
240973,144034,"-21,9416008","-48,95267487","509,1",1,8,"463,5","958,8","32,6","2,2613","-4,0772","-0,2431","0,0353",0,"0,1816","1,7684","0,0571","7,3538","0,2251","-0,0391","0,9429","-0,597","0,7177","-0,4881","-128,2575","8,9554","62,1184","-4,82","-12,39","-173,78",1,,,,
241073,144034,"-21,9416008","-48,95267487","509,1",1,8,"463,5","958,8","32,6","2,2613","-4,0772","-0,2222","0,0352",0,"0,1756","1,7635","0,0571","7,3521","0,2148","-0,0454","0,9385","-0,6579","-2,0872","0,1826","-128,6707","9,9124","62,3061","-4,85","-12,42","-173,73",1,,,,
241173,144034,"-21,9416008","-48,95267487","509,1",1,8,"463,5","958,8","32,6","2,2613","-4,0772","-0,2047","0,0349",0,"0,1709","1,7511","0,0571","7,3712","0,2241","-0,0542","0,9429","0,1348","-0,197","0,8534","-128,403","8,7726","62,2391","-4,86","-12,49","-173,7",1,,,,
241460,144034,"-21,9416008","-48,95267487","509,1",1,8,"463,77","958,77","32,6","2,2613","-4,0772","-0,2344","0,0342",0,"0,1014","1,7156","0,0571","7,3494","0,2241","-0,0576","0,9399","-0,353","-0,197","1,4021","-128,8316","8,9871","62,6411","-4,82","-12,83","-173,68",1,,,,
241507,144034,"-21,9416008","-48,95267487","509,1",1,8,"463,77","958,77","32,6","2,2613","-4,0772","-0,2592","0,0344",0,"0,1085","1,7246","0,0571","7,3482","0,2231","-0,064","0,9424","-1,5116","-1,2335","-0,2442","-127,8533","9,202","62,7533","-4,81","-12,88","-173,67",1,,,,
241607,144034,"-21,9416008","-48,95267487","509,1",1,8,"463,77","958,77","32,6","2,2613","-4,0772","-0,2799","0,0344",0,"0,1149","1,7234","0,0571","7,367","0,2144","-0,0537","0,9448","0,1957","0,2299","-0,854","-129,3844","8,959","62,4011","-4,85","-12,98","-173,68",1,,,,
241707,144034,"-21,9416008","-48,95267487","509,1",1,8,"463,77","958,77","32,6","2,2613","-4,0772","-0,2972","0,0352",0,"0,1204","1,7657","0,0571","7,3926","0,2275","-0,0605","0,9463","-1,0238","-0,197","-0,3052","-128,9741","8,4032","62,4876","-4,86","-13,01","-173,75",1,,,,
241807,144034,"-21,9416008","-48,95267487","509,1",1,8,"463,77","958,77","32,6","2,2613","-4,0772","-0,3117","0,0355",0,"0,1251","1,7798","0,0571","7,4202","0,2383","-0,0581","0,9531","-1,0238","-0,014","-0,732","-128,5385","8,1687","61,8314","-4,87","-12,98","-173,8",1,,,,
241960,144035,"-21,9416008","-48,95267487","509,1",1,8,"463,67","958,78","32,61","2,2613","-4,0772","-0,3068","0,0351",0,"0,1526","1,7612","0,0571","7,3845","0,2207","-0,0679","0,9463","0,3787","-0,8067","-0,4881","-128,8245","8,9672","62,3869","-4,89","-12,9","-173,83",1,,,,
242007,144035,"-21,9416008","-48,95267487","509,1",1,8,"463,67","958,78","32,61","2,2613","-4,0772","-0,3027","0,0341",0,"0,1514","1,7119","0,0571","7,3828","0,208","-0,0479","0,9458","-0,597","1,3274","-0,793","-129,1085","8,5818","62,374","-4,89","-12,84","-173,9",1,,,,
242107,144035,"-21,9416008","-48,95267487","509,1",1,8,"463,67","958,78","32,61","2,2613","-4,0772","-0,2993","0,0347",0,"0,1504","1,7411","0,0571","7,3795","0,2266","-0,0649","0,9409","-0,597","-0,9896","-0,732","-128,5628","8,6299","62,8683","-4,85","-12,79","-173,98",1,,,,
242207,144035,"-21,9416008","-48,95267487","509,1",1,8,"463,67","958,78","32,61","2,2613","-4,0772","-0,2965","0,0344",0,"0,15","1,7229","0,0571","7,4025","0,2183","-0,0635","0,9517","-0,1091","1,3274","-1,7076","-128,6942","8,4072","62,4805","-4,81","-12,81","-174,06",1,,,,
242307,144035,"-21,9416008","-48,95267487","509,1",1,8,"463,67","958,78","32,61","2,2614","-4,0772","-0,2941","0,0353",0,"0,1484","1,7695","0,0571","7,3531","0,2241","-0,0542","0,9331","1,6591","1,0226","-2,7442","-128,9894","7,6605","62,7019","-4,71","-12,82","-174,17",1,,,,
242460,144035,"-21,9416008","-48,95267487","509,1",1,8,"463,67","958,78","32,61","2,2614","-4,0772","-0,2922","0,0346",0,"0,1476","1,7332","0,0571","7,3445","0,2188","-0,0503","0,936","-0,2921","-1,2335","-0,732","-128,1231","8,7767","62,232","-4,55","-12,77","-174,34",1,,,,
242507,144035,"-21,9416008","-48,95267487","509,1",1,8,"463,67","958,78","32,61","2,2614","-4,0772","-0,2905","0,0345",0,"0,1472","1,7297","0,0571","7,3477","0,2207","-0,0625","0,9434","1,4152","0,7177","-2,5003","-127,5662","9,1861","62,492","-4,39","-12,73","-174,51",1,,,,
242607,144035,"-21,9416008","-48,95267487","509,1",1,8,"463,67","958,78","32,61","2,2614","-4,0772","-0,2891","0,0345",0,"0,1472","1,7313","0,0571","7,3653","0,2158","-0,0464","0,9443","-1,6945","0,1689","-2,2564","-127,9887","8,5981","62,3456","-4,27","-12,73","-174,68",1,,,,
242707,144035,"-21,9416008","-48,95267487","509,1",1,8,"463,67","958,78","32,61","2,2614","-4,0772","-0,288","0,0349",0,"0,1473","1,7517","0,0571","7,3877","0,2358","-0,0615","0,9531","0,5616","1,0226","2,3777","-128,3929","8,3514","61,7107","-4,24","-12,74","-174,86",1,,,,
242807,144035,"-21,9416008","-48,95267487","509,1",1,8,"463,67","958,78","32,61","2,2614","-4,0772","-0,287","0,0347",0,"0,1469","1,7379","0,0571","7,3845","0,2134","-0,0601","0,9438","-1,9384","1,6933","1,5851","-128,5262","9,3126","61,8913","-4,26","-12,69","-174,86",1,,,,
242960,144036,"-21,9416008","-48,95267487","509,1",1,8,"463,84","958,76","32,62","2,2614","-4,0772","-0,3144","0,0344",0,"0,1053","1,7238","0,0571","7,3802","0,2256","-0,0518","0,9453","-1,6945","-1,8433","-0,3662","-128,5598","8,2286","62,5941","-4,32","-12,62","-174,71",1,,,,
243007,144036,"-21,9416008","-48,95267487","509,1",1,8,"463,84","958,76","32,62","2,2614","-4,0772","-0,3374","0,0341",0,"0,1118","1,7116","0,0571","7,3769","0,2168","-0,0625","0,9448","-1,8774","-0,014","0,8534","-128,5527","8,2087","62,3398","-4,41","-12,61","-174,58",1,,,,
243107,144036,"-21,9416008","-48,95267487","509,1",1,8,"463,84","958,76","32,62","2,2614","-4,0772","-0,3565","0,0353",0,"0,1175","1,768","0,0571","7,3828","0,2173","-0,0425","0,9502","0,1348","-0,5018","-0,0003","-128,5374","8,9513","62,1255","-4,49","-12,65","-174,5",1,,,,
243207,144036,"-21,9416008","-48,95267487","509,1",1,8,"463,84","958,76","32,62","2,2614","-4,0772","-0,3725","0,0352",0,"0,1215","1,7625","0,0571","7,3539","0,2266","-0,0527","0,9404","1,0494","-2,0262","2,7436","-128,4183","8,03","62,4534","-4,52","-12,73","-174,49",1,,,,
243307,144036,"-21,9416008","-48,95267487","509,1",1,8,"463,84","958,76","32,62","2,2614","-4,0772","-0,3859","0,0348",0,"0,1254","1,7471","0,0571","7,3569","0,228","-0,0464","0,9404","-1,0848","-0,6238","0,7314","-129,3874","9,3602","62,6753","-4,46","-12,84","-174,49",1,,,,
243583,144036,"-21,9416008","-48,95267487","509,1",1,8,"463,97","958,75","32,63","2,2614","-4,0772","-0,4192","0,0343",0,"0,0965","1,7196","0,0571","7,3705","0,2261","-0,0469","0,9414","-0,8409","-1,2945","1,0973","-128,8357","8,6058","62,6211","-4,41","-13,19","-174,47",1,,,,
243630,144036,"-21,9416008","-48,95267487","509,1",1,8,"463,97","958,75","32,63","2,2614","-4,0772","-0,4471","0,0348",0,"0,1049","1,7432","0,0571","7,3917","0,2285","-0,0596","0,9521","-1,9994","0,1079","-0,2442","-128,7236","7,7045","63,2032","-4,44","-13,24","-174,45",1,,,,
243730,144036,"-21,9416008","-48,95267487","509,1",1,8,"463,97","958,75","32,63","2,2614","-4,0772","-0,4703","0,0349",0,"0,112","1,7505","0,0571","7,407","0,2188","-0,063","0,9478","-0,9628","-0,8677","1,707","-129,5045","9,0977","61,7791","-4,55","-13,3","-174,42",1,,,,
243830,144036,"-21,9416008","-48,95267487","509,1",1,8,"463,97","958,75","32,63","2,2615","-4,0772","-0,4898","0,035",0,"0,118","1,7537","0,0571","7,4315","0,2285","-0,0557","0,9521","-1,2677","-1,2945","-1,3418","-128,4183","8,03","62,4534","-4,63","-13,31","-174,35",1,,,,
243930,144036,"-21,9416008","-48,95267487","509,1",1,8,"463,97","958,75","32,63","2,2615","-4,0772","-0,506","0,0348",0,"0,1229","1,7463","0,0571","7,4386","0,2241","-0,0542","0,9546","-0,7189","-1,5994","0,4265","-128,397","7,9701","61,6908","-4,64","-13,34","-174,31",1,,,,
244083,144037,"-21,9416008","-48,95267487","509,1",1,8,"463,97","958,75","32,66","2,2615","-4,0772","-0,5195","0,0354",0,"0,1265","1,7762","0,0571","7,4246","0,2324","-0,0508","0,9429","-1,8165","-0,075","2,1948","-129,2541","8,3991","62,4947","-4,65","-13,37","-174,27",1,,,,
244130,144037,"-21,9416008","-48,95267487","509,1",1,8,"463,97","958,75","32,66","2,2615","-4,0772","-0,5309","0,0347",0,"0,1298","1,7383","0,0571","7,4267","0,2134","-0,0737","0,9512","-1,8165","-0,197","2,8046","-127,9715","8,1569","61,563","-4,68","-13,38","-174,18",1,,,,
244230,144037,"-21,9416008","-48,95267487","509,1",1,8,"463,97","958,75","32,66","2,2615","-4,0772","-0,5403","0,0345",0,"0,1329","1,7291","0,0571","7,4444","0,2109","-0,0459","0,9536","-0,414","0,7787","2,8655","-128,4101","8,7926","62,4933","-4,74","-13,37","-174,05",1,,,,
244330,144037,"-21,9416008","-48,95267487","509,1",1,8,"463,97","958,75","32,66","2,2615","-4,0772","-0,5482","0,0344",0,"0,1344","1,725","0,0571","7,4081","0,2261","-0,0605","0,9448","2,147","-0,4409","-0,1832","-127,7311","7,8795","62,807","-4,77","-13,32","-173,96",1,,,,
244430,144037,"-21,9416008","-48,95267487","509,1",1,8,"463,97","958,75","32,66","2,2615","-4,0772","-0,5549","0,0348",0,"0,1357","1,7451","0,0571","7,3748","0,2158","-0,063","0,9478","0,1348","-0,4409","0,7924","-128,6901","8,7885","62,5005","-4,69","-13,3","-173,91",1,,,,
244583,144037,"-21,9416008","-48,95267487","509,1",1,8,"464,18","958,73","32,65","2,2615","-4,0772","-0,5943","0,0352",0,"0,0879","1,7652","0,0571","7,3862","0,2241","-0,0566","0,9473","-0,1091","0,1079","0,2436","-128,2708","7,0289","61,7644","-4,62","-13,38","-173,8",1,,,,
244630,144037,"-21,9416008","-48,95267487","509,1",1,8,"464,18","958,73","32,65","2,2615","-4,0772","-0,6272","0,0355",0,"0,0968","1,778","0,0571","7,3582","0,2295","-0,0649","0,937","0,3787","-0,075","1,2802","-129,5564","7,6723","62,9703","-4,61","-13,45","-173,67",1,,,,
244730,144037,"-21,9416008","-48,95267487","509,1",1,8,"464,18","958,73","32,65","2,2615","-4,0772","-0,6547","0,0351",0,"0,1048","1,7581","0,0571","7,3613","0,2183","-0,0571","0,9419","-0,6579","1,5104","0,2436","-128,8509","7,8632","62,8354","-4,59","-13,5","-173,59",1,,,,
244830,144037,"-21,9416008","-48,95267487","509,1",1,8,"464,18","958,73","32,65","2,2615","-4,0772","-0,6777","0,0342",0,"0,1117","1,7139","0,0571","7,3758","0,21","-0,0527","0,9521","-1,6945","-0,197","-0,0003","-128,2422","9,698","61,9041","-4,57","-13,5","-173,62",1,,,,
244930,144037,"-21,9416008","-48,95267487","509,1",1,8,"464,18","958,73","32,65","2,2615","-4,0772","-0,6969","0,0349",0,"0,1165","1,7485","0,0571","7,3363","0,2305","-0,0552","0,9346","0,9274","-0,075","-1,8905","-128,4041","7,9901","61,945","-4,64","-13,44","-173,64",1,,,,
245083,144037,"-21,9416008","-48,95267487","509,1",1,8,"464,08","958,74","32,65","2,2615","-4,0772","-0,696","0,0351",0,"0,1472","1,7582","0,0571","7,4","0,2222","-0,0479","0,958","0,8665","-1,0506","3,1095","-128,683","8,7686","62,2462","-4,66","-13,38","-173,69",1,,,,
245130,144037,"-21,9416008","-48,95267487","509,1",1,8,"464,08","958,74","32,65","2,2615","-4,0772","-0,6953","0,0334",0,"0,1474","1,6753","0,0571","7,4238","0,1963","-0,0625","0,9561","-2,4872","0,7787","-0,0613","-128,119","9,158","62,252","-4,62","-13,37","-173,73",1,,,,
245230,144037,"-21,9416008","-48,95267487","509,1",1,8,"464,08","958,74","32,65","2,2615","-4,0772","-0,6946","0,0338",0,"0,1472","1,6936","0,0571","7,4227","0,2124","-0,0469","0,9546","-1,7555","-0,014","1,2192","-128,2758","8,614","62,6069","-4,62","-13,35","-173,75",1,,,,
245330,144037,"-21,9416008","-48,95267487","509,1",1,8,"464,08","958,74","32,65","2,2615","-4,0772","-0,6941","0,0342",0,"0,1468","1,7149","0,0571","7,4086","0,2173","-0,0591","0,9448","-1,6945","-0,3799","-5,1832","-127,6986","8,181","61,8101","-4,66","-13,36","-173,8",1,,,,
245430,144037,"-21,9416008","-48,95267487","509,1",1,8,"464,08","958,74","32,65","2,2615","-4,0772","-0,6937","0,0345",0,"0,1462","1,7295","0,0571","7,3883","0,2266","-0,0278","0,9399","-2,853","0,1689","-0,854","-128,4101","8,7926","62,4933","-4,64","-13,4","-174,03",1,,,,
245709,144037,"-21,9416008","-48,95267487","509,1",1,8,"463,67","958,78","32,65","2,2615","-4,0772","-0,626","0,035",0,"0,2447","1,7545","0,0571","7,3904","0,2344","-0,0371","0,9487","-0,7799","-0,8067","-3,7808","-129,0994","7,378","61,5515","-4,52","-13,31","-174,33",1,,,,
245756,144037,"-21,9416008","-48,95267487","509,1",1,8,"463,67","958,78","32,65","2,2615","-4,0772","-0,5694","0,0348",0,"0,2276","1,7461","0,0571","7,3496","0,2212","-0,0356","0,9331","-2,4262","2,2421","2,7436","-128,2717","8,9953","62,6269","-4,49","-13,26","-174,34",1,,,,
245856,144037,"-21,9416008","-48,95267487","509,1",1,8,"463,67","958,78","32,65","2,2615","-4,0772","-0,5221","0,0341",0,"0,2146","1,7104","0,0571","7,3828","0,2139","-0,0605","0,9517","-1,5726","-0,3189","2,8655","-128,97","8,7844","62,5076","-4,5","-13,2","-174,27",1,,,,
245956,144039,"-21,9416008","-48,95267487","509,1",1,8,"463,67","958,78","32,65","2,2615","-4,0772","-0,4826","0,0346",0,"0,2029","1,7346","0,0571","7,3648","0,2144","-0,0742","0,9448","-1,1457","-0,5628","-1,5857","-128,5456","8,1887","62,0856","-4,58","-13,18","-174,02",1,,,,
246056,144039,"-21,9416008","-48,95267487","509,1",1,8,"463,67","958,78","32,65","2,2615","-4,0772","-0,4496","0,035",0,"0,1939","1,7524","0,0571","7,3913","0,229","-0,0513","0,9517","0,8665","-2,0872","-2,8662","-128,2687","8,594","62,3527","-4,63","-13,19","-173,91",1,,,,
246209,144039,"-21,9416008","-48,95267487","509,1",1,8,"463,97","958,75","32,65","2,2616","-4,0772","-0,4725","0,0349",0,"0,1123","1,7501","0,0571","7,3941","0,2144","-0,0557","0,9517","-1,6335","-0,075","3,4143","-128,2717","8,9953","62,6269","-4,58","-13,27","-174,04",1,,,,
246256,144039,"-21,9416008","-48,95267487","509,1",1,8,"463,97","958,75","32,65","2,2616","-4,0772","-0,4916","0,035",0,"0,1178","1,7559","0,0571","7,3953","0,2256","-0,0474","0,9478","-1,6335","-0,4409","-2,0735","-128,4101","8,7926","62,4933","-4,57","-13,39","-174,14",1,,,,
246356,144039,"-21,9416008","-48,95267487","509,1",1,8,"463,97","958,75","32,65","2,2616","-4,0772","-0,5075","0,0349",0,"0,1232","1,7503","0,0571","7,4365","0,2285","-0,0532","0,9541","-0,536","0,4738","-4,9393","-128,3837","9,8966","62,0448","-4,58","-13,48","-174,27",1,,,,
246456,144039,"-21,9416008","-48,95267487","509,1",1,8,"463,97","958,75","32,65","2,2616","-4,0772","-0,5208","0,035",0,"0,1263","1,7546","0,0571","7,3985","0,2217","-0,0659","0,9429","-1,5726","-0,4409","-4,9393","-128,8143","8,5459","61,8585","-4,54","-13,53","-174,62",1,,,,
246556,144039,"-21,9416008","-48,95267487","509,1",1,8,"463,97","958,75","32,65","2,2616","-4,0772","-0,5319","0,0345",0,"0,1295","1,732","0,0571","7,399","0,2188","-0,0767","0,9497","-2,2433","0,3518","2,0119","-128,9517","9,1258","62,0191","-4,49","-13,57","-175,08",1,,,,
246709,144039,"-21,9416008","-48,95267487","509,1",1,8,"464,08","958,74","32,65","2,2616","-4,0772","-0,5582","0,0337",0,"0,1079","1,6893","0,0571","7,4209","0,2148","-0,0659","0,9492","-0,414","-0,075","-1,8905","-129,2836","7,6964","63,2175","-4,57","-13,56","-175,25",1,,,,
246756,144039,"-21,9416008","-48,95267487","509,1",1,8,"464,08","958,74","32,65","2,2616","-4,0772","-0,5801","0,0343",0,"0,1138","1,7176","0,0571","7,4026","0,2271","-0,0449","0,9438","0,5006","0,4738","1,4021","-128,9731","9,1857","62,7817","-4,7","-13,5","-175,22",1,,,,
246856,144039,"-21,9416008","-48,95267487","509,1",1,8,"464,08","958,74","32,65","2,2616","-4,0772","-0,5984","0,035",0,"0,1191","1,7537","0,0571","7,4034","0,2251","-0,0498","0,9468","-1,3896","-0,2579","1,707","-128,8326","8,2046","62,347","-4,75","-13,43","-175,1",1,,,,
246956,144040,"-21,9416008","-48,95267487","509,1",1,8,"464,08","958,74","32,65","2,2616","-4,0772","-0,6137","0,0348",0,"0,1227","1,7448","0,0571","7,3609","0,2212","-0,0669","0,938","0,2567","-0,5018","7,5607","-128,1313","8,0141","62,1921","-4,79","-13,43","-174,87",1,,,,
247056,144040,"-21,9416008","-48,95267487","509,1",1,8,"464,08","958,74","32,65","2,2616","-4,0772","-0,6265","0,0352",0,"0,1275","1,7629","0,0571","7,4188","0,2251","-0,0693","0,9395","0,0128","-1,2335","-4,3905","-127,7006","9,3648","62,3784","-4,83","-13,39","-174,51",1,,,,
247209,144040,"-21,9416008","-48,95267487","509,1",1,8,"463,97","958,75","32,66","2,2616","-4,0772","-0,6202","0,036",0,"0,1552","1,8026","0,0571","7,4114","0,228","-0,0283","0,9434","-2,2433","0,7177","-6,5247","-129,1167","7,8192","62,3341","-4,77","-13,33","-174,48",1,,,,
247256,144040,"-21,9416008","-48,95267487","509,1",1,8,"463,97","958,75","32,66","2,2616","-4,0772","-0,615","0,0343",0,"0,1523","1,7194","0,0571","7,3384","0,2007","-0,0737","0,9243","0,1957","2,425","8,4143","-129,6806","7,4297","62,3284","-4,7","-13,27","-174,73",1,,,,
247356,144040,"-21,9416008","-48,95267487","509,1",1,8,"463,97","958,75","32,66","2,2616","-4,0772","-0,6107","0,0349",0,"0,1516","1,7486","0,0571","7,3674","0,231","-0,0703","0,9507","-2,3652","1,6933","-6,0979","-127,9805","9,3607","62,3855","-4,7","-13,13","-174,69",1,,,,
247456,144040,"-21,9416008","-48,95267487","509,1",1,8,"463,97","958,75","32,66","2,2617","-4,0772","-0,607","0,0383",0,"0,1548","1,9173","0,0571","7,5835","0,2588","-0,042","0,98","-0,414","-1,2945","-4,9393","-128,4071","8,3914","62,2192","-4,74",-13,"-174,63",1,,,,
247556,144040,"-21,9416008","-48,95267487","509,1",1,8,"463,97","958,75","32,66","2,2617","-4,0772","-0,6039","0,0373",0,"0,1523","1,8703","0,0571","7,5017","0,2373","-0,0469","0,9531","-2,4872","0,9616","0,1826","-129,537","8,7962","62,776","-4,66",-13,"-174,92",1,,,,
247882,144040,"-21,9416008","-48,95267487","509,1",1,8,"463,84","958,76","32,65","2,2617","-4,0772","-0,5788","0,0347",0,"0,1835","1,7387","0,0571","7,4442","0,2144","-0,0503","0,9458","-2,1823","-1,5384","-0,2442","-128,403","8,7726","62,2391","-4,58","-12,98","-175,08",1,,,,
247929,144040,"-21,9416008","-48,95267487","509,1",1,8,"463,84","958,76","32,65","2,2617","-4,0772","-0,5577","0,0346",0,"0,1773","1,735","0,0571","7,439","0,2212","-0,0488","0,9507","0,1348","-2,2701","-0,1832","-128,9965","7,6805","62,9561","-4,6","-12,97","-175,03",1,,,,
248029,144040,"-21,9416008","-48,95267487","509,1",1,8,"463,84","958,76","32,65","2,2617","-4,0772","-0,5402","0,0348",0,"0,1717","1,7436","0,0571","7,4096","0,2246","-0,0669","0,9438","0,1348","-1,3555","1,0363","-128,8438","7,8432","62,5812","-4,67","-13,05","-174,87",1,,,,
248129,144040,"-21,9416008","-48,95267487","509,1",1,8,"463,84","958,76","32,65","2,2617","-4,0772","-0,5255","0,0359",0,"0,1674","1,7977","0,0571","7,4052","0,2275","-0,0537","0,9482","1,4152","0,4128","-5,6101","-128,9629","8,7645","62,2533","-4,74","-13,17","-174,71",1,,,,
248229,144040,"-21,9416008","-48,95267487","509,1",1,8,"463,84","958,76","32,65","2,2617","-4,0772","-0,5133","0,0347",0,"0,1644","1,7408","0,0571","7,4346","0,2241","-0,0396","0,959","-0,2921","-0,8677","0,0607","-128,8174","8,9472","62,1327","-4,67","-13,22","-174,83",1,,,,
248382,144040,"-21,9416008","-48,95267487","509,1",1,8,"463,67","958,78","32,66","2,2617","-4,0772","-0,4752","0,0349",0,"0,2028","1,7501","0,0571","7,4647","0,2173","-0,0488","0,9585","-2,1213","2,547","1,829","-128,1201","8,3755","61,9578","-4,56","-13,22","-175,08",1,,,,
248429,144040,"-21,9416008","-48,95267487","509,1",1,8,"463,67","958,78","32,66","2,2617","-4,0772","-0,4435","0,0335",0,"0,1923","1,6797","0,0571","7,3973","0,1997","-0,1147","0,9316","-0,2921","0,6567","5,6095","-128,402","9,5552","62,5333","-4,52","-13,2","-175,23",1,,,,
248529,144040,"-21,9416008","-48,95267487","509,1",1,8,"463,67","958,78","32,66","2,2617","-4,0772","-0,4169","0,0339",0,"0,1847","1,6989","0,0571","7,401","0,2148","-0,0518","0,9458","0,2567","-0,4409","-0,3662","-127,5662","9,1861","62,492","-4,52","-13,14","-175,19",1,,,,
248629,144040,"-21,9416008","-48,95267487","509,1",1,8,"463,67","958,78","32,66","2,2617","-4,0772","-0,3947","0,0338",0,"0,1788","1,6962","0,0571","7,4272","0,2114","-0,0513","0,9609","-1,3287","-0,3799","3,5973","-128,01","8,658","63,1082","-4,49","-13,12","-175,13",1,,,,
248729,144040,"-21,9416008","-48,95267487","509,1",1,8,"463,67","958,78","32,66","2,2617","-4,0772","-0,3762","0,0343",0,"0,1724","1,7222","0,0571","7,3735","0,2139","-0,0474","0,9414","-0,1091","0,047","-0,2442","-128,8652","7,9031","63,3439","-4,53","-13,12","-174,99",1,,,,
248882,144040,"-21,9416008","-48,95267487","509,1",1,8,"464,08","958,74","32,67","2,2617","-4,0772","-0,4281","0,0344",0,"0,0698","1,7264","0,0571","7,3916","0,2236","-0,0742","0,9507","0,2567","0,9006","1,829","-128,1241","7,9942","61,9379","-4,58","-13,11","-174,89",1,,,,
248929,144040,"-21,9416008","-48,95267487","509,1",1,8,"464,08","958,74","32,67","2,2617","-4,0772","-0,4714","0,0353",0,"0,0823","1,7681","0,0571","7,3921","0,2354","-0,0361","0,9473","-1,7555","1,2665","-2,0125","-128,3888","8,7327","61,7307","-4,62","-13,06","-174,87",1,,,,
249029,144042,"-21,9416008","-48,95267487","509,1",1,8,"464,08","958,74","32,67","2,2617","-4,0772","-0,5076","0,0346",0,"0,0934","1,7361","0,0571","7,4243","0,2114","-0,0498","0,958","-0,9018","0,1079","0,9753","-127,8716","8,8607","63,2418","-4,62","-12,96","-174,85",1,,,,
249129,144042,"-21,9416008","-48,95267487","509,1",1,8,"464,08","958,74","32,67","2,2617","-4,0772","-0,5378","0,0348",0,"0,101","1,7439","0,0571","7,3692","0,23","-0,064","0,9302","-1,9994","-0,4409","-0,793","-128,3899","7,9502","61,4365","-4,63","-12,91","-174,8",1,,,,
249229,144042,"-21,9416008","-48,95267487","509,1",1,8,"464,08","958,74","32,67","2,2617","-4,0772","-0,5631","0,0345",0,"0,1089","1,7278","0,0571","7,399","0,2222","-0,0601","0,9478","0,3177","0,9616","-3,6588","-128,0009","7,4542","62,2857","-4,64","-12,92","-174,89",1,,,,
249382,144042,"-21,9416008","-48,95267487","509,1",1,8,"464,08","958,74","32,68","2,2617","-4,0772","-0,5842","0,0338",0,"0,1155","1,6953","0,0571","7,4258","0,2183","-0,0488","0,9536","-0,7799","0,7787","-8,354","-129,1024","7,7793","61,8257","-4,55","-12,89","-175,21",1,,,,
249429,144042,"-21,9416008","-48,95267487","509,1",1,8,"464,08","958,74","32,68","2,2617","-4,0772","-0,6019","0,0349",0,"0,1196","1,752","0,0571","7,3787","0,2373","-0,0581","0,9346","-2,7921","-1,9652","0,9753","-128,3989","9,1539","62,2591","-4,46","-12,88","-175,67",1,,,,
249529,144042,"-21,9416008","-48,95267487","509,1",1,8,"464,08","958,74","32,68","2,2617","-4,0772","-0,6166","0,0355",0,"0,1248","1,781","0,0571","7,4285","0,2324","-0,0513","0,9565","-0,1091","1,2665","2,8655","-129,2612","8,419","62,7489","-4,45","-12,89","-175,92",1,,,,
249629,144042,"-21,9416008","-48,95267487","509,1",1,8,"464,08","958,74","32,68","2,2617","-4,0772","-0,6289","0,0345",0,"0,1283","1,729","0,0571","7,4253","0,2246","-0,0317","0,9492","-2,0604","-1,5384","6,1582","-128,9924","8,0618","62,9761","-4,54","-12,87","-175,75",1,,,,
249729,144042,"-21,9416008","-48,95267487","509,1",1,8,"464,08","958,74","32,68","2,2617","-4,0772","-0,6392","0,038",0,"0,1286","1,9052","0,0571","7,2911","0,272","-0,0688","0,9175","0,3787","-2,0262","13,0485","-127,8595","7,2556","62,1451","-4,69","-12,9","-175,27",1,,,,
250006,144043,"-21,9416008","-48,95267487","509,1",1,8,"463,97","958,75","32,67","2,2617","-4,0772","-0,6309","0,0336",0,"0,1568","1,6851","0,0571","7,3345","0,2231","-0,0576","0,9526","-1,0848","1,4494","1,768","-128,6799","8,3673","61,972","-4,86","-12,92","-174,32",1,,,,
250053,144043,"-21,9416008","-48,95267487","509,1",1,8,"463,97","958,75","32,67","2,2617","-4,0772","-0,6239","0,0347",0,"0,1553","1,7391","0,0571","7,3622","0,2354","-0,0737","0,9507","-0,8409","1,9982","0,4875","-129,1186","9,003","62,9024","-4,83","-12,85","-174,26",1,,,,
250153,144043,"-21,9416008","-48,95267487","509,1",1,8,"463,97","958,75","32,67","2,2618","-4,0772","-0,6181","0,0356",0,"0,1541","1,7862","0,0571","7,3881","0,2363","-0,0503","0,9507","0,2567","-2,2091","-2,9271","-128,1089","8,7368","61,7236","-4,79","-12,72","-174,25",1,,,,
250253,144043,"-21,9416008","-48,95267487","509,1",1,8,"463,97","958,75","32,67","2,2618","-4,0772","-0,6132","0,0347",0,"0,152","1,7419","0,0571","7,3516","0,2192","-0,0405","0,936","-2,2433","-0,7457","-1,5247","-128,007","8,2567","62,8341","-4,75","-12,7","-174,29",1,,,,
250353,144043,"-21,9416008","-48,95267487","509,1",1,8,"463,97","958,75","32,67","2,2618","-4,0772","-0,6091","0,0348",0,"0,1514","1,7431","0,0571","7,3777","0,2168","-0,0581","0,9448","-1,6945","1,5713","0,8534","-128,8357","8,6058","62,6211","-4,77","-12,73","-174,34",1,,,,
250506,144043,"-21,9416008","-48,95267487","509,1",1,8,"464,32","958,71","32,68","2,2618","-4,0772","-0,6627","0,0345",0,"0,0665","1,7311","0,0571","7,3494","0,2241","-0,0581","0,9404","0,6226","0,1079","2,0729","-128,2829","8,6339","62,8611","-4,82","-12,73","-174,3",1,,,,
250553,144043,"-21,9416008","-48,95267487","509,1",1,8,"464,32","958,71","32,68","2,2618","-4,0772","-0,7074","0,0344",0,"0,0793","1,7239","0,0571","7,3425","0,2192","-0,0488","0,9404","-1,3896","0,8396","-1,4637","-127,8533","9,202","62,7533","-4,88","-12,71","-174,2",1,,,,
250653,144043,"-21,9416008","-48,95267487","509,1",1,8,"464,32","958,71","32,68","2,2618","-4,0772","-0,7448","0,035",0,"0,0895","1,7529","0,0571","7,3162","0,2207","-0,042","0,9326","-0,9018","-1,7213","-2,3174","-128,2809","7,4501","62,2928","-4,87","-12,69","-174,19",1,,,,
250753,144043,"-21,9416008","-48,95267487","509,1",1,8,"464,32","958,71","32,68","2,2618","-4,0772","-0,776","0,0352",0,"0,0997","1,7636","0,0571","7,3759","0,2271","-0,0332","0,9521","1,1713","-0,2579","0,4875","-127,8868","8,118","63,4561","-4,83","-12,74","-174,34",1,,,,
250853,144043,"-21,9416008","-48,95267487","509,1",1,8,"464,32","958,71","32,68","2,2625","-4,0772","-0,8203","0,0741",0,"-0,9871","1,9548","0,0571","6,9123","0,293","-0,2124","0,7881","1,5982","-0,075","15,0607","-128,9517","9,1258","62,0191","-4,8","-12,8","-174,31",1,,,,
251006,144043,"-21,9416008","-48,95267487","509,1",1,8,"464,32","958,71","32,71","2,264","-4,0772","-0,8885","0,1138",0,"-2,1743","1,9929","0,0571","7,2349","0,2744","-0,0859","0,938","-0,7799","1,0835","-1,4027","-128,8509","7,8632","62,8354","-4,91","-12,9","-173,83",1,,,,
251053,144043,"-21,9416008","-48,95267487","509,1",1,8,"464,32","958,71","32,71","2,2663","-4,0772","-0,936","0,1517",0,"-2,164","1,9086","0,0571","7,3226","0,2197","-0,0522","0,9609","-1,5726","0,2909","-1,8905","-128,4071","8,3914","62,2192","-5,03","-13,03","-173,48",1,,,,
251153,144043,"-21,9416008","-48,95267487","509,1",1,8,"464,32","958,71","32,71","2,2692","-4,0772","-0,9514","0,1882",0,"-1,3721","1,8507","0,0571","7,323","0,229","-0,0552","0,9399","-1,2067","-2,1482","-0,1832","-128,7155","8,4671","63,2432","-5,08","-13,08","-173,43",1,,,,
251253,144043,"-21,9416008","-48,95267487","509,1",1,8,"464,32","958,71","32,71","2,2728","-4,0772","-0,95","0,2235",0,"-0,5484","1,8039","0,0571","7,347","0,2241","-0,0835","0,9453","-1,5726","2,2421","-1,2198","-128,5456","8,1887","62,0856","-5,08","-13,09","-173,53",1,,,,
251353,144043,"-21,9416008","-48,95267487","509,1",1,8,"464,32","958,71","32,71","2,277","-4,0772","-0,9445","0,2571",0,"-0,0261","1,7362","0,0571","7,3805","0,2075","-0,0552","0,9482","-1,0848","0,1079","-5,6101","-129,1095","7,7992","62,0799","-5,1","-13,01","-173,68",1,,,,
251506,144043,"-21,9416008","-48,95267487","509,1",1,8,"464,59","958,68","32,72","2,2817","-4,0772","-1,1459","0,2898",0,"-5,0076","1,7161","0,0571","7,3831","0,2144","-0,0278","0,9497","0,3787","-0,136","-4,2686","-128,2585","8,1728","61,8243","-5,02","-12,97","-174,07",1,,,,
251553,144043,"-21,9416008","-48,95267487","509,1",1,8,"464,59","958,68","32,72","2,287","-4,0772","-1,2191","0,3221",0,"-4,2075","1,7206","0,0571","7,3833","0,2217","-0,0518","0,9463","-0,1701","-0,5018","5,1216","-129,2704","6,8739","62,4149","-4,86","-12,99","-174,53",1,,,,
251653,144043,"-21,9416008","-48,95267487","509,1",1,8,"464,59","958,68","32,72","2,2927","-4,0772","-1,2316","0,3534",0,"-2,2529","1,7136","0,0571","7,4003","0,2202","-0,0337","0,9517","-0,536","-0,197","4,329","-128,3083","8,3125","63,6038","-4,76","-12,99","-174,61",1,,,,
251753,144043,"-21,9416008","-48,95267487","509,1",1,8,"464,59","958,68","32,72","2,2988","-4,0772","-1,2252","0,3835",0,"-0,81","1,7054","0,0571","7,3951","0,2217","-0,0586","0,9512","1,1713","0,1079","-1,7686","-128,3847","9,114","61,7506","-4,76","-12,97","-174,37",1,,,,
251853,144043,"-21,9416008","-48,95267487","509,1",1,8,"464,59","958,68","32,72","2,3052","-4,0772","-1,2174","0,4124",0,"-0,0745","1,6967","0,0571","7,4225","0,2163","-0,0688","0,9531","-1,9384","1,2665","1,9509","-127,9887","8,5981","62,3456","-4,7","-12,94","-174,32",1,,,,
252138,144045,"-21,9416008","-48,95267487","509,1",1,8,"464,74","958,66","32,72","2,3118","-4,0772","-1,3298","0,4395",0,"-2,8644","1,6775","0,0571","7,378","0,2104","-0,063","0,9448","-1,2677","0,7177","-0,9759","-129,2347","9,523","62,3004","-4,7","-12,84","-174,4",1,,,,
252185,144045,"-21,9416008","-48,95267487","509,1",1,8,"464,74","958,66","32,72","2,3186","-4,0772","-1,3646","0,4655",0,"-2,1669","1,7008","0,0571","7,3898","0,2241","-0,0439","0,9497","-0,353","0,4128","0,6095","-129,1339","8,2604","63,1167","-4,69","-12,8","-174,45",1,,,,
252285,144045,"-21,9416008","-48,95267487","509,1",1,8,"464,74","958,66","32,72","2,3254","-4,0772","-1,3687","0,4904",0,"-1,0267","1,7376","0,0571","7,3575","0,2266","-0,0664","0,9429","-0,0482","2,364","2,8046","-128,8245","8,9672","62,3869","-4,65","-12,72","-174,49",1,,,,
252385,144045,"-21,9416008","-48,95267487","509,1",1,8,"464,74","958,66","32,72","2,3321","-4,0772","-1,3649","0,5133",0,"-0,2746","1,7291","0,0571","7,418","0,2227","-0,0376","0,9541","-2,0604","-1,0506","-2,7442","-129,1156","8,6017","62,6282","-4,6","-12,6","-174,41",1,,,,
252485,144045,"-21,9416008","-48,95267487","509,1",1,8,"464,74","958,66","32,72","2,3387","-4,0772","-1,3611","0,5358",0,"0,0798","1,8194","0,0571","7,4401","0,2441","-0,0439","0,9604","0,5006","0,5348","-2,0125","-128,5486","8,5899","62,3598","-4,56","-12,58","-174,49",1,,,,
252638,144045,"-21,9416008","-48,95267487","509,1",1,8,"464,92","958,64","32,73","2,345","-4,0772","-1,5036","0,5561",0,"-3,6274","1,8182","0,0571","7,4593","0,2314","-0,0601","0,9551","-1,1457","0,2909","1,2802","-128,5385","8,1687","61,8314","-4,48","-12,62","-174,64",1,,,,
252685,144045,"-21,9416008","-48,95267487","509,1",1,8,"464,92","958,64","32,73","2,351","-4,0772","-1,5457","0,5736",0,"-2,7102","1,7906","0,0571","7,4381","0,2212","-0,0571","0,9468","0,0738","0,4128","2,4997","-127,9816","8,5781","62,0914","-4,48","-12,66","-174,66",1,,,,
252785,144045,"-21,9416008","-48,95267487","509,1",1,8,"464,92","958,64","32,73","2,3566","-4,0772","-1,5502","0,5894",0,"-1,2808","1,8235","0,0571","7,4167","0,2329","-0,0391","0,9443","-1,1457","1,5104","-5,1223","-128,9752","7,6206","62,1935","-4,47","-12,68","-174,64",1,,,,
252885,144045,"-21,9416008","-48,95267487","509,1",1,8,"464,92","958,64","32,73","2,3505","-4,0772","-1,5412","0,0169",0,"0,287","1,7772","0,0571","7,3952","0,2227","-0,0532","0,9468","-1,0238","-2,8799","6,2802","-129,3956","8,5977","62,6354","-4,39","-12,72","-174,84",1,,,,
252985,144046,"-21,9416008","-48,95267487","509,1",1,8,"464,92","958,64","32,73","2,3444","-4,0772","-1,5391","0,019",0,"0,1575","1,7879","0,0571","7,4093","0,2319","-0,0532","0,9473","-0,6579","-1,9652","3,6582","-128,291","7,8714","62,8212","-4,36","-12,83","-174,82",1,,,,
253138,144046,"-21,9416008","-48,95267487","509,1",1,8,"465,03","958,63","32,75","2,3384","-4,0772","-1,6071","0,0203",0,"-0,7168","1,766","0,0571","7,3849","0,2251","-0,0513","0,9448","0,3177","0,4128","-2,2564","-129,2327","8,3392","61,732","-4,38","-12,93","-174,54",1,,,,
253185,144046,"-21,9416008","-48,95267487","509,1",1,8,"465,03","958,63","32,75","2,3326","-4,0772","-1,6317","0,0222",0,"-0,1145","1,7742","0,0571","7,4032","0,228","-0,0518","0,9526","-0,353","-0,197","-2,6832","-128,8214","8,5659","62,1127","-4,36","-13,01","-174,42",1,,,,
253285,144046,"-21,9416008","-48,95267487","509,1",1,8,"465,03","958,63","32,75","2,327","-4,0772","-1,6422","0,0242",0,"0,0498","1,7995","0,0571","7,4045","0,2285","-0,0527","0,9453","-2,5482","-0,136","5,1216","-128,9864","7,2593","62,4277","-4,33","-13,06","-174,4",1,,,,
253385,144046,"-21,9416008","-48,95267487","509,1",1,8,"465,03","958,63","32,75","2,3217","-4,0772","-1,6472","0,024",0,"0,1044","1,7211","0,0571","7,4219","0,2065","-0,0571","0,9541","-0,9018","1,0226","1,0973","-128,6718","9,1299","62,012","-4,44","-13,12","-174,21",1,,,,
253485,144046,"-21,9416008","-48,95267487","509,1",1,8,"465,03","958,63","32,75","2,3166","-4,0772","-1,6498","0,0259",0,"0,1252","1,7597","0,0571","7,4148","0,2334","-0,0503","0,9512","-0,7799","2,7299","1,9509","-127,5886","8,4635","62,9605","-4,59","-13,12","-173,95",1,,,,
253638,144046,"-21,9416008","-48,95267487","509,1",1,8,"464,74","958,66","32,75","2,3119","-4,0772","-1,5593","0,0275",0,"0,5739","1,7863","0,0571","7,4131","0,2285","-0,0742","0,9487","-0,9018","-0,8677","0,9143","-128,97","8,7844","62,5076","-4,66","-13,03","-173,8",1,,,,
253685,144046,"-21,9416008","-48,95267487","509,1",1,8,"464,74","958,66","32,75","2,3074","-4,0772","-1,5021","0,0279",0,"0,3775","1,7568","0,0571","7,4215","0,2173","-0,0444","0,9521","0,3177","-0,5628","2,1338","-129,1167","7,8192","62,3341","-4,7","-12,99","-173,76",1,,,,
253785,144046,"-21,9416008","-48,95267487","509,1",1,8,"464,74","958,66","32,75","2,3033","-4,0772","-1,4642","0,0286",0,"0,2789","1,7487","0,0571","7,4028","0,2251","-0,0713","0,9458","1,7201","0,5957","-0,0003","-129,1156","8,6017","62,6282","-4,7","-12,94","-173,75",1,,,,
253885,144046,"-21,9416008","-48,95267487","509,1",1,8,"464,74","958,66","32,75","2,2994","-4,0772","-1,438","0,0307",0,"0,2272","1,8179","0,0571","7,4366","0,2373","-0,04","0,9546","-1,5726","2,1201","1,5851","-127,8614","8,4394","62,7134","-4,65","-12,89","-173,78",1,,,,
253985,144046,"-21,9416008","-48,95267487","509,1",1,8,"464,74","958,66","32,75","2,2958","-4,0772","-1,4193","0,0312",0,"0,1974","1,8106","0,0571","7,4254","0,2339","-0,0396","0,9517","-2,1213","0,2299","-1,4027","-128,8255","8,1846","62,0927","-4,67","-12,89","-173,74",1,,,,
254275,144046,"-21,9416008","-48,95267487","509,1",1,8,"464,74","958,66","32,77","2,2925","-4,0772","-1,4055","0,0309",0,"0,1787","1,771","0,0571","7,3581","0,2256","-0,0508","0,9424","1,6591","-0,7457","1,1582","-128,5618","9,4124","63,1624","-4,85","-12,96","-173,75",1,,,,
254322,144046,"-21,9416008","-48,95267487","509,1",1,8,"464,74","958,66","32,77","2,2894","-4,0772","-1,3952","0,0315",0,"0,1682","1,7748","0,0571","7,3701","0,2271","-0,0625","0,9478","-1,8774","0,9616","-1,3418","-128,5415","8,57","62,1056","-4,84","-12,97","-173,77",1,,,,
254422,144046,"-21,9416008","-48,95267487","509,1",1,8,"464,74","958,66","32,77","2,2866","-4,0772","-1,3873","0,0322",0,"0,1613","1,7897","0,0571","7,3661","0,2319","-0,0405","0,9487","2,086","4,0713","-3,1101","-129,1167","7,8192","62,3341","-4,77","-12,97","-173,83",1,,,,
254522,144046,"-21,9416008","-48,95267487","509,1",1,8,"464,74","958,66","32,77","2,2839","-4,0772","-1,3812","0,0315",0,"0,157","1,7338","0,0571","7,3722","0,2139","-0,0264","0,9453","-2,2433","1,0226","1,2192","-129,2612","8,419","62,7489","-4,62","-12,89","-173,99",1,,,,
254622,144046,"-21,9416008","-48,95267487","509,1",1,8,"464,74","958,66","32,77","2,2815","-4,0772","-1,3763","0,0321",0,"0,1545","1,7454","0,0571","7,4016","0,2261","-0,0537","0,9434","-0,2921","0,1079","13,7802","-127,5733","9,2061","62,7462","-4,59","-12,83","-173,98",1,,,,
254775,144046,"-21,9416008","-48,95267487","509,1",1,8,"464,08","958,74","32,77","2,2792","-4,0772","-1,2498","0,0287",0,"0,3762","1,5649","0,0571","7,3274","0,2056","-0,1094","0,9272","1,3543","0,7787","-7,1954","-128,4071","8,3914","62,2192","-4,73","-12,76","-173,31",1,,,,
254822,144046,"-21,9416008","-48,95267487","509,1",1,8,"464,08","958,74","32,77","2,2771","-4,0772","-1,1486","0,031",0,"0,3231","1,6665","0,0571","7,3744","0,2393","-0,0645","0,9565","0,8665","0,7177","-5,3662","-129,1065","7,398","61,8057","-4,84","-12,66","-172,66",1,,,,
254922,144046,"-21,9416008","-48,95267487","509,1",1,8,"464,08","958,74","32,77","2,2751","-4,0772","-1,0672","0,0316",0,"0,2835","1,6851","0,0571","7,3708","0,2168","-0,0508","0,9448","-1,2067","1,3884","3,0485","-128,6972","8,8085","62,7547","-4,83","-12,6","-172,53",1,,,,
255022,144048,"-21,9416008","-48,95267487","509,1",1,8,"464,08","958,74","32,77","2,2733","-4,0772","-1,0013","0,0344",0,"0,2537","1,8145","0,0571","7,3482","0,2471","-0,062","0,9429","-2,1823","-2,0872","10,7924","-128,3847","9,114","61,7506","-4,88","-12,6","-172,5",1,,,,
255122,144048,"-21,9416008","-48,95267487","509,1",1,8,"464,08","958,74","32,77","2,2717","-4,0772","-0,9475","0,0349",0,"0,2319","1,8324","0,0571","7,3706","0,2275","-0,0439","0,9443","1,3543","-2,2091","-3,171","-127,7189","9,0234","62,8669","-5,02","-12,67","-172,25",1,,,,
255275,144048,"-21,9416008","-48,95267487","509,1",1,8,"464,74","958,66","32,76","2,2701","-4,0772","-1,0171","0,0348",0,"0,035","1,8186","0,0571","7,3869","0,2314","-0,0474","0,9424","-2,1823","1,1445","-0,854","-128,5333","9,3326","62,1455",-5,"-12,79","-172,32",1,,,,
255322,144048,"-21,9416008","-48,95267487","509,1",1,8,"464,74","958,66","32,76","2,2687","-4,0772","-1,0743","0,0347",0,"0,0558","1,8053","0,0571","7,3672","0,2261","-0,0654","0,9399","-0,1701","2,1201","5,4265","-128,0141","8,2767","63,0883","-4,95","-12,87","-172,48",1,,,,
255422,144048,"-21,9416008","-48,95267487","509,1",1,8,"464,74","958,66","32,76","2,2674","-4,0772","-1,1214","0,0331",0,"0,0715","1,7184","0,0571","7,3144","0,2402","-0,0537","0,9419","-0,2921","-0,3189","-3,7198","-129,1055","8,1805","62,0998","-4,94","-12,82","-172,56",1,,,,
255522,144048,"-21,9416008","-48,95267487","509,1",1,8,"464,74","958,66","32,76","2,2661","-4,0772","-1,1603","0,0342",0,"0,0855","1,769","0,0571","7,3487","0,2432","-0,0713","0,9429","0,2567","-1,4165","-5,3662","-129,3996","8,2164","62,6154","-4,89","-12,76","-172,78",1,,,,
255622,144048,"-21,9416008","-48,95267487","509,1",1,8,"464,74","958,66","32,76","2,265","-4,0772","-1,1924","0,0352",0,"0,0961","1,8125","0,0571","7,3477","0,2324","-0,0469","0,9409","0,1957","-1,4774","-6,7076","-128,8163","9,7297","62,4268","-4,75","-12,83","-173,23",1,,,,
255775,144048,"-21,9416008","-48,95267487","509,1",1,8,"464,74","958,66","32,78","2,2639","-4,0772","-1,2191","0,0342",0,"0,1051","1,7622","0,0571","7,3694","0,2163","-0,0537","0,9478","1,4152","-0,136","0,9143","-128,1384","8,0341","62,4463","-4,58","-12,99","-173,78",1,,,,
255822,144048,"-21,9416008","-48,95267487","509,1",1,8,"464,74","958,66","32,78","2,263","-4,0772","-1,2412","0,0345",0,"0,1123","1,773","0,0571","7,3808","0,2285","-0,0571","0,9487","-0,597","0,5348","-1,9515","-128,8225","7,7834","61,8185","-4,43","-13,07","-174,15",1,,,,
255922,144048,"-21,9416008","-48,95267487","509,1",1,8,"464,74","958,66","32,78","2,262","-4,0772","-1,2596","0,0342",0,"0,1183","1,7552","0,0571","7,3933","0,2178","-0,0469","0,9565","-2,5482","0,4128","-9,3296","-128,4041","7,9901","61,945","-4,34","-13,13","-174,39",1,,,,
256022,144049,"-21,9416008","-48,95267487","509,1",1,8,"464,74","958,66","32,78","2,2612","-4,0772","-1,2749","0,0354",0,"0,1238","1,8107","0,0571","7,435","0,2358","-0,0645","0,958","0,6226","1,0226","3,8412","-129,8079","7,5884","61,9606","-4,35","-13,18","-174,69",1,,,,
256122,144049,"-21,9416008","-48,95267487","509,1",1,8,"464,74","958,66","32,78","2,2604","-4,0772","-1,2876","0,0354",0,"0,1279","1,8085","0,0571","7,4453","0,2344","-0,0439","0,9614","-0,7799","0,1689","4,6948","-128,2981","7,8913","63,0754","-4,41","-13,16","-174,66",1,,,,
256398,144049,"-21,9416008","-48,95267487","509,1",1,8,"464,59","958,68","32,8","2,2596","-4,0772","-1,2738","0,035",0,"0,1663","1,7843","0,0571","7,3993","0,2271","-0,0454","0,9404","-3,2799","-3,4896","0,6704","-128,8154","7,7634","61,5643","-4,76","-13,17","-173,48",1,,,,
256445,144049,"-21,9416008","-48,95267487","509,1",1,8,"464,59","958,68","32,8","2,2589","-4,0772","-1,2622","0,0353",0,"0,1633","1,7957","0,0571","7,4234","0,231","-0,0508","0,9561","-1,9994","-0,7457","0,0607","-128,0049","9,8218","63,4224","-4,85","-13,21","-173,28",1,,,,
256545,144049,"-21,9416008","-48,95267487","509,1",1,8,"464,59","958,68","32,8","2,2583","-4,0772","-1,2526","0,0351",0,"0,1602","1,7856","0,0571","7,4087","0,2339","-0,0508","0,9492","-0,6579","-0,5018","-1,0369","-128,8357","8,6058","62,6211","-5,03","-13,35","-173,13",1,,,,
256645,144049,"-21,9416008","-48,95267487","509,1",1,8,"464,59","958,68","32,8","2,2577","-4,0772","-1,2445","0,0351",0,"0,1579","1,7835","0,0571","7,4154","0,2246","-0,0493","0,9512","-0,7189","1,3884","-0,793","-128,8163","9,7297","62,4268","-5,1","-13,42","-173,21",1,,,,
256745,144049,"-21,9416008","-48,95267487","509,1",1,8,"464,59","958,68","32,8","2,2571","-4,0772","-1,2378","0,0348",0,"0,1563","1,765","0,0571","7,4322","0,2241","-0,0557","0,9507","-2,0604","-3,2457","2,3168","-129,2693","7,6565","62,709","-5,07","-13,38","-173,31",1,,,,
256898,144049,"-21,9416008","-48,95267487","509,1",1,8,"465,03","958,63","32,84","2,2566","-4,0772","-1,3058","0,0344",0,"0,0464","1,7454","0,0571","7,4118","0,2202","-0,0552","0,9443","-0,9018","0,047","1,0973","-129,0963","9,7257","62,4339","-5,11","-13,39","-173,24",1,,,,
256945,144050,"-21,9416008","-48,95267487","509,1",1,8,"465,03","958,63","32,84","2,2561","-4,0772","-1,3625","0,0343",0,"0,0629","1,7397","0,0571","7,4105","0,2212","-0,0479","0,9487","-0,9628","-0,3189","-0,4271","-128,9528","8,3433","61,7249","-5,16","-13,42","-173,13",1,,,,
257045,144050,"-21,9416008","-48,95267487","509,1",1,8,"465,03","958,63","32,84","2,2556","-4,0772","-1,4099","0,034",0,"0,0763","1,7214","0,0571","7,3935","0,2139","-0,0498","0,938","-1,8165","1,3274","2,7436","-128,8378","7,0407","62,0328","-5,19","-13,42","-173,05",1,,,,
257145,144050,"-21,9416008","-48,95267487","509,1",1,8,"465,03","958,63","32,84","2,2552","-4,0772","-1,4495","0,0341",0,"0,0884","1,7252","0,0571","7,4257","0,2227","-0,0586","0,9531","-1,3287","1,6933","0,9143","-128,401","7,5889","61,6708","-5,22","-13,37","-172,93",1,,,,
257245,144050,"-21,9416008","-48,95267487","509,1",1,8,"465,03","958,63","32,84","2,2548","-4,0772","-1,4825","0,0343",0,"0,0981","1,737","0,0571","7,4326","0,2271","-0,0439","0,9453","1,5372","2,486","-1,4637","-128,5781","7,8872","63,0825","-5,28","-13,3","-172,73",1,,,,
257398,144050,"-21,9416008","-48,95267487","509,1",1,8,"464,44","958,7","32,81","2,2544","-4,0772","-1,4114","0,0345",0,"0,2501","1,7417","0,0571","7,4078","0,2271","-0,0356","0,9419","-0,1091","1,3274","-2,0125","-128,9823","7,6406","62,4477","-5,23","-13,16","-172,68",1,,,,
257445,144050,"-21,9416008","-48,95267487","509,1",1,8,"464,44","958,7","32,81","2,254","-4,0772","-1,352","0,0354",0,"0,2323","1,7888","0,0571","7,3747","0,2388","-0,0688","0,9375","-1,8774","-2,0872","5,6095","-128,572","7,0847","62,5342","-5,12","-13,06","-172,79",1,,,,
257545,144050,"-21,9416008","-48,95267487","509,1",1,8,"464,44","958,7","32,81","2,2537","-4,0772","-1,3024","0,0347",0,"0,2186","1,7515","0,0571","7,406","0,2173","-0,0815","0,9492","0,0738","2,0591","11,829","-128,7023","7,6447","62,4406","-5,12","-13,04","-172,66",1,,,,
257645,144050,"-21,9416008","-48,95267487","509,1",1,8,"464,44","958,7","32,81","2,2534","-4,0772","-1,261","0,0351",0,"0,2063","1,7731","0,0571","7,392","0,2397","-0,0498","0,9434","-1,9994","-1,1116","-0,2442","-128,5598","8,2286","62,5941","-5,21","-12,98","-172,24",1,,,,
257745,144050,"-21,9416008","-48,95267487","509,1",1,8,"464,44","958,7","32,81","2,2531","-4,0772","-1,2264","0,0349",0,"0,1966","1,7593","0,0571","7,404","0,2246","-0,0591","0,9453","-0,9628","-0,2579","1,4631","-128,6952","7,6247","62,1863","-5,21","-12,97","-172,12",1,,,,
257898,144050,"-21,9416008","-48,95267487","509,1",1,8,"464,59","958,68","32,8","2,2528","-4,0772","-1,2226","0,0346",0,"0,1513","1,7448","0,0571","7,4008","0,2158","-0,0532","0,9453","-1,0238","1,2055","2,1948","-128,4183","8,03","62,4534","-5,21",-13,"-172,09",1,,,,
257945,144051,"-21,9416008","-48,95267487","509,1",1,8,"464,59","958,68","32,8","2,2525","-4,0772","-1,2196","0,0337",0,"0,1499","1,7004","0,0571","7,3756","0,208","-0,0571","0,9395","-1,6945","-0,5018","-1,1588","-128,5374","8,9513","62,1255","-5,26","-12,98","-172,02",1,,,,
258045,144051,"-21,9416008","-48,95267487","509,1",1,8,"464,59","958,68","32,8","2,2523","-4,0772","-1,217","0,0333",0,"0,1501","1,6793","0,0571","7,4242","0,2119","-0,062","0,958","0,8665","0,7787","-0,5491","-128,569","6,6835","62,26","-5,32","-12,95",-172,1,,,,
258145,144051,"-21,9416008","-48,95267487","509,1",1,8,"464,59","958,68","32,8","2,2521","-4,0772","-1,2148","0,033",0,"0,1497","1,6603","0,0571","7,4365","0,2021","-0,0806","0,9551","-0,1701","1,8152","0,8534","-128,4082","7,6088","61,925","-5,32","-12,91","-172,06",1,,,,
258245,144051,"-21,9416008","-48,95267487","509,1",1,8,"464,59","958,68","32,8","2,2518","-4,0772","-1,213","0,0335",0,"0,1482","1,6869","0,0571","7,3858","0,2212","-0,0601","0,9365","-1,2677","-3,6726","-2,6223","-128,4173","8,8126","62,7476","-5,31","-12,84","-172,1",1,,,,
258575,144051,"-21,9416008","-48,95267487","509,1",1,8,"463,97","958,75","32,81","2,2516","-4,0772","-1,1098","0,0343",0,"0,2957","1,7263","0,0571","7,3467","0,2168","-0,0552","0,9404","-0,2311","-1,5384","1,4021","-129,4923","10,2416","61,839","-5,19","-13,23","-172,67",1,,,,
258622,144051,"-21,9416008","-48,95267487","509,1",1,8,"463,97","958,75","32,81","2,2515","-4,0772","-1,0236","0,0344",0,"0,2707","1,7335","0,0571","7,3363","0,2236","-0,0757","0,939","0,0738","1,2055","-0,1223","-128,5344","8,55","61,8514","-5,14","-13,27","-172,76",1,,,,
258722,144051,"-21,9416008","-48,95267487","509,1",1,8,"463,97","958,75","32,81","2,2513","-4,0772","-0,9516","0,0343",0,"0,2517","1,7258","0,0571","7,426","0,2178","-0,0381","0,9624","-0,536","-0,9896","-2,5003","-128,1332","9,1979","62,7604","-5,04","-13,33","-172,91",1,,,,
258822,144051,"-21,9416008","-48,95267487","509,1",1,8,"463,97","958,75","32,81","2,2511","-4,0772","-0,8914","0,0349",0,"0,2341","1,7577","0,0571","7,411","0,2285","-0,0439","0,9526","-1,8165","0,5957","1,5851","-129,3701","8,9191","61,8927","-4,97","-13,34","-173,05",1,,,,
258922,144051,"-21,9416008","-48,95267487","509,1",1,8,"463,97","958,75","32,81","2,251","-4,0772","-0,8411","0,0354",0,"0,219","1,7782","0,0571","7,3815","0,2295","-0,106","0,9321","-0,536","-3,5506","-1,8905","-128,9579","7,1794","61,4108",-5,"-13,35","-173,01",1,,,,
259075,144052,"-21,9416008","-48,95267487","509,1",1,8,"464,07","958,74","32,81","2,2509","-4,0772","-0,816","0,0346",0,"0,1824","1,7372","0,0571","7,3964","0,2173","-0,0444","0,9517","0,2567","1,6933","-1,9515","-128,9548","9,5271","62,2933","-5,1","-13,45","-172,92",1,,,,
259122,144052,"-21,9416008","-48,95267487","509,1",1,8,"464,07","958,74","32,81","2,2507","-4,0772","-0,7951","0,0336",0,"0,1765","1,688","0,0571","7,4041","0,2056","-0,0601","0,9502","-1,9384","-0,6848","-2,5003","-128,7023","7,6447","62,4406","-5,14","-13,51","-172,99",1,,,,
259222,144052,"-21,9416008","-48,95267487","509,1",1,8,"464,07","958,74","32,81","2,2506","-4,0772","-0,7776","0,0337",0,"0,1707","1,693","0,0571","7,3647","0,2207","-0,0479","0,9419","-2,3043","0,8396","1,3412","-127,2903","8,8089","62,4649","-5,17","-13,5","-173,12",1,,,,
259322,144052,"-21,9416008","-48,95267487","509,1",1,8,"464,07","958,74","32,81","2,2505","-4,0772","-0,763","0,0325",0,"0,1684","1,6341","0,0571","7,4571","0,1968","-0,0605","0,9683","0,1957","-3,3067","-2,5613","-128,9741","8,4032","62,4876","-5,26","-13,44","-173,11",1,,,,
259422,144052,"-21,9416008","-48,95267487","509,1",1,8,"464,07","958,74","32,81","2,2504","-4,0772","-0,7508","0,0351",0,"0,164","1,7629","0,0571","7,4132","0,2397","-0,0649","0,939","0,6835","-1,4774","-2,3174","-129,1126","8,2005","62,3541","-5,28","-13,41","-173,08",1,,,,
259575,144052,"-21,9416008","-48,95267487","509,1",1,8,"464,07","958,74","32,81","2,2503","-4,0772","-0,7406","0,0351",0,"0,1604","1,7629","0,0571","7,3838","0,2241","-0,0488","0,9585","-0,7189","1,8762","-2,0125","-128,7054","8,0459","62,7148","-5,18","-13,44","-173,25",1,,,,
259622,144052,"-21,9416008","-48,95267487","509,1",1,8,"464,07","958,74","32,81","2,2502","-4,0772","-0,7321","0,0343",0,"0,1574","1,7232","0,0571","7,3564","0,2114","-0,0654","0,937","-1,1457","1,0226","5,1826","-128,4254","8,05","62,7076","-5,07","-13,43","-173,46",1,,,,
259722,144052,"-21,9416008","-48,95267487","509,1",1,8,"464,07","958,74","32,81","2,2501","-4,0772","-0,725","0,0349",0,"0,1551","1,7521","0,0571","7,3416","0,2407","-0,0513","0,9331","0,0128","1,3274","0,5485","-128,2616","8,5741","62,0985","-5,05","-13,38","-173,58",1,,,,
259822,144052,"-21,9416008","-48,95267487","509,1",1,8,"464,07","958,74","32,81","2,25","-4,0772","-0,719","0,034",0,"0,1539","1,7063","0,0571","7,3679","0,2173","-0,0439","0,9438","-0,536","-0,4409","-1,4637","-128,3959","8,7527","61,9849","-5,06","-13,37","-173,68",1,,,,
259922,144053,"-21,9416008","-48,95267487","509,1",1,8,"464,07","958,74","32,81","2,25","-4,0772","-0,714","0,0342",0,"0,1536","1,7168","0,0571","7,427","0,2158","-0,062","0,9551","-1,9994","1,3884","3,1704","-128,8204","9,3484","62,4068","-5,04","-13,36","-173,76",1,,,,
260075,144053,"-21,9416008","-48,95267487","509,1",1,8,"464,18","958,73","32,8","2,2499","-4,0772","-0,7273","0,0338",0,"0,1262","1,6971","0,0571","7,3848","0,2173","-0,0796","0,9429","-2,6091","-2,1482","1,8899","-128,5527","8,2087","62,3398","-5,07","-13,29","-173,72",1,,,,
260122,144053,"-21,9416008","-48,95267487","509,1",1,8,"464,18","958,73","32,8","2,2499","-4,0772","-0,7383","0,0338",0,"0,1288","1,6972","0,0571","7,3571","0,2183","-0,0552","0,937","-1,8774","-0,4409","1,4631","-128,5415","8,57","62,1056","-5,17","-13,22","-173,61",1,,,,
260222,144053,"-21,9416008","-48,95267487","509,1",1,8,"464,18","958,73","32,8","2,2498","-4,0772","-0,7476","0,0352",0,"0,1321","1,7678","0,0571","7,3878","0,2319","-0,0332","0,9497","0,5006","0,1079","2,4387","-128,8398","8,2245","62,6012","-5,28","-13,2","-173,5",1,,,,
260322,144053,"-21,9416008","-48,95267487","509,1",1,8,"464,18","958,73","32,8","2,2498","-4,0772","-0,7553","0,0331",0,"0,1341","1,663","0,0571","7,3791","0,2051","-0,0571","0,9399","-1,0848","0,4738","-1,6466","-127,8533","9,202","62,7533","-5,26","-13,19","-173,48",1,,,,
260422,144053,"-21,9416008","-48,95267487","509,1",1,8,"464,18","958,73","32,8","2,2497","-4,0772","-0,7617","0,0341",0,"0,1365","1,713","0,0571","7,404","0,2241","-0,0688","0,9434","-0,536","-0,6238","4,0241","-129,1014","8,5618","62,1198","-5,24","-13,17","-173,53",1,,,,
260713,144053,"-21,9416008","-48,95267487","509,1",1,8,"464,44","958,7","32,81","2,2497","-4,0772","-0,8093","0,0348",0,"0,076","1,7469","0,0571","7,3845","0,2207","-0,0645","0,938","-0,9018","0,1689","1,5241","-128,2443","8,1329","61,3158","-5,48","-13,3","-173,33",1,,,,
260760,144053,"-21,9416008","-48,95267487","509,1",1,8,"464,44","958,7","32,81","2,2497","-4,0772","-0,849","0,0341",0,"0,0879","1,7091","0,0571","7,4087","0,2104","-0,0732","0,9546","-1,2677","-0,6238","-1,0369","-128,9782","8,0219","62,4676","-5,51","-13,3","-173,3",1,,,,
260860,144053,"-21,9416008","-48,95267487","509,1",1,8,"464,44","958,7","32,81","2,2496","-4,0772","-0,8821","0,0347",0,"0,0979","1,7413","0,0571","7,4311","0,2295","-0,0591","0,9565","-1,2067","0,6567","-3,4149","-128,5456","8,1887","62,0856","-5,58","-13,31","-173,33",1,,,,
260960,144054,"-21,9416008","-48,95267487","509,1",1,8,"464,44","958,7","32,81","2,2496","-4,0772","-0,9099","0,0349",0,"0,1066","1,7532","0,0571","7,467","0,2148","-0,0537","0,9653","0,3177","0,9006","-3,0491","-128,2727","8,2127","62,3327","-5,59","-13,31","-173,5",1,,,,
261060,144054,"-21,9416008","-48,95267487","509,1",1,8,"464,44","958,7","32,81","2,2496","-4,0772","-0,933","0,0341",0,"0,1123","1,7109","0,0571","7,4156","0,2173","-0,061","0,9419","0,1348","-0,075","3,6582","-129,1136","7,4179","62,0599","-5,55","-13,32","-173,68",1,,,,
261213,144054,"-21,9416008","-48,95267487","509,1",1,8,"464,32","958,71","32,82","2,2496","-4,0772","-0,9332","0,0333",0,"0,1449","1,6713","0,0571","7,3691","0,2256","-0,064","0,9531","0,9274","-0,5018","-1,9515","-129,5157","8,7364","62,0133","-5,54","-13,3","-173,58",1,,,,
261260,144054,"-21,9416008","-48,95267487","509,1",1,8,"464,32","958,71","32,82","2,2496","-4,0772","-0,9335","0,034",0,"0,1446","1,7051","0,0571","7,3505","0,2271","-0,0322","0,9385","-0,1091","0,6567","-5,0613","-128,4061","9,1739","62,5133","-5,47","-13,25","-173,48",1,,,,
261360,144054,"-21,9416008","-48,95267487","509,1",1,8,"464,32","958,71","32,82","2,2496","-4,0772","-0,9336","0,0349",0,"0,1449","1,7513","0,0571","7,3674","0,2305","-0,0483","0,9531","0,5006","1,2665","1,4631","-128,291","7,8714","62,8212","-5,34","-13,22","-173,59",1,,,,
261460,144054,"-21,9416008","-48,95267487","509,1",1,8,"464,32","958,71","32,82","2,2496","-4,0772","-0,9338","0,0366",0,"0,1456","1,8338","0,0571","7,3984","0,2437","-0,0283","0,9595","0,3177","-0,9896","0,7924","-128,116","8,7568","61,9778","-5,22","-13,23","-173,7",1,,,,
261560,144054,"-21,9416008","-48,95267487","509,1",1,8,"464,32","958,71","32,82","2,2496","-4,0772","-0,9339","0,0353",0,"0,1457","1,7722","0,0571","7,4028","0,2295","-0,0581","0,9438","0,6835","1,9982","-1,7076","-128,5669","8,2486","62,8483","-5,11","-13,25","-173,68",1,,,,
261713,144054,"-21,9416008","-48,95267487","509,1",1,8,"464,18","958,73","32,83","2,2496","-4,0772","-0,9109","0,0347",0,"0,1793","1,7428","0,0571","7,3977","0,2178","-0,0581","0,9424","1,4762","-1,5384","-0,6101","-128,1272","8,3954","62,212","-4,95","-13,25","-173,78",1,,,,
261760,144054,"-21,9416008","-48,95267487","509,1",1,8,"464,18","958,73","32,83","2,2496","-4,0772","-0,8918","0,0349",0,"0,174","1,7493","0,0571","7,4064","0,2251","-0,0591","0,9507","0,1348","1,0835","-0,2442","-128,4","8,3714","61,9649","-4,8","-13,26","-173,99",1,,,,
261860,144054,"-21,9416008","-48,95267487","509,1",1,8,"464,18","958,73","32,83","2,2497","-4,0772","-0,8758","0,0349",0,"0,169","1,7492","0,0571","7,3856","0,2275","-0,0571","0,9473","0,1348","0,4128","-2,2564","-128,3949","9,5352","62,279","-4,69","-13,25","-174,15",1,,,,
261960,144055,"-21,9416008","-48,95267487","509,1",1,8,"464,18","958,73","32,83","2,2497","-4,0772","-0,8624","0,0353",0,"0,1656","1,7723","0,0571","7,408","0,2275","-0,0425","0,9546","-1,0848","-2,636","1,2802","-129,25","8,7804","62,5147","-4,63","-13,28","-174,26",1,,,,
262060,144055,"-21,9416008","-48,95267487","509,1",1,8,"464,18","958,73","32,83","2,2497","-4,0772","-0,8512","0,0346",0,"0,1621","1,7353","0,0571","7,3946","0,2173","-0,0723","0,9463","-1,5726","-1,0506","0,8534","-128,5456","8,1887","62,0856","-4,63","-13,41","-174,27",1,,,,
262213,144055,"-21,9416008","-48,95267487","509,1",1,8,"464,44","958,7","32,83","2,2497","-4,0772","-0,884","0,0346",0,"0,0981","1,7358","0,0571","7,4104","0,2178","-0,0464","0,9512","-1,1457","-2,8799","0,6095","-128,7125","8,0659","62,969","-4,7","-13,52","-174,2",1,,,,
262260,144055,"-21,9416008","-48,95267487","509,1",1,8,"464,44","958,7","32,83","2,2497","-4,0772","-0,9114","0,0347",0,"0,1063","1,7401","0,0571","7,4283","0,2236","-0,0454","0,9551","-0,2921","-0,4409","0,6704","-128,7206","7,3033","62,9291","-4,78","-13,63","-174,13",1,,,,
262360,144055,"-21,9416008","-48,95267487","509,1",1,8,"464,44","958,7","32,83","2,2498","-4,0772","-0,9343","0,0348",0,"0,1127","1,743","0,0571","7,4175","0,2188","-0,0488","0,9473","0,5616","0,7787","1,707","-128,3033","6,7275","62,7613","-4,79","-13,7","-174,13",1,,,,
262460,144055,"-21,9416008","-48,95267487","509,1",1,8,"464,44","958,7","32,83","2,2498","-4,0772","-0,9535","0,0343",0,"0,118","1,7216","0,0571","7,41","0,2168","-0,0522","0,9482","-2,0604","-1,2945","0,3655","-129,0932","9,3244","62,1597","-4,75","-13,68","-174,15",1,,,,
262560,144055,"-21,9416008","-48,95267487","509,1",1,8,"464,44","958,7","32,83","2,2498","-4,0772","-0,9694","0,0354",0,"0,1225","1,7767","0,0571","7,4009","0,2354","-0,0532","0,9546","-0,0482","0,9616","-1,0979","-128,3837","9,8966","62,0448","-4,76","-13,66","-174,17",1,,,,
262840,144055,"-21,9416008","-48,95267487","509,1",1,8,"464,59","958,68","32,84","2,2499","-4,0772","-1,0075","0,0354",0,"0,0918","1,7766","0,0571","7,4887","0,2212","-0,0469","0,9634","-1,2677","-0,9287","-0,0613","-128,1363","9,5992","63,0346","-4,61","-13,65","-174,28",1,,,,
262887,144055,"-21,9416008","-48,95267487","509,1",1,8,"464,59","958,68","32,84","2,2499","-4,0772","-1,0394","0,0357",0,"0,1005","1,7874","0,0571","7,4643","0,23","-0,0562","0,9487","-0,2311","3,2177","-1,5247","-128,5405","9,3525","62,3997","-4,58","-13,64","-174,28",1,,,,
262987,144056,"-21,9416008","-48,95267487","509,1",1,8,"464,59","958,68","32,84","2,2499","-4,0772","-1,066","0,0348",0,"0,1079","1,7446","0,0571","7,4505","0,2148","-0,0405","0,9521","-0,2311","-0,014","-1,4027","-129,1044","8,9631","62,394","-4,54","-13,6","-174,34",1,,,,
263087,144056,"-21,9416008","-48,95267487","509,1",1,8,"464,59","958,68","32,84","2,25","-4,0772","-1,0882","0,0335",0,"0,1138","1,6772","0,0571","7,4237","0,209","-0,062","0,9478","0,1348","-1,1116","2,8655","-128,2656","8,1928","62,0785","-4,49","-13,55","-174,43",1,,,,
263187,144056,"-21,9416008","-48,95267487","509,1",1,8,"464,59","958,68","32,84","2,25","-4,0772","-1,1068","0,0345",0,"0,1179","1,7316","0,0571","7,3638","0,2271","-0,0522","0,938","-1,0238","0,5348","3,7802","-128,1272","8,3954","62,212","-4,47","-13,53","-174,33",1,,,,
263340,144056,"-21,9416008","-48,95267487","509,1",1,8,"464,59","958,68","32,84","2,25","-4,0772","-1,1223","0,0343",0,"0,1224","1,7175","0,0571","7,3647","0,2129","-0,0596","0,9473","0,5616","-2,514","0,3046","-128,9853","8,0418","62,7219","-4,54","-13,56","-174,06",1,,,,
263387,144056,"-21,9416008","-48,95267487","509,1",1,8,"464,59","958,68","32,84","2,2501","-4,0772","-1,1353","0,0346",0,"0,1262","1,7345","0,0571","7,369","0,2261","-0,0527","0,9458","-0,0482","-0,5018","1,829","-127,9958","8,6181","62,5998","-4,63","-13,63","-173,82",1,,,,
263487,144056,"-21,9416008","-48,95267487","509,1",1,8,"464,59","958,68","32,84","2,2501","-4,0772","-1,1462","0,0349",0,"0,1294","1,7485","0,0571","7,3681","0,2246","-0,0498","0,9346","-2,3043","-0,3189","1,707","-128,2667","7,4102","61,7844","-4,68","-13,73","-173,63",1,,,,
263587,144056,"-21,9416008","-48,95267487","509,1",1,8,"464,59","958,68","32,84","2,2502","-4,0772","-1,1552","0,0357",0,"0,1328","1,7913","0,0571","7,4094","0,229","-0,0586","0,9521","-1,3896","-0,8677","-0,1832","-128,5577","9,7937","63,1824","-4,77","-13,85","-173,49",1,,,,
263687,144056,"-21,9416008","-48,95267487","509,1",1,8,"464,59","958,68","32,84","2,2502","-4,0772","-1,1628","0,0354",0,"0,1352","1,7763","0,0571","7,419","0,2246","-0,064","0,9526","-1,8774","1,4494","-0,671","-128,6576","9,09","61,5035","-4,83","-13,9","-173,43",1,,,,
263840,144056,"-21,9416008","-48,95267487","509,1",1,8,"464,43","958,7","32,85","2,2503","-4,0772","-1,1439","0,0361",0,"0,173","1,8073","0,0571","7,3794","0,2407","-0,0508","0,939","-1,2677","0,2909","-1,9515","-127,721","7,4583","62,2786","-4,84","-13,84","-173,56",1,,,,
263887,144056,"-21,9416008","-48,95267487","509,1",1,8,"464,43","958,7","32,85","2,2503","-4,0772","-1,1281","0,0353",0,"0,1685","1,7672","0,0571","7,3778","0,2158","-0,0474","0,9453","0,1348","0,9616","0,3046","-128,2727","8,2127","62,3327","-4,85","-13,79","-173,81",1,,,,
263987,144057,"-21,9416008","-48,95267487","509,1",1,8,"464,43","958,7","32,85","2,2504","-4,0772","-1,1149","0,0351",0,"0,1649","1,7591","0,0571","7,3874","0,2231","-0,0488","0,939","-1,4506","0,1079","-1,7686","-128,1119","9,1381","61,9977","-4,84","-13,73","-174,03",1,,,,
264087,144057,"-21,9416008","-48,95267487","509,1",1,8,"464,43","958,7","32,85","2,2504","-4,0772","-1,1039","0,0355",0,"0,1626","1,7793","0,0571","7,4315","0,2334","-0,0645","0,9585","0,0128","0,9006","0,6095","-128,8398","8,2245","62,6012","-4,82","-13,7","-174,22",1,,,,
264187,144057,"-21,9416008","-48,95267487","509,1",1,8,"464,43","958,7","32,85","2,2505","-4,0772","-1,0947","0,0345",0,"0,1596","1,73","0,0571","7,4153","0,2256","-0,0474","0,9419","-0,0482","0,7177","-1,2808","-127,6904","8,9436","61,85","-4,77","-13,63","-174,37",1,,,,
264340,144057,"-21,9416008","-48,95267487","509,1",1,8,"464,59","958,68","32,86","2,2505","-4,0772","-1,1122","0,0346",0,"0,1206","1,7337","0,0571","7,4199","0,2207","-0,0659","0,9492","-1,7555","2,8518","0,9143","-128,6688","8,7286","61,7378","-4,68","-13,53","-174,5",1,,,,
264387,144057,"-21,9416008","-48,95267487","509,1",1,8,"464,59","958,68","32,86","2,2506","-4,0772","-1,1269","0,034",0,"0,1238","1,7042","0,0571","7,3702","0,2119","-0,0679","0,9331","0,5006","1,8152","-1,4027","-128,5598","8,2286","62,5941","-4,63","-13,37","-174,61",1,,,,
264487,144057,"-21,9416008","-48,95267487","509,1",1,8,"464,59","958,68","32,86","2,2506","-4,0772","-1,1391","0,0343",0,"0,1278","1,7179","0,0571","7,3935","0,2183","-0,0488","0,9443","-0,2311","0,047","0,7924","-128,5669","8,2486","62,8483","-4,54","-13,19","-174,73",1,,,,
264587,144057,"-21,9416008","-48,95267487","509,1",1,8,"464,59","958,68","32,86","2,2507","-4,0772","-1,1493","0,0345",0,"0,1302","1,7311","0,0571","7,3649","0,2256","-0,062","0,9321","-1,3287","-0,5628","0,6704","-128,4071","8,3914","62,2192","-4,43","-13,13","-174,83",1,,,,
264687,144057,"-21,9416008","-48,95267487","509,1",1,8,"464,59","958,68","32,86","2,2507","-4,0772","-1,1578","0,0347",0,"0,1331","1,7381","0,0571","7,3851","0,2285","-0,0605","0,9492","0,5006","0,3518","-1,1588","-128,4","8,3714","61,9649","-4,4","-13,13","-174,85",1,,,,
264963,144057,"-21,9416008","-48,95267487","509,1",1,8,"464,92","958,64","32,87","2,2508","-4,0772","-1,2193","0,0345",0,"0,0552","1,7268","0,0571","7,3613","0,2168","-0,0537","0,9351","-1,7555","0,8396","0,9143","-128,8682","8,3044","63,6181","-4,37","-13,1","-175,07",1,,,,
265010,144057,"-21,9416008","-48,95267487","509,1",1,8,"464,92","958,64","32,87","2,2508","-4,0772","-1,2706","0,0345",0,"0,069","1,7267","0,0571","7,3134","0,2212","-0,0532","0,9277","-0,2921","0,8396","-2,5003","-128,6901","8,7885","62,5005","-4,37","-13,07","-175,13",1,,,,
265110,144057,"-21,9416008","-48,95267487","509,1",1,8,"464,92","958,64","32,87","2,2509","-4,0772","-1,3135","0,0351",0,"0,0822","1,759","0,0571","7,354","0,2261","-0,0542","0,9414","-1,2677","0,3518","0,1216","-128,1282","7,6129","61,9179","-4,37","-13,01","-175,32",1,,,,
265210,144057,"-21,9416008","-48,95267487","509,1",1,8,"464,92","958,64","32,87","2,251","-4,0772","-1,3494","0,0352",0,"0,0928","1,7633","0,0571","7,3696","0,229","-0,0522","0,9502","-0,2311","-2,1482","-3,293","-128,684","7,986","61,9521","-4,38","-12,98","-175,54",1,,,,
265310,144057,"-21,9416008","-48,95267487","509,1",1,8,"464,92","958,64","32,87","2,251","-4,0772","-1,3793","0,0351",0,"0,1019","1,761","0,0571","7,3905","0,2251","-0,0576","0,9517","0,5616","0,5957","-0,4271","-128,5639","7,8473","62,5741","-4,36","-13,05","-175,77",1,,,,
265463,144057,"-21,9416008","-48,95267487","509,1",1,8,"464,92","958,64","32,9","2,2511","-4,0772","-1,4048","0,0344",0,"0,1079","1,7259","0,0571","7,3616","0,2197","-0,0532","0,9448","-0,2921","0,8396","-0,1832","-129,2612","8,419","62,7489","-4,31","-13,1","-175,92",1,,,,
265510,144057,"-21,9416008","-48,95267487","509,1",1,8,"464,92","958,64","32,9","2,2511","-4,0772","-1,426","0,0351",0,"0,1142","1,7576","0,0571","7,3711","0,2319","-0,0459","0,9473","-0,353","-0,014","-2,0125","-128,8296","7,8033","62,0728","-4,27","-13,08","-176,01",1,,,,
265610,144057,"-21,9416008","-48,95267487","509,1",1,8,"464,92","958,64","32,9","2,2512","-4,0772","-1,4438","0,0346",0,"0,1205","1,7352","0,0571","7,4341","0,2173","-0,0444","0,958","-1,7555","2,2421","1,0973","-128,8428","8,6258","62,8754","-4,22","-13,04","-176,09",1,,,,
265710,144057,"-21,9416008","-48,95267487","509,1",1,8,"464,92","958,64","32,9","2,2513","-4,0772","-1,4586","0,0346",0,"0,1242","1,7361","0,0571","7,4048","0,2183","-0,0444","0,9434","-0,7799","1,7543","0,2436","-128,8286","8,5859","62,3669","-4,2","-12,96","-176,12",1,,,,
265810,144057,"-21,9416008","-48,95267487","509,1",1,8,"464,92","958,64","32,9","2,2513","-4,0772","-1,471","0,0356",0,"0,1283","1,7834","0,0571","7,4324","0,228","-0,0562","0,9521","0,1348","-1,5994","1,5241","-128,2758","8,614","62,6069","-4,21","-12,87","-176,1",1,,,,
265963,144059,"-21,9416008","-48,95267487","509,1",1,8,"464,92","958,64","32,89","2,2514","-4,0772","-1,4809","0,0353",0,"0,132","1,7695","0,0571","7,4338","0,2202","-0,0449","0,9487","1,1713","0,1689","-2,9881","-128,5221","9,6939","61,9112","-4,19","-12,89","-176,12",1,,,,
266010,144059,"-21,9416008","-48,95267487","509,1",1,8,"464,92","958,64","32,89","2,2515","-4,0772","-1,4892","0,0357",0,"0,1343","1,7882","0,0571","7,4303","0,2319","-0,0532","0,9502","-1,2067","2,486","2,1338","-128,8245","8,9672","62,3869","-4,11","-12,99","-176,24",1,,,,
266110,144059,"-21,9416008","-48,95267487","509,1",1,8,"464,92","958,64","32,89","2,2515","-4,0772","-1,4961","0,0346",0,"0,1357","1,7351","0,0571","7,4006","0,2173","-0,0498","0,9487","-1,2067","0,9006","3,6582","-129,2459","9,1617","62,5346","-4,05","-12,98","-176,28",1,,,,
266210,144059,"-21,9416008","-48,95267487","509,1",1,8,"464,92","958,64","32,89","2,2516","-4,0772","-1,5019","0,0345",0,"0,1376","1,7305","0,0571","7,4122","0,229","-0,0552","0,9487","-1,2677","-1,5994","2,4387","-128,7002","9,2097","63,0289","-4,11","-12,91","-176,09",1,,,,
266310,144059,"-21,9416008","-48,95267487","509,1",1,8,"464,92","958,64","32,89","2,2517","-4,0772","-1,5067","0,0353",0,"0,1386","1,7712","0,0571","7,3919","0,2378","-0,04","0,9409","-2,2433","0,3518","-1,1588","-128,5669","8,2486","62,8483","-4,23","-12,9","-175,81",1,,,,
266463,144059,"-21,9416008","-48,95267487","509,1",1,8,"464,59","958,68","32,92","2,2517","-4,0772","-1,4565","0,035",0,"0,219","1,7522","0,0571","7,3794","0,2256","-0,0615","0,9482","0,0738","0,9616","3,7192","-128,5527","8,2087","62,3398","-4,34","-12,92","-175,63",1,,,,
266510,144059,"-21,9416008","-48,95267487","509,1",1,8,"464,59","958,68","32,92","2,2518","-4,0772","-1,4145","0,0352",0,"0,207","1,7645","0,0571","7,3879","0,228","-0,0513","0,9487","-0,2921","-0,6848","-1,2198","-128,5497","7,8074","62,0657","-4,39","-12,93","-175,43",1,,,,
266610,144059,"-21,9416008","-48,95267487","509,1",1,8,"464,59","958,68","32,92","2,2519","-4,0772","-1,3794","0,0365",0,"0,1972","1,827","0,0571","7,4015","0,2388","-0,0488","0,9482","0,2567","0,1689","0,3046","-128,8245","8,9672","62,3869","-4,4","-12,95","-175,33",1,,,,
266710,144059,"-21,9416008","-48,95267487","509,1",1,8,"464,59","958,68","32,92","2,2519","-4,0772","-1,35","0,0356",0,"0,1889","1,7814","0,0571","7,4092","0,2163","-0,0498","0,9482","0,8665","0,047","2,9265","-127,549","8,745","61,7093","-4,36",-13,"-175,36",1,,,,
266810,144059,"-21,9416008","-48,95267487","509,1",1,8,"464,59","958,68","32,92","2,252","-4,0772","-1,3255","0,0344",0,"0,1817","1,7215","0,0571","7,4034","0,2046","-0,0771","0,9487","0,3787","1,5104","3,1095","-128,5669","8,2486","62,8483","-4,31","-13,04","-175,27",1,,,,
267091,144100,"-21,9416008","-48,95267487","509,1",1,8,"464,32","958,71","32,94","2,2521","-4,0772","-1,2608","0,0345",0,"0,2416","1,7296","0,0571","7,4501","0,2144","-0,04","0,9526","-1,8165","-0,9287","3,4753","-128,9711","8,0019","62,2134","-4,27","-13,05","-175,03",1,,,,
267138,144100,"-21,9416008","-48,95267487","509,1",1,8,"464,32","958,71","32,94","2,2521","-4,0772","-1,2066","0,0342",0,"0,2251","1,7114","0,0571","7,4028","0,2153","-0,0806","0,937","1,7201","-0,8067","3,5973","-128,3908","9,9165","62,299","-4,27","-13,04","-174,99",1,,,,
267238,144100,"-21,9416008","-48,95267487","509,1",1,8,"464,32","958,71","32,94","2,2522","-4,0772","-1,1614","0,0349",0,"0,2127","1,7503","0,0571","7,4373","0,2305","-0,0649","0,96","1,0494","0,4738","-2,3174","-127,7057","8,2009","62,0643","-4,27","-13,05","-174,81",1,,,,
267338,144100,"-21,9416008","-48,95267487","509,1",1,8,"464,32","958,71","32,94","2,2523","-4,0772","-1,1236","0,0351",0,"0,2002","1,7582","0,0571","7,3545","0,2178","-0,0352","0,937","-1,6335","0,9006","-1,5857","-128,403","8,7726","62,2391","-4,21","-13,03","-174,78",1,,,,
267438,144100,"-21,9416008","-48,95267487","509,1",1,8,"464,32","958,71","32,94","2,2523","-4,0772","-1,0921","0,0353",0,"0,1922","1,7688","0,0571","7,41","0,23","-0,0625","0,9536","-0,6579","2,7909","4,9997","-127,9816","8,5781","62,0914","-4,19",-13,"-174,92",1,,,,
267591,144100,"-21,9416008","-48,95267487","509,1",1,8,"465,03","958,63","32,92","2,2524","-4,0772","-1,1835","0,0348",0,"0,0115","1,7428","0,0571","7,3689","0,2197","-0,0596","0,9365","-0,7189","1,4494","0,9753","-128,3022","7,51","63,0555","-4,26","-12,92","-174,83",1,,,,
267638,144100,"-21,9416008","-48,95267487","509,1",1,8,"465,03","958,63","32,92","2,2525","-4,0772","-1,2598","0,0353",0,"0,0334","1,7709","0,0571","7,3632","0,2324","-0,0454","0,9429","0,0128","1,2055","1,2192","-129,1115","8,983","62,6482","-4,34","-12,8","-174,64",1,,,,
267738,144100,"-21,9416008","-48,95267487","509,1",1,8,"465,03","958,63","32,92","2,2525","-4,0772","-1,3236","0,0354",0,"0,053","1,7753","0,0571","7,4234","0,2314","-0,0542","0,957","0,2567","-0,197","-1,6466","-129,9443","8,9508","62,4153","-4,38","-12,68","-174,49",1,,,,
267838,144100,"-21,9416008","-48,95267487","509,1",1,8,"465,03","958,63","32,92","2,2526","-4,0772","-1,3769","0,0351",0,"0,0687","1,7578","0,0571","7,4434","0,2183","-0,0649","0,9565","0,6226","-1,0506","1,646","-128,1089","8,7368","61,7236","-4,37","-12,64","-174,5",1,,,,
267938,144100,"-21,9416008","-48,95267487","509,1",1,8,"465,03","958,63","32,92","2,2527","-4,0772","-1,4214","0,0348",0,"0,0809","1,7453","0,0571","7,41","0,2207","-0,0483","0,9385","-0,2921","-0,014","-0,9759","-128,4142","8,4113","62,4734","-4,34","-12,67","-174,54",1,,,,
268091,144100,"-21,9416008","-48,95267487","509,1",1,8,"464,74","958,66","32,93","2,2527","-4,0772","-1,4099","0,0336",0,"0,1623","1,6859","0,0571","7,387","0,2104","-0,0454","0,9434","-2,3043","0,1079","0,3655","-128,5232","8,9114","61,6171","-4,3","-12,7","-174,55",1,,,,
268138,144100,"-21,9416008","-48,95267487","509,1",1,8,"464,74","958,66","32,93","2,2528","-4,0772","-1,4004","0,0342",0,"0,1594","1,7124","0,0571","7,3759","0,2261","-0,0542","0,9429","-1,4506","0,6567","-0,9149","-128,5497","7,8074","62,0657","-4,3","-12,71","-174,53",1,,,,
268238,144100,"-21,9416008","-48,95267487","509,1",1,8,"464,74","958,66","32,93","2,2528","-4,0772","-1,3924","0,0339",0,"0,1566","1,7005","0,0571","7,3546","0,2202","-0,0547","0,9404","0,8665","1,3274","0,1216","-129,0943","8,5419","61,8656","-4,33","-12,68","-174,52",1,,,,
268338,144100,"-21,9416008","-48,95267487","509,1",1,8,"464,74","958,66","32,93","2,2529","-4,0772","-1,3857","0,0342",0,"0,1558","1,7112","0,0571","7,4069","0,2207","-0,0537","0,9478","-1,3287","-1,7213","-0,732","-128,2687","8,594","62,3527","-4,32","-12,64","-174,58",1,,,,
268438,144100,"-21,9416008","-48,95267487","509,1",1,8,"464,74","958,66","32,93","2,253","-4,0772","-1,3801","0,0345",0,"0,154","1,7298","0,0571","7,4004","0,2256","-0,0498","0,9443","-1,7555","1,0226","0,6704","-128,2687","8,594","62,3527","-4,36","-12,67","-174,65",1,,,,
268591,144100,"-21,9416008","-48,95267487","509,1",1,8,"464,73","958,66","32,93","2,253","-4,0772","-1,375","0,035",0,"0,1548","1,7546","0,0571","7,4729","0,2148","-0,0405","0,9629","-1,1457","-0,8677","1,5241","-129,2358","8,7404","62,0062","-4,42","-12,69","-174,65",1,,,,
268638,144100,"-21,9416008","-48,95267487","509,1",1,8,"464,73","958,66","32,93","2,2531","-4,0772","-1,3707","0,0347",0,"0,154","1,7375","0,0571","7,495","0,2183","-0,0562","0,9629","-2,914","-1,0506","1,1582","-127,9816","8,5781","62,0914","-4,47","-12,71","-174,6",1,,,,
268738,144100,"-21,9416008","-48,95267487","509,1",1,8,"464,73","958,66","32,93","2,2532","-4,0772","-1,3671","0,0351",0,"0,1512","1,7588","0,0571","7,406","0,229","-0,0659","0,9395","0,0738","0,2909","-0,6101","-128,5466","7,4061","61,7915","-4,56","-12,75","-174,51",1,,,,
268838,144100,"-21,9416008","-48,95267487","509,1",1,8,"464,73","958,66","32,93","2,2532","-4,0772","-1,3642","0,0344",0,"0,1499","1,7223","0,0571","7,3877","0,2168","-0,0483","0,9453","-1,5116","-1,7823","-0,6101","-128,9446","9,1059","61,7649","-4,59","-12,79","-174,45",1,,,,
268938,144102,"-21,9416008","-48,95267487","509,1",1,8,"464,73","958,66","32,93","2,2533","-4,0772","-1,3617","0,0349",0,"0,1501","1,748","0,0571","7,4311","0,2275","-0,0649","0,9556","-1,2067","-0,197","0,3046","-128,1526","8,074","62,9548","-4,56","-12,85","-174,47",1,,,,
269268,144102,"-21,9416008","-48,95267487","509,1",1,8,"464,59","958,68","32,95","2,2534","-4,0772","-1,3353","0,0352",0,"0,1851","1,7638","0,0571","7,43","0,2168","-0,0547","0,9497","-1,6945","-0,197","-1,7686","-128,9782","8,0219","62,4676","-4,65","-12,98","-174,52",1,,,,
269315,144102,"-21,9416008","-48,95267487","509,1",1,8,"464,59","958,68","32,95","2,2534","-4,0772","-1,3132","0,0347",0,"0,1783","1,7367","0,0571","7,4118","0,2158","-0,0586","0,9448","-1,8774","1,0226","1,829","-129,1207","7,4379","62,3141","-4,68","-12,98","-174,51",1,,,,
269415,144102,"-21,9416008","-48,95267487","509,1",1,8,"464,59","958,68","32,95","2,2535","-4,0772","-1,2948","0,0354",0,"0,173","1,7744","0,0571","7,4079","0,2334","-0,0454","0,9468","-1,3896","-0,5628","-1,7076","-128,9853","8,0418","62,7219","-4,81","-12,97","-174,51",1,,,,
269515,144102,"-21,9416008","-48,95267487","509,1",1,8,"464,59","958,68","32,95","2,2536","-4,0772","-1,2794","0,0352",0,"0,168","1,7654","0,0571","7,3803","0,2148","-0,0708","0,937","0,1348","1,1445","2,6216","-128,1485","8,4553","62,9747","-4,93","-13,01","-174,54",1,,,,
269615,144102,"-21,9416008","-48,95267487","509,1",1,8,"464,59","958,68","32,95","2,2536","-4,0772","-1,2665","0,0359",0,"0,1642","1,8006","0,0571","7,3793","0,2358","-0,0376","0,9512","-0,7799","-0,5018","-3,9027","-129,1065","7,398","61,8057","-4,95","-13,08","-174,54",1,,,,
269768,144102,"-21,9416008","-48,95267487","509,1",1,8,"464,31","958,71","32,96","2,2537","-4,0772","-1,211","0,0353",0,"0,227","1,7709","0,0571","7,3982","0,2305","-0,0483","0,9526","-0,8409","1,8152","2,9875","-128,6748","9,5312","62,2862","-4,87","-13,12","-174,62",1,,,,
269815,144102,"-21,9416008","-48,95267487","509,1",1,8,"464,31","958,71","32,96","2,2538","-4,0772","-1,1646","0,0358",0,"0,2135","1,792","0,0571","7,3895","0,2329","-0,0527","0,9448","0,1957","2,1811","0,7924","-128,9711","8,0019","62,2134","-4,82","-13,07","-174,68",1,,,,
269915,144103,"-21,9416008","-48,95267487","509,1",1,8,"464,31","958,71","32,96","2,2539","-4,0772","-1,1259","0,0352",0,"0,203","1,7648","0,0571","7,4251","0,2261","-0,0518","0,958","0,1957","3,2177","2,5607","-129,1126","8,2005","62,3541","-4,73","-12,92","-174,68",1,,,,
270015,144103,"-21,9416008","-48,95267487","509,1",1,8,"464,31","958,71","32,96","2,2539","-4,0772","-1,0935","0,0353",0,"0,1933","1,7699","0,0571","7,4064","0,2275","-0,0522","0,9434","-2,0604","-0,7457","-0,793","-128,8296","7,8033","62,0728","-4,61","-12,74","-174,63",1,,,,
270115,144103,"-21,9416008","-48,95267487","509,1",1,8,"464,31","958,71","32,96","2,254","-4,0772","-1,0665","0,0351",0,"0,1854","1,7605","0,0571","7,3998","0,2197","-0,062","0,9497","-0,536","-0,3799","2,5607","-128,8357","8,6058","62,6211","-4,61","-12,65","-174,53",1,,,,
270268,144103,"-21,9416008","-48,95267487","509,1",1,8,"464,44","958,7","32,95","2,2541","-4,0772","-1,0638","0,0343",0,"0,1497","1,7189","0,0571","7,4051","0,2144","-0,0425","0,9536","0,8055","0,1079","-0,1832","-128,1414","8,4354","62,7205","-4,69","-12,63","-174,37",1,,,,
270315,144103,"-21,9416008","-48,95267487","509,1",1,8,"464,44","958,7","32,95","2,2541","-4,0772","-1,0617","0,0345",0,"0,1489","1,7298","0,0571","7,3944","0,2241","-0,0474","0,9448","0,9274","2,6079","-0,0613","-128,8428","8,6258","62,8754","-4,71","-12,62","-174,28",1,,,,
270415,144103,"-21,9416008","-48,95267487","509,1",1,8,"464,44","958,7","32,95","2,2542","-4,0772","-1,0599","0,0343",0,"0,1489","1,7162","0,0571","7,4187","0,2192","-0,0552","0,9458","-0,6579","1,9372","-0,3662","-128,7013","8,4272","62,7347","-4,66","-12,57","-174,21",1,,,,
270515,144103,"-21,9416008","-48,95267487","509,1",1,8,"464,44","958,7","32,95","2,2543","-4,0772","-1,0583","0,0353",0,"0,1487","1,7673","0,0571","7,4316","0,2334","-0,0444","0,9526","-1,3896","0,4738","0,4875","-128,7135","7,2833","62,6748","-4,65","-12,51","-174,16",1,,,,
270615,144103,"-21,9416008","-48,95267487","509,1",1,8,"464,44","958,7","32,95","2,2543","-4,0772","-1,057","0,0351",0,"0,149","1,7606","0,0571","7,4653","0,2168","-0,0474","0,9609","2,147","1,4494","2,4387","-128,9487","8,7246","61,7449","-4,66","-12,49","-174,15",1,,,,
270768,144103,"-21,9416008","-48,95267487","509,1",1,8,"464,74","958,66","32,94","2,2544","-4,0772","-1,1055","0,0357",0,"0,0752","1,7871","0,0571","7,4162","0,23","-0,0645","0,939","0,1348","0,2909","3,2924","-128,5415","8,57","62,1056","-4,59","-12,5","-174,03",1,,,,
270815,144103,"-21,9416008","-48,95267487","509,1",1,8,"464,74","958,66","32,94","2,2545","-4,0772","-1,146","0,0356",0,"0,0865","1,7818","0,0571","7,3978","0,2256","-0,0625","0,9434","-0,597","0,6567","3,1704","-129,1115","8,983","62,6482","-4,55","-12,55","-173,8",1,,,,
270915,144103,"-21,9416008","-48,95267487","509,1",1,8,"464,74","958,66","32,94","2,2545","-4,0772","-1,1799","0,0339",0,"0,0977","1,6973","0,0571","7,4678","0,1997","-0,0278","0,9722","1,2323","-0,197","-5,9759","-128,8398","8,2245","62,6012","-4,52","-12,57","-173,63",1,,,,
271015,144103,"-21,9416008","-48,95267487","509,1",1,8,"464,74","958,66","32,94","2,2546","-4,0772","-1,2081","0,0344",0,"0,1055","1,7253","0,0571","7,4529","0,2202","-0,0698","0,9541","-0,2311","0,2299","-0,732","-128,2941","8,2726","63,0954","-4,42","-12,53","-173,8",1,,,,
271115,144103,"-21,9416008","-48,95267487","509,1",1,8,"464,74","958,66","32,94","2,2546","-4,0772","-1,2318","0,0341",0,"0,1117","1,7092","0,0571","7,4222","0,2148","-0,0601","0,9458","-3,2799","-0,5628","1,646","-128,4173","8,8126","62,7476","-4,36","-12,5","-174,01",1,,,,
271409,144103,"-21,9416008","-48,95267487","509,1",1,8,"465,03","958,63","32,94","2,2547","-4,0772","-1,3006","0,0353",0,"0,0452","1,7689","0,0571","7,4046","0,231","-0,0503","0,9448","-2,1213","1,3884","-2,3784","-127,9857","8,1969","62,0714","-4,59","-12,56","-174,04",1,,,,
271456,144103,"-21,9416008","-48,95267487","509,1",1,8,"465,03","958,63","32,94","2,2548","-4,0772","-1,3581","0,0346",0,"0,0613","1,736","0,0571","7,3782","0,2144","-0,043","0,9395","-1,8165","-2,8189","1,5851","-127,9928","8,2168","62,3256","-4,62","-12,55","-174,05",1,,,,
271556,144103,"-21,9416008","-48,95267487","509,1",1,8,"465,03","958,63","32,94","2,2548","-4,0772","-1,4062","0,035",0,"0,0752","1,7515","0,0571","7,3835","0,2295","-0,0674","0,9434","-2,4262","-0,2579","1,768","-129,2693","7,6565","62,709","-4,69","-12,61","-174,09",1,,,,
271656,144103,"-21,9416008","-48,95267487","509,1",1,8,"465,03","958,63","32,94","2,2549","-4,0772","-1,4463","0,0351",0,"0,0868","1,7599","0,0571","7,3827","0,2271","-0,0522","0,9453","0,8665","0,4738","-3,354","-128,6748","9,5312","62,2862","-4,78","-12,68","-174,11",1,,,,
271756,144103,"-21,9416008","-48,95267487","509,1",1,8,"465,03","958,63","32,94","2,2549","-4,0772","-1,4798","0,0348",0,"0,0969","1,7412","0,0571","7,4058","0,2148","-0,0342","0,9502","-0,1091","0,4738","0,4265","-127,9978","9,8019","63,1681","-4,72","-12,69","-174,22",1,,,,
271909,144105,"-21,9416008","-48,95267487","509,1",1,8,"465,12","958,62","32,95","2,255","-4,0772","-1,5222","0,0355",0,"0,0846","1,7783","0,0571","7,4376","0,2319","-0,0488","0,9507","-2,3652","-0,3189","1,3412","-128,2656","8,1928","62,0785","-4,6","-12,65","-174,28",1,,,,
271956,144105,"-21,9416008","-48,95267487","509,1",1,8,"465,12","958,62","32,95","2,2551","-4,0772","-1,5576","0,0352",0,"0,0945","1,7641","0,0571","7,4243","0,2217","-0,0659","0,9473","-0,536","-0,7457","0,5485","-128,5314","8,1488","61,5772","-4,58","-12,63","-174,25",1,,,,
272056,144105,"-21,9416008","-48,95267487","509,1",1,8,"465,12","958,62","32,95","2,2551","-4,0772","-1,5872","0,035",0,"0,1031","1,7523","0,0571","7,4253","0,2285","-0,0469","0,9458","-0,1701","-0,6238","-2,3784","-128,9873","9,2256","63,2902","-4,63","-12,65","-174,2",1,,,,
272156,144105,"-21,9416008","-48,95267487","509,1",1,8,"465,12","958,62","32,95","2,2552","-4,0772","-1,6119","0,0354",0,"0,1095","1,7728","0,0571","7,3891","0,2241","-0,0566","0,9385","1,8421","-0,8677","2,0729","-128,5587","9,0112","62,8882","-4,62","-12,71","-174,3",1,,,,
272256,144105,"-21,9416008","-48,95267487","509,1",1,8,"465,12","958,62","32,95","2,2553","-4,0772","-1,6325","0,0354",0,"0,1158","1,7732","0,0571","7,4102","0,228","-0,0557","0,9448","-1,9384","0,4128","-1,4637","-128,8214","8,5659","62,1127","-4,56","-12,78","-174,37",1,,,,
272409,144105,"-21,9416008","-48,95267487","509,1",1,8,"465,03","958,63","32,96","2,2553","-4,0772","-1,635","0,0356",0,"0,1424","1,7825","0,0571","7,4067","0,2314","-0,0415","0,9463","-0,7189","0,4738","-1,3418","-128,967","8,3832","62,2334","-4,58","-12,82","-174,32",1,,,,
272456,144105,"-21,9416008","-48,95267487","509,1",1,8,"465,03","958,63","32,96","2,2554","-4,0772","-1,637","0,0348",0,"0,143","1,7441","0,0571","7,4113","0,2139","-0,0449","0,9502","-0,9628","-0,5018","-0,5491","-129,1279","7,4579","62,5684","-4,62","-12,86","-174,27",1,,,,
272556,144105,"-21,9416008","-48,95267487","509,1",1,8,"465,03","958,63","32,96","2,2555","-4,0772","-1,6388","0,0345",0,"0,1431","1,7303","0,0571","7,3905","0,2261","-0,0493","0,9409","-0,7799","-2,1482","3,4143","-128,8509","7,8632","62,8354","-4,65","-12,87","-174,24",1,,,,
272656,144105,"-21,9416008","-48,95267487","509,1",1,8,"465,03","958,63","32,96","2,2555","-4,0772","-1,6402","0,0355",0,"0,1436","1,7811","0,0571","7,3938","0,231","-0,0566","0,9448","-0,597","0,6567","0,7314","-129,3783","8,1565","61,8527","-4,68","-12,9","-174,13",1,,,,
272756,144105,"-21,9416008","-48,95267487","509,1",1,8,"465,03","958,63","32,96","2,2556","-4,0772","-1,6414","0,0358",0,"0,1441","1,7913","0,0571","7,4003","0,229","-0,041","0,9458","0,3177","0,1689","1,3412","-128,9752","7,6206","62,1935","-4,69","-12,86","-174,02",1,,,,
272909,144106,"-21,9416008","-48,95267487","509,1",1,8,"465,12","958,62","32,99","2,2557","-4,0772","-1,6572","0,0356",0,"0,1228","1,7854","0,0571","7,4029","0,2305","-0,0439","0,9497","-2,1823","0,5348","3,4753","-127,8513","8,0182","62,185","-4,65","-12,78","-173,96",1,,,,
272956,144106,"-21,9416008","-48,95267487","509,1",1,8,"465,12","958,62","32,99","2,2557","-4,0772","-1,6704","0,0354",0,"0,127","1,772","0,0571","7,4215","0,2227","-0,0527","0,9546","-3,036","-0,9287","2,6216","-129,5493","7,6524","62,7161","-4,69","-12,73","-173,86",1,,,,
273056,144106,"-21,9416008","-48,95267487","509,1",1,8,"465,12","958,62","32,99","2,2558","-4,0772","-1,6814","0,0361",0,"0,1299","1,8086","0,0571","7,4073","0,2412","-0,0503","0,9463","-0,1701","1,9982","-2,2564","-129,1126","8,2005","62,3541","-4,8","-12,73","-173,7",1,,,,
273156,144106,"-21,9416008","-48,95267487","509,1",1,8,"465,12","958,62","32,99","2,2559","-4,0772","-1,6906","0,0358",0,"0,1325","1,7963","0,0571","7,4076","0,2285","-0,0552","0,9478","-1,0848","2,0591","-0,671","-129,2459","9,1617","62,5346","-4,82","-12,75","-173,67",1,,,,
273256,144106,"-21,9416008","-48,95267487","509,1",1,8,"465,12","958,62","32,99","2,2559","-4,0772","-1,6983","0,0348",0,"0,1348","1,7413","0,0571","7,4106","0,2188","-0,0576","0,9453","-0,7799","0,7787","1,8899","-128,5425","7,7874","61,8114","-4,76","-12,75","-173,74",1,,,,
273532,144106,"-21,9416008","-48,95267487","509,1",1,8,"464,73","958,66","33,01","2,256","-4,0772","-1,6408","0,034",0,"0,2302","1,7052","0,0571","7,4171","0,2217","-0,0591","0,9443","0,8665","-0,3189","2,4997","-128,2687","8,594","62,3527","-4,59","-12,69","-173,8",1,,,,
273579,144106,"-21,9416008","-48,95267487","509,1",1,8,"464,73","958,66","33,01","2,256","-4,0772","-1,5928","0,0337",0,"0,2158","1,6871","0,0571","7,3884","0,2129","-0,0679","0,9399","-1,7555","0,2299","5,1826","-128,1343","8,4154","62,4663","-4,56","-12,67","-173,77",1,,,,
273679,144106,"-21,9416008","-48,95267487","509,1",1,8,"464,73","958,66","33,01","2,2561","-4,0772","-1,5527","0,0343",0,"0,2042","1,7203","0,0571","7,3876","0,2236","-0,0479","0,9458","-1,8165","0,9616","-1,0979","-129,0973","8,9431","62,1398","-4,6","-12,68","-173,64",1,,,,
273779,144106,"-21,9416008","-48,95267487","509,1",1,8,"464,73","958,66","33,01","2,2561","-4,0772","-1,5192","0,0337",0,"0,1951","1,6898","0,0571","7,4113","0,2173","-0,0386","0,9526","0,5616","-2,0872","0,3046","-128,4254","8,05","62,7076","-4,7","-12,73","-173,58",1,,,,
273879,144106,"-21,9416008","-48,95267487","509,1",1,8,"464,73","958,66","33,01","2,2562","-4,0772","-1,4912","0,0345",0,"0,187","1,7298","0,0571","7,4117","0,2158","-0,0439","0,9468","0,8055","-2,1482","-0,732","-128,8398","8,2245","62,6012","-4,72","-12,82","-173,59",1,,,,
274032,144106,"-21,9416008","-48,95267487","509,1",1,8,"464,73","958,66","33,02","2,2562","-4,0772","-1,4678","0,0346",0,"0,18","1,7321","0,0571","7,3966","0,2212","-0,0527","0,9487","-1,9384","-1,5994","4,8168","-128,9629","8,7645","62,2533","-4,71","-12,92","-173,63",1,,,,
274079,144106,"-21,9416008","-48,95267487","509,1",1,8,"464,73","958,66","33,02","2,2563","-4,0772","-1,4483","0,0357",0,"0,1745","1,7907","0,0571","7,4056","0,2417","-0,0581","0,9507","0,0738","1,1445","-4,2686","-127,9958","8,6181","62,5998","-4,74","-13,01","-173,58",1,,,,
274179,144106,"-21,9416008","-48,95267487","509,1",1,8,"464,73","958,66","33,02","2,2564","-4,0772","-1,432","0,0363",0,"0,1702","1,8194","0,0571","7,4233","0,2373","-0,0498","0,9482","-2,4262","-0,9287","1,2192","-129,1207","7,4379","62,3141","-4,78","-13,05","-173,58",1,,,,
274279,144106,"-21,9416008","-48,95267487","509,1",1,8,"464,73","958,66","33,02","2,2564","-4,0772","-1,4183","0,0357",0,"0,1659","1,7904","0,0571","7,4044","0,2285","-0,0654","0,9478","-0,7799","0,8396","1,0973","-129,5401","9,1975","63,0502","-4,85","-13,09","-173,58",1,,,,
274379,144106,"-21,9416008","-48,95267487","509,1",1,8,"464,73","958,66","33,02","2,2565","-4,0772","-1,4069","0,0354",0,"0,1625","1,7756","0,0571","7,3999","0,23","-0,0571","0,9497","-0,8409","1,2665","1,1582","-127,9816","8,5781","62,0914","-4,86","-13,08","-173,53",1,,,,
274532,144106,"-21,9416008","-48,95267487","509,1",1,8,"464,58","958,68","33,02","2,2565","-4,0772","-1,3727","0,0358",0,"0,1944","1,7937","0,0571","7,3205","0,2349","-0,04","0,9238","-2,5482","0,5348","-4,3296","-128,5527","8,2087","62,3398","-4,83","-13,01","-173,52",1,,,,
274579,144106,"-21,9416008","-48,95267487","509,1",1,8,"464,58","958,68","33,02","2,2566","-4,0772","-1,344","0,0356",0,"0,1865","1,7835","0,0571","7,3366","0,2246","-0,0527","0,9453","0,0128","-1,8433","1,1582","-128,5628","8,6299","62,8683","-4,83","-12,98","-173,62",1,,,,
274679,144106,"-21,9416008","-48,95267487","509,1",1,8,"464,58","958,68","33,02","2,2567","-4,0772","-1,3201","0,0353",0,"0,1802","1,7699","0,0571","7,3666","0,2251","-0,0542","0,9497","-0,7189","1,3274","1,2802","-128,6688","8,7286","61,7378","-4,83","-13,03","-173,7",1,,,,
274779,144106,"-21,9416008","-48,95267487","509,1",1,8,"464,58","958,68","33,02","2,2567","-4,0772","-1,3001","0,0357",0,"0,1752","1,7898","0,0571","7,4065","0,2324","-0,0469","0,96","-0,7799","-1,2335","-1,8905","-128,8367","7,8233","62,327","-4,82","-13,08","-173,7",1,,,,
274879,144106,"-21,9416008","-48,95267487","509,1",1,8,"464,58","958,68","33,02","2,2568","-4,0772","-1,2834","0,035",0,"0,1706","1,7537","0,0571","7,4179","0,2158","-0,0444","0,9473","0,1348","0,9616","-0,2442","-128,6871","8,3873","62,2263","-4,75","-13,12","-173,75",1,,,,
275032,144108,"-21,9416008","-48,95267487","509,1",1,8,"464,59","958,68","33,01","2,2568","-4,0772","-1,2698","0,0347",0,"0,1656","1,7397","0,0571","7,401","0,2178","-0,0527","0,9526","0,5616","0,9616","3,6582","-128,9457","8,3233","61,4707","-4,64","-13,07","-173,83",1,,,,
275079,144108,"-21,9416008","-48,95267487","509,1",1,8,"464,59","958,68","33,01","2,2569","-4,0772","-1,2586","0,0347",0,"0,1617","1,74","0,0571","7,3671","0,2227","-0,0396","0,9365","-1,5726","2,425","-0,1832","-128,2534","9,3366","62,1384","-4,57","-12,95","-173,83",1,,,,
275179,144108,"-21,9416008","-48,95267487","509,1",1,8,"464,59","958,68","33,01","2,2569","-4,0772","-1,2491","0,0351",0,"0,1598","1,7612","0,0571","7,4074","0,228","-0,0591","0,9448","-1,2677","-0,8067","1,0363","-127,724","7,8596","62,5528","-4,58","-12,83","-173,8",1,,,,
275279,144108,"-21,9416008","-48,95267487","509,1",1,8,"464,59","958,68","33,01","2,257","-4,0772","-1,2412","0,0351",0,"0,1569","1,7598","0,0571","7,3786","0,2261","-0,0596","0,9365","-2,3043","0,8396","-2,3784","-129,4027","8,6176","62,8896","-4,68","-12,85","-173,76",1,,,,
275379,144108,"-21,9416008","-48,95267487","509,1",1,8,"464,59","958,68","33,01","2,257","-4,0772","-1,2346","0,0359",0,"0,1556","1,8001","0,0571","7,4045","0,228","-0,0518","0,959","-0,9018","0,9006","0,6704","-127,8543","8,4195","62,4592","-4,76","-12,94","-173,77",1,,,,
275662,144108,"-21,9416008","-48,95267487","509,1",1,8,"464,59","958,68","33,01","2,2571","-4,0772","-1,2291","0,0352",0,"0,1542","1,7644","0,0571","7,4147","0,23","-0,0601","0,9517","0,5006","2,6689","-0,732","-128,5314","8,1488","61,5772","-4,89","-13,06","-173,68",1,,,,
275709,144108,"-21,9416008","-48,95267487","509,1",1,8,"464,59","958,68","33,01","2,2572","-4,0772","-1,2245","0,0358",0,"0,1535","1,7918","0,0571","7,447","0,2344","-0,0464","0,9604","0,8055","-1,1116","-2,6223","-128,1343","8,4154","62,4663","-4,9","-13,05","-173,64",1,,,,
275809,144108,"-21,9416008","-48,95267487","509,1",1,8,"464,59","958,68","33,01","2,2572","-4,0772","-1,2207","0,0358",0,"0,1522","1,7919","0,0571","7,4373","0,2227","-0,0522","0,9604","-0,597","1,2055","1,1582","-128,9578","9,9283","62,5674","-4,82","-13,03","-173,68",1,,,,
275909,144109,"-21,9416008","-48,95267487","509,1",1,8,"464,59","958,68","33,01","2,2573","-4,0772","-1,2174","0,0358",0,"0,1512","1,7961","0,0571","7,4315","0,2285","-0,0469","0,9502","-1,5116","-2,2701","0,3655","-128,3959","8,7527","61,9849","-4,76","-12,95","-173,74",1,,,,
276009,144109,"-21,9416008","-48,95267487","509,1",1,8,"464,59","958,68","33,01","2,2573","-4,0772","-1,2148","0,035",0,"0,1502","1,7537","0,0571","7,4213","0,2227","-0,0518","0,9487","-0,8409","-0,3189","0,6095","-127,9917","8,9994","62,6198","-4,82","-12,92","-173,75",1,,,,
276162,144109,"-21,9416008","-48,95267487","509,1",1,8,"464,73","958,66","33,01","2,2574","-4,0772","-1,2369","0,0361",0,"0,1137","1,8066","0,0571","7,4083","0,2354","-0,0498","0,9487","0,8055","-0,075","-1,0369","-128,5456","8,1887","62,0856","-4,89","-12,96","-173,78",1,,,,
276209,144109,"-21,9416008","-48,95267487","509,1",1,8,"464,73","958,66","33,01","2,2574","-4,0772","-1,2553","0,036",0,"0,1195","1,8041","0,0571","7,434","0,2285","-0,0688","0,9575","-1,7555","-0,136","0,7924","-128,9588","9,1458","62,2733","-4,88",-13,"-173,86",1,,,,
276309,144109,"-21,9416008","-48,95267487","509,1",1,8,"464,73","958,66","33,01","2,2575","-4,0772","-1,2707","0,0352",0,"0,1239","1,7628","0,0571","7,4303","0,2217","-0,0527","0,9541","-0,2921","2,7909","-1,1588","-128,5557","8,6099","62,614","-4,87","-13,05","-173,92",1,,,,
276409,144109,"-21,9416008","-48,95267487","509,1",1,8,"464,73","958,66","33,01","2,2575","-4,0772","-1,2836","0,0348",0,"0,1258","1,7422","0,0571","7,341","0,2212","-0,0493","0,9336","0,6835","-1,2335","-0,1832","-128,4173","8,8126","62,7476","-4,84","-13,05","-174,01",1,,,,
276509,144109,"-21,9416008","-48,95267487","509,1",1,8,"464,73","958,66","33,01","2,2576","-4,0772","-1,2944","0,0351",0,"0,1295","1,7584","0,0571","7,3722","0,2271","-0,0386","0,9434","-0,1091","-1,9652","-1,1588","-128,287","8,2527","62,8412","-4,73","-13,05","-174,12",1,,,,
276662,144109,"-21,9416008","-48,95267487","509,1",1,8,"464,92","958,64","33,02","2,2576","-4,0772","-1,3334","0,0349",0,"0,0889","1,7499","0,0571","7,4062","0,2256","-0,0518","0,96","-0,7189","0,3518","1,5241","-128,5587","9,0112","62,8882","-4,64","-13,11","-174,18",1,,,,
276709,144109,"-21,9416008","-48,95267487","509,1",1,8,"464,92","958,64","33,02","2,2577","-4,0772","-1,3659","0,0351",0,"0,0979","1,7587","0,0571","7,3851","0,2266","-0,0518","0,9414","0,2567","-1,0506","-2,9271","-128,2656","8,1928","62,0785","-4,62","-13,18","-174,2",1,,,,
276809,144109,"-21,9416008","-48,95267487","509,1",1,8,"464,92","958,64","33,02","2,2577","-4,0772","-1,3932","0,0352",0,"0,1054","1,7624","0,0571","7,367","0,2271","-0,0542","0,9414","2,5128","1,7543","-0,1223","-128,1241","7,9942","61,9379","-4,57","-13,2","-174,25",1,,,,
276909,144110,"-21,9416008","-48,95267487","509,1",1,8,"464,92","958,64","33,02","2,2578","-4,0772","-1,4159","0,0343",0,"0,1124","1,7194","0,0571","7,3925","0,2104","-0,0601","0,9507","-2,4872","0,5957","3,1704","-128,7054","8,0459","62,7148","-4,46","-13,15","-174,29",1,,,,
277009,144110,"-21,9416008","-48,95267487","509,1",1,8,"464,92","958,64","33,02","2,2578","-4,0772","-1,4349","0,0343",0,"0,1181","1,7198","0,0571","7,4023","0,2222","-0,0498","0,9478","-0,1701","0,1079","-1,0369","-127,8462","9,1821","62,4991","-4,48","-13,09","-174,16",1,,,,
277162,144110,"-21,9416008","-48,95267487","509,1",1,8,"465,03","958,63","33,03","2,2578","-4,0772","-1,4699","0,0346",0,"0,0954","1,7346","0,0571","7,4385","0,2319","-0,0552","0,957","0,1957","0,7177","-4,2686","-128,6718","9,1299","62,012","-4,55","-13,07","-174,07",1,,,,
277209,144110,"-21,9416008","-48,95267487","509,1",1,8,"465,03","958,63","33,03","2,2579","-4,0772","-1,4991","0,034",0,"0,1027","1,7063","0,0571","7,379","0,2124","-0,0493","0,9316","-0,8409","-0,2579","-0,3052","-128,2635","9,7579","62,6668","-4,53","-13,08","-174,14",1,,,,
277309,144110,"-21,9416008","-48,95267487","509,1",1,8,"465,03","958,63","33,03","2,2579","-4,0772","-1,5235","0,0341",0,"0,1096","1,7113","0,0571","7,3755","0,2188","-0,0547","0,9521","-0,353","-0,5628","2,4387","-128,8346","9,3884","62,9153","-4,49","-13,07","-174,22",1,,,,
277409,144110,"-21,9416008","-48,95267487","509,1",1,8,"465,03","958,63","33,03","2,258","-4,0772","-1,5439","0,0346",0,"0,1161","1,7353","0,0571","7,4078","0,2295","-0,0518","0,9395","-1,7555","-0,7457","0,0607","-128,6871","8,3873","62,2263","-4,48","-13,05","-174,17",1,,,,
277509,144110,"-21,9416008","-48,95267487","509,1",1,8,"465,03","958,63","33,03","2,258","-4,0772","-1,561","0,035",0,"0,1214","1,753","0,0571","7,4247","0,2202","-0,0459","0,9565","1,2933","1,4494","-0,854","-128,2818","9,4165","63,1553","-4,5","-13,06","-174,14",1,,,,
277789,144110,"-21,9416008","-48,95267487","509,1",1,8,"464,92","958,64","33,02","2,258","-4,0772","-1,5561","0,035",0,"0,1539","1,7564","0,0571","7,4448","0,2324","-0,0459","0,9531","-0,0482","-0,6848","1,8899","-128,5486","8,5899","62,3598","-4,44",-13,"-174,1",1,,,,
277836,144110,"-21,9416008","-48,95267487","509,1",1,8,"464,92","958,64","33,02","2,2581","-4,0772","-1,552","0,0355",0,"0,152","1,7775","0,0571","7,4107","0,2314","-0,0479","0,9409","-0,475","-0,6238","-0,3662","-128,6799","8,3673","61,972","-4,44","-12,97","-174,06",1,,,,
277936,144111,"-21,9416008","-48,95267487","509,1",1,8,"464,92","958,64","33,02","2,2581","-4,0772","-1,5486","0,0348",0,"0,1513","1,7434","0,0571","7,4259","0,2212","-0,0405","0,9575","-1,5726","0,2909","-0,1223","-128,29","8,6539","63,1154","-4,44","-12,98","-173,97",1,,,,
278036,144111,"-21,9416008","-48,95267487","509,1",1,8,"464,92","958,64","33,02","2,2582","-4,0772","-1,5457","0,0346",0,"0,15","1,7319","0,0571","7,3979","0,2192","-0,0415","0,9492","-0,8409","-2,1482","0,5485","-129,1268","8,2404","62,8625","-4,47","-13,01","-173,9",1,,,,
278136,144111,"-21,9416008","-48,95267487","509,1",1,8,"464,92","958,64","33,02","2,2582","-4,0772","-1,5434","0,0337",0,"0,1484","1,6874","0,0571","7,352","0,2104","-0,0635","0,9355","0,0128","1,0835","-0,3052","-128,9629","8,7645","62,2533","-4,53","-13,08","-173,86",1,,,,
278289,144111,"-21,9416008","-48,95267487","509,1",1,8,"464,74","958,66","33,03","2,2582","-4,0772","-1,5118","0,0345",0,"0,1916","1,7302","0,0571","7,3842","0,2256","-0,0493","0,9463","-2,914","1,8152","0,9753","-128,5669","8,2486","62,8483","-4,57","-13,1","-173,82",1,,,,
278336,144111,"-21,9416008","-48,95267487","509,1",1,8,"464,74","958,66","33,03","2,2583","-4,0772","-1,4855","0,0358",0,"0,1839","1,7923","0,0571","7,3783","0,2427","-0,0532","0,9443","1,2323","0,4128","0,2436","-128,7105","6,8821","62,4006","-4,64","-13,09","-173,77",1,,,,
278436,144111,"-21,9416008","-48,95267487","509,1",1,8,"464,74","958,66","33,03","2,2583","-4,0772","-1,4635","0,0358",0,"0,1783","1,7953","0,0571","7,416","0,2285","-0,0405","0,9551","1,1104","0,8396","0,1826","-128,9894","7,6605","62,7019","-4,65","-13,05","-173,72",1,,,,
278536,144111,"-21,9416008","-48,95267487","509,1",1,8,"464,74","958,66","33,03","2,2584","-4,0772","-1,4451","0,0349",0,"0,1733","1,7498","0,0571","7,4282","0,2197","-0,0488","0,9561","-2,5482","-1,5384","0,0607","-128,5587","9,0112","62,8882","-4,6",-13,"-173,73",1,,,,
278636,144111,"-21,9416008","-48,95267487","509,1",1,8,"464,74","958,66","33,03","2,2584","-4,0772","-1,4297","0,0348",0,"0,1689","1,7425","0,0571","7,4322","0,2266","-0,0581","0,9561","0,6835","2,1201","-1,3418","-128,6759","8,7486","61,992","-4,61","-12,99","-173,75",1,,,,
278789,144111,"-21,9416008","-48,95267487","509,1",1,8,"464,58","958,68","33,05","2,2585","-4,0772","-1,3917","0,0342",0,"0,2024","1,7141","0,0571","7,4473","0,2178","-0,0381","0,9595","0,1957","0,9616","0,3046","-128,5669","8,2486","62,8483","-4,64","-12,96","-173,77",1,,,,
278836,144111,"-21,9416008","-48,95267487","509,1",1,8,"464,58","958,68","33,05","2,2585","-4,0772","-1,3599","0,0337",0,"0,1924","1,6891","0,0571","7,4052","0,2114","-0,0444","0,9385","-0,8409","-0,3799","-1,8905","-128,4","8,3714","61,9649","-4,64","-12,91","-173,79",1,,,,
278936,144112,"-21,9416008","-48,95267487","509,1",1,8,"464,58","958,68","33,05","2,2585","-4,0772","-1,3334","0,0346",0,"0,1843","1,7329","0,0571","7,3817","0,2266","-0,0557","0,9424","0,1957","1,5104","-1,2808","-128,6799","8,3673","61,972","-4,6","-12,85","-173,87",1,,,,
279036,144112,"-21,9416008","-48,95267487","509,1",1,8,"464,58","958,68","33,05","2,2586","-4,0772","-1,3112","0,0345",0,"0,1777","1,7294","0,0571","7,3701","0,2256","-0,0674","0,9365","-1,2677","2,9128","-0,4881","-129,253","9,1816","62,7889","-4,56","-12,77","-173,95",1,,,,
279136,144112,"-21,9416008","-48,95267487","509,1",1,8,"464,58","958,68","33,05","2,2586","-4,0772","-1,2927","0,0341",0,"0,172","1,7102","0,0571","7,3529","0,2114","-0,0586","0,9429","0,8665","2,7909","-1,0369","-128,5385","8,1687","61,8314","-4,6","-12,66","-173,98",1,,,,
279289,144112,"-21,9416008","-48,95267487","509,1",1,8,"464,43","958,7","33,04","2,2586","-4,0772","-1,2524","0,035",0,"0,2041","1,7563","0,0571","7,3706","0,2334","-0,0649","0,9463","0,8055","0,1079","0,2436","-128,2687","8,594","62,3527","-4,63","-12,57","-174,04",1,,,,
279336,144112,"-21,9416008","-48,95267487","509,1",1,8,"464,43","958,7","33,04","2,2587","-4,0772","-1,2188","0,0346",0,"0,1947","1,7344","0,0571","7,3846","0,2168","-0,0498","0,9497","-1,4506","0,3518","0,0607","-128,8509","7,8632","62,8354","-4,66","-12,56","-174,06",1,,,,
279436,144112,"-21,9416008","-48,95267487","509,1",1,8,"464,43","958,7","33,04","2,2587","-4,0772","-1,1907","0,034",0,"0,1866","1,706","0,0571","7,3854","0,2188","-0,0566","0,9478","-0,414","0,047","-1,6466","-128,2687","8,594","62,3527","-4,67","-12,55","-174,08",1,,,,
279536,144112,"-21,9416008","-48,95267487","509,1",1,8,"464,43","958,7","33,04","2,2587","-4,0772","-1,1672","0,0347",0,"0,1808","1,7372","0,0571","7,4322","0,2266","-0,0479","0,9502","-0,353","-0,8677","0,4875","-128,2605","9,3566","62,3926","-4,65","-12,54","-174,13",1,,,,
279636,144112,"-21,9416008","-48,95267487","509,1",1,8,"464,43","958,7","33,04","2,2588","-4,0772","-1,1476","0,0343",0,"0,1746","1,7178","0,0571","7,4039","0,2158","-0,0527","0,9365","-0,7799","0,1689","-0,4271","-128,8214","8,5659","62,1127","-4,63","-12,57","-174,19",1,,,,
279967,144113,"-21,9416008","-48,95267487","509,1",1,8,"464,59","958,68","33,03","2,2588","-4,0772","-1,1564","0,0346",0,"0,1334","1,7361","0,0571","7,4251","0,2178","-0,0483","0,9482","-1,9384","1,2665","0,2436","-128,4437","7,7086","63,1961","-4,68","-12,79","-174,24",1,,,,
280014,144113,"-21,9416008","-48,95267487","509,1",1,8,"464,59","958,68","33,03","2,2588","-4,0772","-1,1638","0,0346",0,"0,1354","1,7346","0,0571","7,4156","0,2217","-0,0454","0,9473","-0,7189","0,7177","1,9509","-129,2439","7,9779","61,9663","-4,7","-12,78","-174,22",1,,,,
280114,144113,"-21,9416008","-48,95267487","509,1",1,8,"464,59","958,68","33,03","2,2589","-4,0772","-1,1699","0,0359",0,"0,1372","1,7989","0,0571","7,4177","0,2339","-0,0464","0,9546","-0,6579","-0,9287","1,4631","-128,7013","8,4272","62,7347","-4,75","-12,74","-174,19",1,,,,
280214,144113,"-21,9416008","-48,95267487","509,1",1,8,"464,59","958,68","33,03","2,2589","-4,0772","-1,1751","0,0349",0,"0,1375","1,7487","0,0571","7,3607","0,2188","-0,0562","0,9321","-0,7799","0,1689","-1,2808","-128,8092","9,7098","62,1726","-4,78","-12,71","-174,12",1,,,,
280314,144113,"-21,9416008","-48,95267487","509,1",1,8,"464,59","958,68","33,03","2,259","-4,0772","-1,1794","0,0354",0,"0,1393","1,7733","0,0571","7,3881","0,229","-0,0493","0,9526","-1,0238","0,9616","-0,4881","-128,1444","8,8366","62,9947","-4,78","-12,66","-174,11",1,,,,
280467,144113,"-21,9416008","-48,95267487","509,1",1,8,"464,74","958,66","33,03","2,259","-4,0772","-1,2077","0,036",0,"0,1053","1,8048","0,0571","7,4466","0,2271","-0,0625","0,9639","-1,8774","2,486","2,4997","-128,2798","8,2327","62,587","-4,77","-12,59","-174,18",1,,,,
280514,144113,"-21,9416008","-48,95267487","509,1",1,8,"464,74","958,66","33,03","2,259","-4,0772","-1,2314","0,0354",0,"0,112","1,7741","0,0571","7,4435","0,2188","-0,0513","0,9517","0,0128","0,4738","1,707","-128,2768","7,8314","62,3128","-4,81","-12,49","-174,18",1,,,,
280614,144113,"-21,9416008","-48,95267487","509,1",1,8,"464,74","958,66","33,03","2,2591","-4,0772","-1,2512","0,0347",0,"0,1169","1,7378","0,0571","7,3991","0,2236","-0,0503","0,9453","1,4152","0,7787","-0,0003","-129,1207","7,4379","62,3141","-4,82","-12,39","-174,13",1,,,,
280714,144113,"-21,9416008","-48,95267487","509,1",1,8,"464,74","958,66","33,03","2,2591","-4,0772","-1,2677","0,0343",0,"0,1214","1,718","0,0571","7,3891","0,2134","-0,0532","0,9507","-0,8409","-0,9287","-0,1832","-128,2616","8,5741","62,0985","-4,75","-12,34","-174,11",1,,,,
280814,144113,"-21,9416008","-48,95267487","509,1",1,8,"464,74","958,66","33,03","2,2591","-4,0772","-1,2816","0,0344",0,"0,1258","1,724","0,0571","7,407","0,2197","-0,0425","0,9492","1,8421","-0,9287","0,6095","-128,8275","9,3684","62,6611","-4,69","-12,36","-174,08",1,,,,
280967,144114,"-21,9416008","-48,95267487","509,1",1,8,"464,73","958,66","33,03","2,2592","-4,0772","-1,2927","0,0351",0,"0,1296","1,7617","0,0571","7,4029","0,2329","-0,0571","0,9482","0,7445","1,1445","-0,732","-128,9752","7,6206","62,1935","-4,59","-12,44","-174,05",1,,,,
281014,144114,"-21,9416008","-48,95267487","509,1",1,8,"464,73","958,66","33,03","2,2592","-4,0772","-1,3019","0,0346",0,"0,1325","1,7353","0,0571","7,4144","0,2158","-0,0469","0,9521","-1,2067","0,1689","0,7924","-127,4389","9,0275","62,8598","-4,47","-12,46","-174,06",1,,,,
281114,144114,"-21,9416008","-48,95267487","509,1",1,8,"464,73","958,66","33,03","2,2592","-4,0772","-1,3097","0,0345",0,"0,1347","1,7295","0,0571","7,4098","0,2222","-0,0522","0,9463","0,4396","-1,9043","-1,0979","-127,151","7,0453","61,736","-4,43","-12,44","-174,05",1,,,,
281214,144114,"-21,9416008","-48,95267487","509,1",1,8,"464,73","958,66","33,03","2,2593","-4,0772","-1,3162","0,0344",0,"0,137","1,7257","0,0571","7,4337","0,2188","-0,043","0,9565","-0,2921","-0,014","1,1582","-129,1268","8,2404","62,8625","-4,45","-12,47","-174,07",1,,,,
281314,144114,"-21,9416008","-48,95267487","509,1",1,8,"464,73","958,66","33,03","2,2593","-4,0772","-1,3216","0,034",0,"0,1382","1,7029","0,0571","7,4133","0,2144","-0,0566","0,9556","0,4396","-0,5018","1,707","-128,5527","8,2087","62,3398","-4,44","-12,52","-174,12",1,,,,
281467,144114,"-21,9416008","-48,95267487","509,1",1,8,"464,59","958,68","33,03","2,2593","-4,0772","-1,3018","0,0345",0,"0,1743","1,7301","0,0571","7,3754","0,2305","-0,0635","0,9409","-0,475","0,047","-2,0125","-128,8103","8,9272","61,8784","-4,4","-12,58","-174,14",1,,,,
281514,144114,"-21,9416008","-48,95267487","509,1",1,8,"464,59","958,68","33,03","2,2593","-4,0772","-1,2852","0,0346",0,"0,1694","1,7347","0,0571","7,3678","0,2231","-0,0518","0,9429","-0,9018","0,2909","1,2802","-128,681","7,5848","61,6779","-4,37","-12,6","-174,19",1,,,,
281614,144114,"-21,9416008","-48,95267487","509,1",1,8,"464,59","958,68","33,03","2,2594","-4,0772","-1,2714","0,0351",0,"0,1652","1,7592","0,0571","7,3588","0,231","-0,0542","0,936","-1,2067","0,9006","4,268","-128,8103","8,9272","61,8784","-4,36","-12,58","-174,19",1,,,,
281714,144114,"-21,9416008","-48,95267487","509,1",1,8,"464,59","958,68","33,03","2,2594","-4,0772","-1,2598","0,0347",0,"0,1623","1,7405","0,0571","7,3769","0,2134","-0,0552","0,9468","-0,6579","-1,4165","2,2558","-128,8387","9,0071","62,8953","-4,41","-12,56","-173,99",1,,,,
281814,144114,"-21,9416008","-48,95267487","509,1",1,8,"464,59","958,68","33,03","2,2594","-4,0772","-1,2502","0,0348",0,"0,1597","1,7458","0,0571","7,3891","0,2217","-0,0679","0,9482","-0,2311","-0,4409","3,0485","-128,0141","8,2767","63,0883","-4,51","-12,54","-173,68",1,,,,
282100,144115,"-21,9416008","-48,95267487","509,1",1,8,"464,58","958,68","33,04","2,2595","-4,0772","-1,2417","0,0349",0,"0,1575","1,7491","0,0571","7,3624","0,2227","-0,0659","0,9443","-2,2433","-1,5384","0,6095","-129,5299","8,7763","62,5218","-4,87","-12,38","-173,19",1,,,,
282147,144115,"-21,9416008","-48,95267487","509,1",1,8,"464,58","958,68","33,04","2,2595","-4,0772","-1,2346","0,0348",0,"0,1562","1,7422","0,0571","7,399","0,2212","-0,0591","0,9565","-1,0848","0,1689","-1,2808","-129,2571","8,8003","62,7689","-4,93","-12,34","-173,17",1,,,,
282247,144115,"-21,9416008","-48,95267487","509,1",1,8,"464,58","958,68","33,04","2,2595","-4,0772","-1,2287","0,0345",0,"0,1545","1,7279","0,0571","7,4008","0,2188","-0,0493","0,9424","-1,5116","0,7177","1,9509","-128,5445","8,9712","62,3798","-5,03","-12,36","-173,22",1,,,,
282347,144115,"-21,9416008","-48,95267487","509,1",1,8,"464,58","958,68","33,04","2,2596","-4,0772","-1,2237","0,0353",0,"0,1528","1,7714","0,0571","7,3872","0,228","-0,0552","0,9453","-1,5116","-0,9896","1,3412","-127,9988","9,0193","62,874","-5,07","-12,4","-173,25",1,,,,
282447,144115,"-21,9416008","-48,95267487","509,1",1,8,"464,58","958,68","33,04","2,2596","-4,0772","-1,2196","0,0354",0,"0,1515","1,7754","0,0571","7,3794","0,2222","-0,0581","0,9429","0,1957","-0,9287","1,2802","-127,8472","8,3995","62,2049","-5,11","-12,47","-173,21",1,,,,
282600,144115,"-21,9416008","-48,95267487","509,1",1,8,"464,73","958,66","33,06","2,2596","-4,0772","-1,2409","0,0348",0,"0,1148","1,7428","0,0571","7,406","0,2217","-0,0562","0,9512","-0,1091","-1,7213","1,0363","-128,5587","9,0112","62,8882","-5,13","-12,56","-173,13",1,,,,
282647,144115,"-21,9416008","-48,95267487","509,1",1,8,"464,73","958,66","33,06","2,2596","-4,0772","-1,2587","0,0348",0,"0,1199","1,7464","0,0571","7,4065","0,2241","-0,0571","0,9487","-0,536","1,9372","-0,1832","-128,8143","8,5459","61,8585","-5,15","-12,64","-173,08",1,,,,
282747,144115,"-21,9416008","-48,95267487","509,1",1,8,"464,73","958,66","33,06","2,2597","-4,0772","-1,2735","0,0344",0,"0,1243","1,7238","0,0571","7,4118","0,2129","-0,0552","0,9541","-0,353","0,9616","0,9753","-128,2687","8,594","62,3527","-5,14","-12,64","-173,05",1,,,,
282847,144115,"-21,9416008","-48,95267487","509,1",1,8,"464,73","958,66","33,06","2,2597","-4,0772","-1,286","0,0339",0,"0,129","1,6991","0,0571","7,4656","0,2168","-0,0449","0,9585","-0,414","0,4738","1,0973","-128,855","7,4819","62,8155","-5,1","-12,55","-172,99",1,,,,
282947,144116,"-21,9416008","-48,95267487","509,1",1,8,"464,73","958,66","33,06","2,2597","-4,0772","-1,2963","0,035",0,"0,1314","1,7541","0,0571","7,4376","0,2324","-0,0571","0,9517","-1,5726","0,6567","-0,0003","-128,5303","8,9313","61,8713","-5,05","-12,51","-172,9",1,,,,
283100,144116,"-21,9416008","-48,95267487","509,1",1,8,"464,74","958,66","33,06","2,2597","-4,0772","-1,3054","0,0345",0,"0,1342","1,7283","0,0571","7,4863","0,2114","-0,0586","0,9585","-0,0482","-0,014","-1,0979","-128,1089","8,7368","61,7236","-5,02","-12,56","-172,86",1,,,,
283147,144116,"-21,9416008","-48,95267487","509,1",1,8,"464,74","958,66","33,06","2,2598","-4,0772","-1,313","0,0355",0,"0,1364","1,778","0,0571","7,4871","0,2383","-0,0522","0,957","-0,414","-0,6848","0,7314","-129,2358","8,7404","62,0062","-4,97","-12,64","-172,89",1,,,,
283247,144116,"-21,9416008","-48,95267487","509,1",1,8,"464,74","958,66","33,06","2,2598","-4,0772","-1,3194","0,0351",0,"0,1364","1,7614","0,0571","7,392","0,2334","-0,0527","0,937","1,2323","1,2665","-1,5857","-128,8296","7,8033","62,0728","-4,93","-12,66","-172,92",1,,,,
283347,144116,"-21,9416008","-48,95267487","509,1",1,8,"464,74","958,66","33,06","2,2598","-4,0772","-1,3247","0,0344",0,"0,1387","1,7221","0,0571","7,4337","0,2129","-0,0522","0,9585","-0,414","-1,9652","3,6582","-128,4366","7,6887","62,9419","-4,87","-12,58","-172,97",1,,,,
283447,144116,"-21,9416008","-48,95267487","509,1",1,8,"464,74","958,66","33,06","2,2599","-4,0772","-1,3292","0,0356",0,"0,1399","1,7845","0,0571","7,4276","0,2393","-0,0469","0,9546","-0,536","-0,075","-0,9149","-128,6911","8,006","62,2063","-4,84","-12,52","-172,98",1,,,,
283600,144116,"-21,9416008","-48,95267487","509,1",1,8,"464,43","958,7","33,06","2,2599","-4,0772","-1,2829","0,0346",0,"0,2135","1,7347","0,0571","7,3986","0,2212","-0,0542","0,9434","-1,2067","0,047","-2,3174","-128,6901","8,7885","62,5005","-4,87","-12,55","-172,98",1,,,,
283647,144116,"-21,9416008","-48,95267487","509,1",1,8,"464,43","958,7","33,06","2,2599","-4,0772","-1,2443","0,0345",0,"0,2012","1,7293","0,0571","7,3438","0,2202","-0,0454","0,9292","-2,5482","1,5713","-0,5491","-128,1261","9,178","62,5062","-4,94","-12,61","-173,03",1,,,,
283747,144116,"-21,9416008","-48,95267487","509,1",1,8,"464,43","958,7","33,06","2,2599","-4,0772","-1,212","0,035",0,"0,1913","1,7535","0,0571","7,3126","0,2241","-0,0469","0,9346","-0,536","-1,9043","1,5241","-129,1055","8,1805","62,0998","-5,03","-12,67","-173,14",1,,,,
283847,144116,"-21,9416008","-48,95267487","509,1",1,8,"464,43","958,7","33,06","2,26","-4,0772","-1,185","0,0346",0,"0,1839","1,7366","0,0571","7,3296","0,2109","-0,0493","0,9404","-1,0848","1,2665","2,6826","-128,7094","7,6646","62,6948","-5,1","-12,77","-173,2",1,,,,
283947,144117,"-21,9416008","-48,95267487","509,1",1,8,"464,43","958,7","33,06","2,26","-4,0772","-1,1625","0,0347",0,"0,1781","1,741","0,0571","7,3626","0,2207","-0,0483","0,9468","-1,2677","-2,514","0,4265","-128,6931","9,1898","62,7746","-5,18","-12,8","-173,19",1,,,,
284227,144117,"-21,9416008","-48,95267487","509,1",1,8,"464,43","958,7","33,05","2,26","-4,0772","-1,1436","0,035",0,"0,1726","1,7558","0,0571","7,3586","0,2183","-0,0532","0,9478","0,1348","-0,2579","0,6095","-129,6674","9,3562","62,6824","-5,36","-13,05","-173,18",1,,,,
284274,144117,"-21,9416008","-48,95267487","509,1",1,8,"464,43","958,7","33,05","2,26","-4,0772","-1,1279","0,0354",0,"0,1682","1,7757","0,0571","7,3661","0,231","-0,0562","0,9463","0,0738","-1,5384","-1,5247","-128,9741","8,4032","62,4876","-5,36","-13,08","-173,17",1,,,,
284374,144117,"-21,9416008","-48,95267487","509,1",1,8,"464,43","958,7","33,05","2,2601","-4,0772","-1,1148","0,0355",0,"0,164","1,7784","0,0571","7,3481","0,23","-0,0649","0,9385","-1,2677","1,5713","0,1826","-128,4284","8,4512","62,9818","-5,31","-13,12","-173,21",1,,,,
284474,144117,"-21,9416008","-48,95267487","509,1",1,8,"464,43","958,7","33,05","2,2601","-4,0772","-1,1038","0,0347",0,"0,1608","1,7413","0,0571","7,3458","0,2173","-0,0562","0,9414","0,5006","-0,5628","0,3046","-128,7043","8,8285","63,0089","-5,26","-13,07","-173,25",1,,,,
284574,144117,"-21,9416008","-48,95267487","509,1",1,8,"464,43","958,7","33,05","2,2601","-4,0772","-1,0946","0,0347",0,"0,1586","1,7413","0,0571","7,3658","0,2207","-0,0581","0,9448","0,6835","-0,6238","-0,9149","-128,9487","8,7246","61,7449","-5,2",-13,"-173,25",1,,,,
284727,144117,"-21,9416008","-48,95267487","509,1",1,8,"464,58","958,68","33,06","2,2601","-4,0772","-1,1117","0,0343",0,"0,1207","1,7219","0,0571","7,3912","0,2192","-0,0493","0,9487","-1,7555","-1,7213","-0,671","-128,8042","8,1247","61,3301","-5,12","-12,99","-173,27",1,,,,
284774,144117,"-21,9416008","-48,95267487","509,1",1,8,"464,58","958,68","33,06","2,2601","-4,0772","-1,126","0,0341",0,"0,1253","1,7117","0,0571","7,4162","0,2173","-0,0454","0,9556","-1,7555","0,7177","2,1948","-128,8194","10,131","62,701","-5,07","-13,01","-173,3",1,,,,
284874,144117,"-21,9416008","-48,95267487","509,1",1,8,"464,58","958,68","33,06","2,2602","-4,0772","-1,1379","0,0343",0,"0,1275","1,7171","0,0571","7,3584","0,2212","-0,0493","0,936","0,0738","-0,2579","1,2802","-127,8666","7,2756","62,3993","-5,09",-13,"-173,26",1,,,,
284974,144117,"-21,9416008","-48,95267487","509,1",1,8,"464,58","958,68","33,06","2,2602","-4,0772","-1,1479","0,0341",0,"0,1306","1,7112","0,0571","7,3683","0,2148","-0,0601","0,9463","-1,9994","0,5957","-3,0491","-128,2798","8,2327","62,587","-5,11","-12,96","-173,22",1,,,,
285074,144117,"-21,9416008","-48,95267487","509,1",1,8,"464,58","958,68","33,06","2,2602","-4,0772","-1,1562","0,0343",0,"0,1332","1,7206","0,0571","7,376","0,2197","-0,0483","0,9438","-1,6945","0,9616","-0,3052","-128,6769","7,9661","61,6979","-5,15","-12,93","-173,34",1,,,,
285227,144117,"-21,9416008","-48,95267487","509,1",1,8,"464,31","958,71","33,06","2,2602","-4,0772","-1,1189","0,0342",0,"0,1996","1,7136","0,0571","7,3572","0,2202","-0,0664","0,9434","-0,1091","-0,014","0,4265","-128,2971","8,6739","63,3696","-5,22","-12,9","-173,44",1,,,,
285274,144117,"-21,9416008","-48,95267487","509,1",1,8,"464,31","958,71","33,06","2,2602","-4,0772","-1,0877","0,034",0,"0,1903","1,7059","0,0571","7,3407","0,2173","-0,0527","0,938","-0,414","1,9982","-0,732","-128,1313","8,0141","62,1921","-5,23","-12,86","-173,51",1,,,,
285374,144117,"-21,9416008","-48,95267487","509,1",1,8,"464,31","958,71","33,06","2,2602","-4,0772","-1,0616","0,0344",0,"0,183","1,7268","0,0571","7,3523","0,2183","-0,0552","0,9448","-0,7189","1,1445","1,0363","-128,1485","8,4553","62,9747","-5,23","-12,8","-173,56",1,,,,
285474,144117,"-21,9416008","-48,95267487","509,1",1,8,"464,31","958,71","33,06","2,2603","-4,0772","-1,0398","0,0339",0,"0,1771","1,6977","0,0571","7,3687","0,2124","-0,0464","0,9399","-1,4506","1,8762","-2,3784","-128,5516","8,9912","62,634","-5,26","-12,77","-173,61",1,,,,
285574,144117,"-21,9416008","-48,95267487","509,1",1,8,"464,31","958,71","33,06","2,2603","-4,0772","-1,0216","0,0353",0,"0,1724","1,7673","0,0571","7,3949","0,23","-0,0547","0,9502","-1,3287","0,4738","-0,2442","-128,4183","8,03","62,4534","-5,24","-12,74","-173,74",1,,,,
285727,144117,"-21,9416008","-48,95267487","509,1",1,8,"464,43","958,7","33,06","2,2603","-4,0772","-1,0259","0,035",0,"0,1391","1,7555","0,0571","7,379","0,2246","-0,0527","0,9473","0,8055","-1,7823","-1,8905","-128,007","8,2567","62,8341","-5,17","-12,72","-173,88",1,,,,
285774,144117,"-21,9416008","-48,95267487","509,1",1,8,"464,43","958,7","33,06","2,2603","-4,0772","-1,0296","0,0349",0,"0,1405","1,751","0,0571","7,4005","0,2227","-0,061","0,9531","0,5006","-1,3555","2,4387","-128,5486","8,5899","62,3598","-5,08","-12,75","-173,99",1,,,,
285874,144117,"-21,9416008","-48,95267487","509,1",1,8,"464,43","958,7","33,06","2,2603","-4,0772","-1,0326","0,0346",0,"0,1413","1,7343","0,0571","7,3959","0,2188","-0,0581","0,9463","1,2933","-1,1726","2,8046","-128,5476","9,3725","62,6539","-4,99","-12,79","-173,99",1,,,,
285974,144119,"-21,9416008","-48,95267487","509,1",1,8,"464,43","958,7","33,06","2,2604","-4,0772","-1,0351","0,0351",0,"0,1419","1,7595","0,0571","7,3882","0,2271","-0,0469","0,9492","0,6835","0,7787","-1,3418","-128,9558","8,7445","61,9991","-4,94","-12,83","-173,86",1,,,,
286074,144119,"-21,9416008","-48,95267487","509,1",1,8,"464,43","958,7","33,06","2,2604","-4,0772","-1,0373","0,0339",0,"0,1424","1,7005","0,0571","7,3842","0,2168","-0,0576","0,9375","-0,2311","-0,9896","1,646","-128,4101","8,7926","62,4933","-4,9","-12,86","-173,8",1,,,,
286354,144119,"-21,9416008","-48,95267487","509,1",1,8,"464,59","958,68","33,06","2,2604","-4,0772","-1,0642","0,0347",0,"0,1065","1,7376","0,0571","7,4076","0,2188","-0,0522","0,9458","-0,2311","0,6567","1,5851","-129,537","8,7962","62,776","-4,83","-13,05","-173,91",1,,,,
286401,144119,"-21,9416008","-48,95267487","509,1",1,8,"464,59","958,68","33,06","2,2604","-4,0772","-1,0868","0,0348",0,"0,1129","1,7443","0,0571","7,4004","0,2246","-0,0586","0,9463","0,3177","-0,5628","-1,0979","-128,5598","8,2286","62,5941","-4,82","-13,07","-173,92",1,,,,
286501,144119,"-21,9416008","-48,95267487","509,1",1,8,"464,59","958,68","33,06","2,2604","-4,0772","-1,1056","0,0341",0,"0,1181","1,7085","0,0571","7,3888","0,2104","-0,0542","0,9429","-2,1213","-0,6848","0,6704","-128,5527","8,2087","62,3398","-4,79","-13,07","-173,93",1,,,,
286601,144119,"-21,9416008","-48,95267487","509,1",1,8,"464,59","958,68","33,06","2,2605","-4,0772","-1,1213","0,0354",0,"0,123","1,7734","0,0571","7,4102","0,2319","-0,064","0,9507","-0,597","2,547","1,2192","-128,5262","9,3126","61,8913","-4,82","-13,02","-173,94",1,,,,
286701,144119,"-21,9416008","-48,95267487","509,1",1,8,"464,59","958,68","33,06","2,2605","-4,0772","-1,1344","0,0348",0,"0,1271","1,7458","0,0571","7,4227","0,2148","-0,0518","0,9575","-0,2921","-0,7457","0,6095","-128,3949","9,5352","62,279","-4,87","-12,93","-173,94",1,,,,
286854,144119,"-21,9416008","-48,95267487","509,1",1,8,"464,73","958,66","33,09","2,2605","-4,0772","-1,1698","0,0349",0,"0,094","1,7519","0,0571","7,3909","0,228","-0,0596","0,9453","-0,9018","-1,7213","1,5241","-128,1343","8,4154","62,4663","-4,9","-12,88","-173,86",1,,,,
286901,144120,"-21,9416008","-48,95267487","509,1",1,8,"464,73","958,66","33,09","2,2605","-4,0772","-1,1993","0,0355",0,"0,1025","1,7787","0,0571","7,3916","0,2329","-0,0596","0,9473","-0,1091","0,5957","0,6095","-128,2768","7,8314","62,3128","-4,93","-12,93","-173,74",1,,,,
287001,144120,"-21,9416008","-48,95267487","509,1",1,8,"464,73","958,66","33,09","2,2605","-4,0772","-1,2239","0,0351",0,"0,1092","1,7595","0,0571","7,3716","0,2251","-0,0513","0,9453","0,8665","-0,075","0,8534","-128,116","8,7568","61,9778","-4,92","-13,01","-173,65",1,,,,
287101,144120,"-21,9416008","-48,95267487","509,1",1,8,"464,73","958,66","33,09","2,2606","-4,0772","-1,2445","0,0347",0,"0,1149","1,7403","0,0571","7,3585","0,2197","-0,0688","0,9473","-1,7555","-0,014","1,2802","-128,5547","9,3924","62,9082","-4,86","-13,1","-173,65",1,,,,
287201,144120,"-21,9416008","-48,95267487","509,1",1,8,"464,73","958,66","33,09","2,2606","-4,0772","-1,2617","0,0343",0,"0,1204","1,7217","0,0571","7,3869","0,2139","-0,061","0,9502","-0,8409","1,6323","-0,3052","-129,3936","7,4139","62,067","-4,87","-13,14","-173,68",1,,,,
287354,144120,"-21,9416008","-48,95267487","509,1",1,8,"464,92","958,64","33,09","2,2606","-4,0772","-1,3061","0,0338",0,"0,0807","1,6956","0,0571","7,3864","0,2197","-0,042","0,9487","0,7445","-0,136","-0,793","-128,967","8,3832","62,2334","-4,89","-13,06","-173,77",1,,,,
287401,144120,"-21,9416008","-48,95267487","509,1",1,8,"464,92","958,64","33,09","2,2606","-4,0772","-1,3431","0,0351",0,"0,0915","1,7594","0,0571","7,3928","0,2397","-0,0405","0,9487","-2,4262","1,4494","4,3899","-128,6759","8,7486","61,992","-4,85","-12,94","-173,89",1,,,,
287501,144120,"-21,9416008","-48,95267487","509,1",1,8,"464,92","958,64","33,09","2,2606","-4,0772","-1,3741","0,0348",0,"0,1005","1,7421","0,0571","7,398","0,2241","-0,0576","0,9438","-0,475","-0,6848","-2,8052","-128,4183","8,03","62,4534","-4,86","-12,86","-173,86",1,,,,
287601,144120,"-21,9416008","-48,95267487","509,1",1,8,"464,92","958,64","33,09","2,2606","-4,0772","-1,4","0,0344",0,"0,1078","1,723","0,0571","7,3876","0,2144","-0,0576","0,9541","-2,853","0,5957","-0,9759","-128,8184","8,1646","61,8385","-4,92","-12,88","-173,84",1,,,,
287701,144120,"-21,9416008","-48,95267487","509,1",1,8,"464,92","958,64","33,09","2,2606","-4,0772","-1,4216","0,0346",0,"0,1143","1,735","0,0571","7,4027","0,2227","-0,0679","0,9497","0,0128","1,5104","-0,3662","-128,5568","7,8274","62,3199","-5,01","-12,86","-173,88",1,,,,
287854,144120,"-21,9416008","-48,95267487","509,1",1,8,"464,73","958,66","33,09","2,2607","-4,0772","-1,4096","0,0347",0,"0,1639","1,7378","0,0571","7,4288","0,2202","-0,0522","0,9595","-0,1701","-3,8555","2,6216","-128,4101","8,7926","62,4933","-5,05","-12,78","-173,91",1,,,,
287901,144120,"-21,9416008","-48,95267487","509,1",1,8,"464,73","958,66","33,09","2,2607","-4,0772","-1,3997","0,0344",0,"0,1607","1,7257","0,0571","7,4167","0,2183","-0,0508","0,9468","-0,0482","0,1689","-1,2808","-129,2601","9,2016","63,0431","-5,06","-12,8","-173,88",1,,,,
288001,144120,"-21,9416008","-48,95267487","509,1",1,8,"464,73","958,66","33,09","2,2607","-4,0772","-1,3913","0,0343",0,"0,1585","1,7214","0,0571","7,424","0,2183","-0,0605","0,9497","-0,1091","1,5713","-0,4271","-127,8625","7,6569","62,4192","-5,03","-12,86","-173,86",1,,,,
288101,144120,"-21,9416008","-48,95267487","509,1",1,8,"464,73","958,66","33,09","2,2607","-4,0772","-1,3844","0,0342",0,"0,1554","1,7139","0,0571","7,3689","0,2109","-0,0386","0,938","-0,9018","1,2665","1,2192","-128,8286","8,5859","62,3669","-5,01","-12,87","-173,85",1,,,,
288201,144120,"-21,9416008","-48,95267487","509,1",1,8,"464,73","958,66","33,09","2,2607","-4,0772","-1,3786","0,0344",0,"0,1537","1,7267","0,0571","7,3667","0,2217","-0,0576","0,9409","-0,1091","0,4128","-2,1954","-128,2504","8,9354","61,8642","-5,01","-12,82","-173,82",1,,,,
288477,144120,"-21,9416008","-48,95267487","509,1",1,8,"464,73","958,66","33,09","2,2607","-4,0772","-1,3737","0,0346",0,"0,1537","1,7355","0,0571","7,4358","0,2163","-0,061","0,9585","-1,2677","1,8152","2,8046","-128,3899","7,9502","61,4365","-4,96","-12,6","-173,9",1,,,,
288524,144120,"-21,9416008","-48,95267487","509,1",1,8,"464,73","958,66","33,09","2,2607","-4,0772","-1,3697","0,0345",0,"0,1526","1,7299","0,0571","7,4417","0,2202","-0,0659","0,9536","-0,9018","0,047","0,7314","-128,2798","8,2327","62,587","-4,95","-12,53","-173,88",1,,,,
288624,144120,"-21,9416008","-48,95267487","509,1",1,8,"464,73","958,66","33,09","2,2608","-4,0772","-1,3663","0,0347",0,"0,1512","1,7377","0,0571","7,419","0,2207","-0,0322","0,9438","-1,3287","-2,3311","0,3046","-129,1095","7,7992","62,0799","-4,99","-12,47","-173,8",1,,,,
288724,144120,"-21,9416008","-48,95267487","509,1",1,8,"464,73","958,66","33,09","2,2608","-4,0772","-1,3634","0,0347",0,"0,1506","1,7378","0,0571","7,4332","0,229","-0,0537","0,9429","0,2567","0,7787","3,2314","-129,817","8,7922","62,7831",-5,"-12,54","-173,75",1,,,,
288824,144120,"-21,9416008","-48,95267487","509,1",1,8,"464,73","958,66","33,09","2,2608","-4,0772","-1,3611","0,0342",0,"0,1505","1,7132","0,0571","7,4611","0,2183","-0,0493","0,9575","0,3177","0,7787","-0,6101","-128,7054","8,0459","62,7148","-4,95","-12,65","-173,7",1,,,,
288977,144122,"-21,9416008","-48,95267487","509,1",1,8,"464,73","958,66","33,09","2,2608","-4,0772","-1,3591","0,0338",0,"0,1498","1,6943","0,0571","7,4527","0,2104","-0,0508","0,9575","1,7201","-0,136","-0,2442","-128,7125","8,0659","62,969","-4,85","-12,69","-173,7",1,,,,
289024,144122,"-21,9416008","-48,95267487","509,1",1,8,"464,73","958,66","33,09","2,2608","-4,0772","-1,3574","0,0345",0,"0,1492","1,7298","0,0571","7,4478","0,23","-0,0503","0,9517","-2,4262","-0,4409","-0,1832","-128,2616","8,5741","62,0985","-4,73","-12,67","-173,74",1,,,,
289124,144122,"-21,9416008","-48,95267487","509,1",1,8,"464,73","958,66","33,09","2,2608","-4,0772","-1,356","0,035",0,"0,1484","1,7527","0,0571","7,4299","0,2241","-0,0562","0,9551","-1,9994","-0,6848","-0,9149","-128,004","7,8555","62,5599","-4,69","-12,68","-173,77",1,,,,
289224,144122,"-21,9416008","-48,95267487","509,1",1,8,"464,73","958,66","33,09","2,2608","-4,0772","-1,3549","0,0358",0,"0,1474","1,7952","0,0571","7,3922","0,231","-0,0654","0,9395","-1,2067","-0,197","-0,3662","-128,4112","8,0101","62,1992","-4,81","-12,77","-173,75",1,,,,
289324,144122,"-21,9416008","-48,95267487","509,1",1,8,"464,73","958,66","33,09","2,2609","-4,0772","-1,3539","0,0354",0,"0,1475","1,7747","0,0571","7,411","0,2241","-0,0522","0,9497","-1,6335","1,6323","0,3655","-128,8326","8,2046","62,347","-4,91","-12,85","-173,73",1,,,,
289477,144122,"-21,9416008","-48,95267487","509,1",1,8,"465,03","958,63","33,11","2,2609","-4,0772","-1,4022","0,0349",0,"0,0755","1,7516","0,0571","7,4156","0,2241","-0,0435","0,9468","-0,6579","-1,3555","-0,1223","-127,4329","8,225","62,3114","-4,94","-12,9","-173,77",1,,,,
289524,144122,"-21,9416008","-48,95267487","509,1",1,8,"465,03","958,63","33,11","2,2609","-4,0772","-1,4426","0,0357",0,"0,0869","1,7871","0,0571","7,406","0,2358","-0,0596","0,9463","-0,9628","1,9372","-0,6101","-128,5516","8,9912","62,634","-4,96","-12,96","-173,84",1,,,,
289624,144122,"-21,9416008","-48,95267487","509,1",1,8,"465,03","958,63","33,11","2,2609","-4,0772","-1,4763","0,0353",0,"0,0966","1,7692","0,0571","7,4034","0,2246","-0,0586","0,9482","0,7445","-0,7457","-1,6466","-128,5344","8,55","61,8514","-4,95","-12,98","-173,95",1,,,,
289724,144122,"-21,9416008","-48,95267487","509,1",1,8,"465,03","958,63","33,11","2,2609","-4,0772","-1,5045","0,0353",0,"0,105","1,769","0,0571","7,4208","0,2241","-0,0508","0,9512","-2,3652","-1,4774","-0,671","-128,005","7,0729","62,2657","-4,9","-13,04","-174,11",1,,,,
289824,144122,"-21,9416008","-48,95267487","509,1",1,8,"465,03","958,63","33,11","2,261","-4,0772","-1,528","0,0355",0,"0,1113","1,7771","0,0571","7,3947","0,23","-0,0537","0,9438","-1,4506","-1,1116","2,7436","-128,5262","9,3126","61,8913","-4,9","-13,13","-174,19",1,,,,
289977,144123,"-21,9416008","-48,95267487","509,1",1,8,"465,12","958,62","33,12","2,261","-4,0772","-1,5625","0,0349",0,"0,0952","1,7505","0,0571","7,385","0,2192","-0,0518","0,9429","-1,1457","0,6567","3,3534","-128,8326","8,2046","62,347","-4,94","-13,17","-174,11",1,,,,
290024,144123,"-21,9416008","-48,95267487","509,1",1,8,"465,12","958,62","33,12","2,261","-4,0772","-1,5912","0,0351",0,"0,1046","1,7605","0,0571","7,4407","0,2271","-0,0498","0,9653","-1,3896","-1,0506","-1,3418","-129,0984","8,1606","61,8456","-4,97","-13,17","-173,94",1,,,,
290124,144123,"-21,9416008","-48,95267487","509,1",1,8,"465,12","958,62","33,12","2,261","-4,0772","-1,6153","0,0351",0,"0,1106","1,7581","0,0571","7,3955","0,2246","-0,0562","0,9429","-2,1823","0,047","-0,0003","-129,1115","8,983","62,6482","-4,99","-13,19","-173,82",1,,,,
290224,144123,"-21,9416008","-48,95267487","509,1",1,8,"465,12","958,62","33,12","2,261","-4,0772","-1,6353","0,0349",0,"0,1164","1,7517","0,0571","7,3948","0,2163","-0,0688","0,9443","-0,414","-1,2335","3,4753","-128,2544","8,5541","61,8442","-5,04","-13,2","-173,79",1,,,,
290324,144123,"-21,9416008","-48,95267487","509,1",1,8,"465,12","958,62","33,12","2,261","-4,0772","-1,6521","0,0354",0,"0,1218","1,7751","0,0571","7,4276","0,2339","-0,0566","0,9512","-0,597","1,0226","1,1582","-127,9938","7,4343","62,0315","-5,11","-13,19","-173,72",1,,,,
290655,144123,"-21,9416008","-48,95267487","509,1",1,8,"465,03","958,63","33,12","2,2611","-4,0772","-1,6514","0,0359",0,"0,147","1,798","0,0571","7,4019","0,231","-0,0527","0,9492","0,5006","1,9982","0,4265","-128,686","9,1698","62,5204","-5,15","-13,34","-173,75",1,,,,
290702,144123,"-21,9416008","-48,95267487","509,1",1,8,"465,03","958,63","33,12","2,2611","-4,0772","-1,6507","0,0359",0,"0,1468","1,7995","0,0571","7,4008","0,229","-0,0532","0,9478","0,2567","-0,4409","-0,5491","-129,1259","6,2741",62,"-5,12","-13,35","-173,78",1,,,,
290802,144123,"-21,9416008","-48,95267487","509,1",1,8,"465,03","958,63","33,12","2,2611","-4,0772","-1,6502","0,0352",0,"0,1465","1,7658","0,0571","7,3923","0,2207","-0,0571","0,9443","0,0128","-1,6604","-0,0003","-128,5557","8,6099","62,614","-5,04","-13,36","-173,85",1,,,,
290902,144123,"-21,9416008","-48,95267487","509,1",1,8,"465,03","958,63","33,12","2,2611","-4,0772","-1,6498","0,0347",0,"0,147","1,7372","0,0571","7,4263","0,2173","-0,0474","0,9521","-1,3896","1,0226","0,4875","-127,8584","8,0382","62,4392","-4,99","-13,4","-173,89",1,,,,
291002,144123,"-21,9416008","-48,95267487","509,1",1,8,"465,03","958,63","33,12","2,2611","-4,0772","-1,6494","0,0346",0,"0,1461","1,7349","0,0571","7,3859","0,2158","-0,062","0,9434","-2,853","-1,4774","0,3046","-128,7013","8,4272","62,7347","-5,05","-13,41","-173,82",1,,,,
291155,144123,"-21,9416008","-48,95267487","509,1",1,8,"464,58","958,68","33,13","2,2611","-4,0772","-1,5752","0,0358",0,"0,2551","1,7945","0,0571","7,4385","0,2412","-0,0454","0,9536","-1,2067","1,3884","-0,3052","-128,9752","7,6206","62,1935","-5,17","-13,38","-173,74",1,,,,
291202,144123,"-21,9416008","-48,95267487","509,1",1,8,"464,58","958,68","33,13","2,2612","-4,0772","-1,5132","0,0353",0,"0,2372","1,7697","0,0571","7,4364","0,2197","-0,0396","0,9512","0,6226","-1,3555","-0,3662","-128,2717","8,9953","62,6269","-5,23","-13,33","-173,75",1,,,,
291302,144123,"-21,9416008","-48,95267487","509,1",1,8,"464,58","958,68","33,13","2,2612","-4,0772","-1,4615","0,0346",0,"0,2212","1,7352","0,0571","7,3828","0,2163","-0,0537","0,9434","-2,6701","1,0835","3,3534","-128,1485","8,4553","62,9747","-5,22","-13,28","-173,77",1,,,,
291402,144123,"-21,9416008","-48,95267487","509,1",1,8,"464,58","958,68","33,13","2,2612","-4,0772","-1,4182","0,0341",0,"0,2094","1,7116","0,0571","7,4157","0,2178","-0,0557","0,958","0,9274","0,047","-3,9637","-127,9471","7,6958","60,5261","-5,23","-13,23","-173,79",1,,,,
291502,144123,"-21,9416008","-48,95267487","509,1",1,8,"464,58","958,68","33,13","2,2612","-4,0772","-1,382","0,0347",0,"0,1992","1,7421","0,0571","7,4228","0,229","-0,0513","0,9478","-1,0238","0,5957","-2,1954","-128,8326","8,2046","62,347","-5,14","-13,16","-174,01",1,,,,
291655,144123,"-21,9416008","-48,95267487","509,1",1,8,"464,91","958,64","33,13","2,2612","-4,0772","-1,4062","0,0348",0,"0,1109","1,7451","0,0571","7,4201","0,2246","-0,0566","0,9521","0,5616","1,1445","-0,4881","-128,4355","8,4712","63,236","-5,04","-13,12","-174,31",1,,,,
291702,144123,"-21,9416008","-48,95267487","509,1",1,8,"464,91","958,64","33,13","2,2612","-4,0772","-1,4263","0,0351",0,"0,1163","1,7596","0,0571","7,3977","0,228","-0,0479","0,9424","-0,1091","1,5104","-4,8174","-129,1156","8,6017","62,6282","-4,95","-13,12","-174,6",1,,,,
291802,144123,"-21,9416008","-48,95267487","509,1",1,8,"464,91","958,64","33,13","2,2612","-4,0772","-1,4432","0,0348",0,"0,1221","1,7451","0,0571","7,4434","0,2148","-0,0474","0,9561","-2,1213","1,0226","-0,732","-128,8449","7,0607","62,2871","-4,85","-13,09","-174,88",1,,,,
291902,144125,"-21,9416008","-48,95267487","509,1",1,8,"464,91","958,64","33,13","2,2612","-4,0772","-1,4572","0,0347",0,"0,1263","1,7397","0,0571","7,4522","0,2236","-0,0688","0,96","0,3787","-1,4774","0,6704","-128,8529","9,047","63,4038","-4,82","-13,06","-175,02",1,,,,
292002,144125,"-21,9416008","-48,95267487","509,1",1,8,"464,91","958,64","33,13","2,2612","-4,0772","-1,469","0,035",0,"0,129","1,7537","0,0571","7,4164","0,2231","-0,0581","0,9487","1,8421","-0,9896","-0,1223","-128,7155","8,4671","63,2432","-4,82","-13,12","-174,99",1,,,,
292155,144125,"-21,9416008","-48,95267487","509,1",1,8,"465,03","958,63","33,13","2,2612","-4,0772","-1,4983","0,0339",0,"0,1029","1,6986","0,0571","7,4","0,21","-0,0381","0,9443","-1,3287","1,0226","-0,732","-127,8574","8,8207","62,7333","-4,77","-13,25","-174,95",1,,,,
292202,144125,"-21,9416008","-48,95267487","509,1",1,8,"465,03","958,63","33,13","2,2612","-4,0772","-1,5229","0,0342",0,"0,1094","1,7156","0,0571","7,375","0,2241","-0,061","0,9395","0,6226","-0,014","-1,6466","-128,9731","9,1857","62,7817","-4,75","-13,34","-174,96",1,,,,
292302,144125,"-21,9416008","-48,95267487","509,1",1,8,"465,03","958,63","33,13","2,2612","-4,0772","-1,5434","0,035",0,"0,1155","1,7524","0,0571","7,3808","0,2271","-0,0513","0,9502","-0,2311","-1,4165","2,3777","-128,1465","7,2715","62,4064","-4,74","-13,39","-175,04",1,,,,
292402,144125,"-21,9416008","-48,95267487","509,1",1,8,"465,03","958,63","33,13","2,2613","-4,0772","-1,5605","0,0348",0,"0,1196","1,7466","0,0571","7,3429","0,2285","-0,061","0,937","-0,7799","0,3518","1,8899","-128,5415","8,57","62,1056","-4,76","-13,42","-175,04",1,,,,
292502,144125,"-21,9416008","-48,95267487","509,1",1,8,"465,03","958,63","33,13","2,2613","-4,0772","-1,5749","0,0351",0,"0,1247","1,7572","0,0571","7,3911","0,2188","-0,062","0,958","1,0494","-0,8677","3,5973","-127,9958","8,6181","62,5998","-4,8","-13,38","-174,88",1,,,,
292841,144125,"-21,9416008","-48,95267487","509,1",1,8,"464,73","958,66","33,12","2,2613","-4,0772","-1,5377","0,0347",0,"0,1996","1,7405","0,0571","7,3693","0,2227","-0,0527","0,9546","-1,2067","0,5348","-3,4149","-128,7084","8,4472","62,9889","-4,74","-13,39","-174,65",1,,,,
292888,144126,"-21,9416008","-48,95267487","509,1",1,8,"464,73","958,66","33,12","2,2613","-4,0772","-1,5067","0,0349",0,"0,1911","1,7492","0,0571","7,3909","0,2256","-0,0444","0,9521","-0,8409","0,6567","-0,9759","-128,5811","8,2885","63,3567","-4,71","-13,37","-174,71",1,,,,
292988,144126,"-21,9416008","-48,95267487","509,1",1,8,"464,73","958,66","33,12","2,2613","-4,0772","-1,4807","0,0357",0,"0,1834","1,791","0,0571","7,3804","0,2373","-0,0562","0,9478","-1,5116","-1,3555","-0,0613","-128,9599","8,3632","61,9792","-4,67","-13,37","-174,86",1,,,,
293088,144126,"-21,9416008","-48,95267487","509,1",1,8,"464,73","958,66","33,12","2,2613","-4,0772","-1,4591","0,0348",0,"0,1772","1,7422","0,0571","7,3844","0,2227","-0,0566","0,9443","0,0738","-1,4165","-0,0003","-129,2205","9,4831","61,7919","-4,66","-13,43","-174,87",1,,,,
293188,144126,"-21,9416008","-48,95267487","509,1",1,8,"464,73","958,66","33,12","2,2613","-4,0772","-1,441","0,0345",0,"0,1723","1,7281","0,0571","7,3983","0,228","-0,0586","0,9487","-1,3896","-0,6238","0,1216","-128,8408","7,442","62,307","-4,62","-13,51","-174,86",1,,,,
293341,144126,"-21,9416008","-48,95267487","509,1",1,8,"465,12","958,62","33,12","2,2613","-4,0772","-1,4897","0,0347",0,"0,0742","1,7413","0,0571","7,3826","0,2212","-0,043","0,9438","0,2567","-1,4774","0,8534","-128,1455","8,0541","62,7005","-4,58","-13,59","-174,92",1,,,,
293388,144126,"-21,9416008","-48,95267487","509,1",1,8,"465,12","958,62","33,12","2,2613","-4,0772","-1,5305","0,035",0,"0,0857","1,7555","0,0571","7,37","0,2275","-0,0371","0,9419","0,9274","1,0835","2,7436","-128,2859","9,0352","63,1353","-4,53","-13,65","-174,98",1,,,,
293488,144126,"-21,9416008","-48,95267487","509,1",1,8,"465,12","958,62","33,12","2,2613","-4,0772","-1,5645","0,0348",0,"0,0957","1,743","0,0571","7,3833","0,2285","-0,0649","0,9443","-1,0238","-0,3189","1,0363","-127,9775","8,9594","62,1113","-4,5","-13,67","-174,92",1,,,,
293588,144126,"-21,9416008","-48,95267487","509,1",1,8,"465,12","958,62","33,12","2,2613","-4,0772","-1,593","0,0346",0,"0,1029","1,7326","0,0571","7,3341","0,2168","-0,0396","0,9404","0,7445","-0,2579","-0,793","-129,1227","8,6217","62,8825","-4,54","-13,7","-174,75",1,,,,
293688,144126,"-21,9416008","-48,95267487","509,1",1,8,"465,12","958,62","33,12","2,2614","-4,0772","-1,6167","0,0351",0,"0,1108","1,7597","0,0571","7,3841","0,2202","-0,0518","0,9526","-0,6579","0,9006","-0,3052","-128,2697","7,8115","62,0585","-4,5","-13,72","-174,65",1,,,,
293841,144126,"-21,9416008","-48,95267487","509,1",1,8,"465,03","958,63","33,13","2,2614","-4,0772","-1,6218","0,0346",0,"0,1383","1,7338","0,0571","7,3936","0,2168","-0,0581","0,9517","1,8421","2,425","4,207","-128,6769","7,9661","61,6979","-4,43","-13,64","-174,54",1,,,,
293888,144126,"-21,9416008","-48,95267487","509,1",1,8,"465,03","958,63","33,13","2,2614","-4,0772","-1,626","0,0347",0,"0,1396","1,7387","0,0571","7,3964","0,2236","-0,0566","0,9482","0,8665","1,2665","-2,5613","-128,3817","8,7128","61,4765","-4,39","-13,49","-174,35",1,,,,
293988,144126,"-21,9416008","-48,95267487","509,1",1,8,"465,03","958,63","33,13","2,2614","-4,0772","-1,6296","0,0344",0,"0,1407","1,7242","0,0571","7,4033","0,2188","-0,0513","0,9478","-1,2677","0,5348","1,4631","-129,2388","9,1417","62,2804","-4,3","-13,34","-174,28",1,,,,
294088,144126,"-21,9416008","-48,95267487","509,1",1,8,"465,03","958,63","33,13","2,2614","-4,0772","-1,6325","0,035",0,"0,1417","1,7569","0,0571","7,4069","0,2354","-0,0503","0,9458","0,6835","0,1689","0,7314","-128,6983","8,0259","62,4605","-4,24","-13,21","-174,29",1,,,,
294188,144126,"-21,9416008","-48,95267487","509,1",1,8,"465,03","958,63","33,13","2,2614","-4,0772","-1,635","0,0351",0,"0,1417","1,7578","0,0571","7,3742","0,2217","-0,0552","0,9341","0,4396","-3,8555","1,3412","-128,5527","8,2087","62,3398","-4,29","-13,1","-174,21",1,,,,
294341,144126,"-21,9416008","-48,95267487","509,1",1,8,"465,03","958,63","33,14","2,2614","-4,0772","-1,637","0,0348",0,"0,1427","1,7425","0,0571","7,3963","0,2197","-0,0513","0,9521","0,4396","0,3518","0,2436","-128,2646","8,9753","62,3727","-4,33","-13,16","-174,1",1,,,,
294388,144126,"-21,9416008","-48,95267487","509,1",1,8,"465,03","958,63","33,14","2,2614","-4,0772","-1,6388","0,0351",0,"0,1433","1,7592","0,0571","7,4011","0,2285","-0,0576","0,9492","-0,353","-0,4409","0,1216","-128,8153","10,5123","62,7209","-4,3","-13,25","-174,08",1,,,,
294488,144126,"-21,9416008","-48,95267487","509,1",1,8,"465,03","958,63","33,14","2,2614","-4,0772","-1,6402","0,0345",0,"0,1433","1,7276","0,0571","7,3809","0,209","-0,0635","0,9482","-1,6335","-1,4774","1,4021","-129,3762","9,7216","62,441","-4,27","-13,28","-174,07",1,,,,
294588,144126,"-21,9416008","-48,95267487","509,1",1,8,"465,03","958,63","33,14","2,2614","-4,0772","-1,6414","0,0347",0,"0,1439","1,7407","0,0571","7,3898","0,2266","-0,0615","0,9502","1,3543","1,0226","-1,2808","-128,2555","7,7716","61,5501","-4,27","-13,31","-174,06",1,,,,
294688,144126,"-21,9416008","-48,95267487","509,1",1,8,"465,03","958,63","33,14","2,2614","-4,0772","-1,6424","0,0352",0,"0,1445","1,7627","0,0571","7,4058","0,2271","-0,0415","0,9565","-1,7555","1,9372","-0,0003","-128,9812","8,4231","62,7418","-4,22","-13,29","-174,12",1,,,,
294975,144128,"-21,9416008","-48,95267487","509,1",1,8,"464,91","958,64","33,15","2,2614","-4,0772","-1,6237","0,0346",0,"0,1733","1,7336","0,0571","7,4065","0,2114","-0,0532","0,9482","-1,0238","-1,4165","-0,6101","-128,9772","8,8044","62,7618","-4,38","-13,07","-174,23",1,,,,
295022,144128,"-21,9416008","-48,95267487","509,1",1,8,"464,91","958,64","33,15","2,2614","-4,0772","-1,6081","0,0349",0,"0,1682","1,7515","0,0571","7,3752","0,228","-0,0732","0,938","-1,6335","-0,075","0,5485","-128,8611","8,2844","63,3638","-4,44","-13,05","-174,22",1,,,,
295122,144128,"-21,9416008","-48,95267487","509,1",1,8,"464,91","958,64","33,15","2,2615","-4,0772","-1,595","0,0342",0,"0,1644","1,7158","0,0571","7,3739","0,2124","-0,0474","0,9434","-0,9018","-2,8189","3,3534","-127,8401","8,3796","61,9507","-4,55","-13,08","-174,17",1,,,,
295222,144128,"-21,9416008","-48,95267487","509,1",1,8,"464,91","958,64","33,15","2,2615","-4,0772","-1,5841","0,0341",0,"0,162","1,712","0,0571","7,4106","0,2188","-0,0483","0,9561","0,7445","-0,3189","0,4875","-127,9999","8,2368","62,5798","-4,63","-13,19","-174,04",1,,,,
295322,144128,"-21,9416008","-48,95267487","509,1",1,8,"464,91","958,64","33,15","2,2615","-4,0772","-1,575","0,0344",0,"0,1594","1,7242","0,0571","7,4123","0,2256","-0,0415","0,9546","0,2567","0,5348","-1,6466","-128,4183","8,03","62,4534","-4,64","-13,27","-173,95",1,,,,
295475,144128,"-21,9416008","-48,95267487","509,1",1,8,"465,12","958,62","33,16","2,2615","-4,0772","-1,6017","0,0341",0,"0,1069","1,7076","0,0571","7,4056","0,2183","-0,0522","0,9507","-2,1213","1,1445","-0,5491","-127,9917","8,9994","62,6198","-4,61","-13,25",-174,1,,,,
295522,144128,"-21,9416008","-48,95267487","509,1",1,8,"465,12","958,62","33,16","2,2614","-4,0772","-1,624","0,0338",0,"0,1136","1,6931","0,0571","7,422","0,2144","-0,0537","0,9541","-0,414","-0,6238","0,5485","-128,2585","8,1728","61,8243","-4,59","-13,15","-174,12",1,,,,
295622,144128,"-21,9416008","-48,95267487","509,1",1,8,"465,12","958,62","33,16","2,2615","-4,0772","-1,6426","0,0343",0,"0,1183","1,7187","0,0571","7,3881","0,2207","-0,0596","0,9448","-0,1701","-0,197","-1,8905","-127,9917","8,9994","62,6198","-4,58","-13,05","-174,17",1,,,,
295722,144128,"-21,9416008","-48,95267487","509,1",1,8,"465,12","958,62","33,16","2,2615","-4,0772","-1,6582","0,0348",0,"0,1235","1,7431","0,0571","7,4202","0,2251","-0,0454","0,9487","-0,536","1,7543","1,2192","-127,8554","7,6369","62,165","-4,55","-13,01","-174,22",1,,,,
295822,144128,"-21,9416008","-48,95267487","509,1",1,8,"465,12","958,62","33,16","2,2615","-4,0772","-1,6712","0,0354",0,"0,1271","1,7726","0,0571","7,4158","0,229","-0,0435","0,9419","-0,597","-0,8677","1,5851","-128,8499","8,6457","63,1296","-4,55","-12,96","-174,27",1,,,,
295975,144129,"-21,9416008","-48,95267487","509,1",1,8,"465,03","958,63","33,16","2,2615","-4,0772","-1,6673","0,0348",0,"0,151","1,7458","0,0571","7,3728","0,2222","-0,0552","0,9492","-1,0238","-0,3799","-0,1223","-128,291","7,8714","62,8212","-4,63","-12,93","-174,17",1,,,,
296022,144129,"-21,9416008","-48,95267487","509,1",1,8,"465,03","958,63","33,16","2,2615","-4,0772","-1,6641","0,0348",0,"0,1499","1,7457","0,0571","7,3646","0,2231","-0,0547","0,9424","-0,353","-0,075","-1,8296","-128,402","9,5552","62,5333","-4,74","-12,95","-174,03",1,,,,
296122,144129,"-21,9416008","-48,95267487","509,1",1,8,"465,03","958,63","33,16","2,2615","-4,0772","-1,6614","0,0349",0,"0,149","1,7488","0,0571","7,3571","0,2256","-0,0601","0,9438","-0,2311","0,1079","-2,0735","-129,3956","8,5977","62,6354","-4,81","-12,97","-174,02",1,,,,
296222,144129,"-21,9416008","-48,95267487","509,1",1,8,"465,03","958,63","33,16","2,2615","-4,0772","-1,6591","0,0347",0,"0,1491","1,7406","0,0571","7,3968","0,2192","-0,0552","0,9531","-1,7555","0,7787","1,4631","-128,4112","8,0101","62,1992","-4,86",-13,"-174,14",1,,,,
296322,144129,"-21,9416008","-48,95267487","509,1",1,8,"465,03","958,63","33,16","2,2615","-4,0772","-1,6572","0,0347",0,"0,1482","1,7386","0,0571","7,381","0,2192","-0,061","0,9395","0,9274","1,2055","2,3777","-128,9802","9,2057","63,036","-4,94","-13,02","-174,2",1,,,,
296475,144129,"-21,9416008","-48,95267487","509,1",1,8,"465,03","958,63","33,19","2,2615","-4,0772","-1,6556","0,0343",0,"0,1483","1,7201","0,0571","7,4058","0,2188","-0,0723","0,958","-0,7189","-1,2945","1,4021","-128,2473","8,5341","61,59","-4,96","-12,98","-174,08",1,,,,
296522,144129,"-21,9416008","-48,95267487","509,1",1,8,"465,03","958,63","33,19","2,2615","-4,0772","-1,6543","0,0345",0,"0,1481","1,7292","0,0571","7,415","0,2236","-0,0479","0,9517","-0,6579","-4,0994","-0,854","-128,5516","8,9912","62,634","-4,94","-12,98","-173,88",1,,,,
296622,144129,"-21,9416008","-48,95267487","509,1",1,8,"465,03","958,63","33,19","2,2615","-4,0772","-1,6531","0,0353",0,"0,1491","1,7672","0,0571","7,4819","0,2227","-0,0576","0,9673","-0,414","-0,6238","1,646","-128,8357","8,6058","62,6211","-4,91","-13,05","-173,76",1,,,,
296722,144129,"-21,9416008","-48,95267487","509,1",1,8,"465,03","958,63","33,19","2,2615","-4,0772","-1,6522","0,0339",0,"0,1474","1,702","0,0571","7,4101","0,2119","-0,061","0,9399","-1,0848","-0,6238","1,0973","-129,2622","7,6365","62,4548","-4,9","-13,11","-173,66",1,,,,
296822,144129,"-21,9416008","-48,95267487","509,1",1,8,"465,03","958,63","33,19","2,2615","-4,0772","-1,6514","0,0342",0,"0,147","1,7165","0,0571","7,4001","0,2236","-0,0527","0,9502","-1,3896","1,0835","-3,7198","-128,288","7,4701","62,547","-4,94","-13,12","-173,58",1,,,,
297098,144130,"-21,9416008","-48,95267487","509,1",1,8,"465,03","958,63","33,19","2,2615","-4,0772","-1,6508","0,0343",0,"0,1467","1,7222","0,0571","7,394","0,2246","-0,0381","0,9463","-2,0604","-3,0628","2,7436","-128,4183","8,03","62,4534",-5,"-13,11","-174,19",1,,,,
297145,144130,"-21,9416008","-48,95267487","509,1",1,8,"465,03","958,63","33,19","2,2615","-4,0772","-1,6503","0,0348",0,"0,1468","1,745","0,0571","7,4082","0,2285","-0,0498","0,9521","1,903","1,7543","4,0241","-128,2616","8,5741","62,0985","-5,01","-13,13","-174,27",1,,,,
297245,144130,"-21,9416008","-48,95267487","509,1",1,8,"465,03","958,63","33,19","2,2615","-4,0772","-1,6498","0,0342",0,"0,1461","1,7158","0,0571","7,3796","0,2217","-0,0537","0,9429","-0,414","-0,6848","-1,5247","-128,6927","8,2066","62,3434","-5,01","-13,17","-174,27",1,,,,
297345,144130,"-21,9416008","-48,95267487","509,1",1,8,"465,03","958,63","33,19","2,2615","-4,0772","-1,6494","0,0345",0,"0,1467","1,7282","0,0571","7,4159","0,2246","-0,0557","0,9565","-2,4262","1,5713","-0,2442","-128,8133","9,3285","62,1526",-5,"-13,2","-174,28",1,,,,
297445,144130,"-21,9416008","-48,95267487","509,1",1,8,"465,03","958,63","33,19","2,2615","-4,0772","-1,6491","0,0349",0,"0,1471","1,7499","0,0571","7,4411","0,2241","-0,04","0,9536","-1,0238","1,8152","2,4997","-128,572","7,0847","62,5342","-5,04","-13,24","-174,33",1,,,,
297598,144130,"-21,9416008","-48,95267487","509,1",1,8,"464,91","958,64","33,21","2,2615","-4,0772","-1,6293","0,0349",0,"0,1751","1,7479","0,0571","7,4146","0,228","-0,0493","0,9414","-0,597","0,7787","0,3046","-129,2347","9,523","62,3004","-5,01","-13,2","-174,39",1,,,,
297645,144130,"-21,9416008","-48,95267487","509,1",1,8,"464,91","958,64","33,21","2,2615","-4,0772","-1,6127","0,0349",0,"0,1709","1,7501","0,0571","7,4412","0,2241","-0,0576","0,9585","-0,1091","2,303","-0,5491","-128,9762","6,8381","61,8993","-4,93","-13,12","-174,44",1,,,,
297745,144130,"-21,9416008","-48,95267487","509,1",1,8,"464,91","958,64","33,21","2,2615","-4,0772","-1,5989","0,0346",0,"0,167","1,7365","0,0571","7,4461","0,2173","-0,0566","0,9497","-0,7799","0,4128","2,6216","-127,7016","8,5822","62,0843","-4,87","-13,02","-174,46",1,,,,
297845,144130,"-21,9416008","-48,95267487","509,1",1,8,"464,91","958,64","33,21","2,2616","-4,0772","-1,5873","0,0356",0,"0,1637","1,7852","0,0571","7,447","0,2378","-0,0425","0,9526","-0,7799","1,3274","0,5485","-128,4183","8,03","62,4534","-4,89","-12,96","-174,35",1,,,,
297945,144131,"-21,9416008","-48,95267487","509,1",1,8,"464,91","958,64","33,21","2,2616","-4,0772","-1,5777","0,035",0,"0,16","1,7523","0,0571","7,4008","0,2236","-0,0503","0,9385","0,5616","-0,075","-5,0613","-128,5445","8,9712","62,3798","-4,89","-12,89","-174,29",1,,,,
298098,144131,"-21,9416008","-48,95267487","509,1",1,8,"464,73","958,66","33,19","2,2616","-4,0772","-1,5401","0,0352",0,"0,2009","1,7642","0,0571","7,4034","0,228","-0,0459","0,9443","-0,475","1,2665","-2,0735","-129,3925","8,1964","62,3612","-4,77","-12,85","-174,53",1,,,,
298145,144131,"-21,9416008","-48,95267487","509,1",1,8,"464,73","958,66","33,19","2,2616","-4,0772","-1,5086","0,0349",0,"0,1918","1,7514","0,0571","7,3989","0,2207","-0,0581","0,9468","-1,5726","0,1689","3,7802","-129,6654","8,1724","62,1141","-4,62","-12,83","-174,87",1,,,,
298245,144131,"-21,9416008","-48,95267487","509,1",1,8,"464,73","958,66","33,19","2,2616","-4,0772","-1,4824","0,0356",0,"0,1847","1,7823","0,0571","7,4246","0,2388","-0,0581","0,9512","-0,536","0,1689","0,4875","-128,5273","8,5301","61,5971","-4,57","-12,81","-175,02",1,,,,
298345,144131,"-21,9416008","-48,95267487","509,1",1,8,"464,73","958,66","33,19","2,2616","-4,0772","-1,4605","0,0355",0,"0,1772","1,7812","0,0571","7,3642","0,2261","-0,0508","0,9346","-1,0238","-0,014","-1,7686","-128,1231","8,7767","62,232","-4,6","-12,84","-175,03",1,,,,
298445,144131,"-21,9416008","-48,95267487","509,1",1,8,"464,73","958,66","33,19","2,2616","-4,0772","-1,4421","0,0351",0,"0,1723","1,7621","0,0571","7,3826","0,2256","-0,0576","0,9502","-2,6701","-0,8067","2,3777","-128,7054","8,0459","62,7148","-4,64","-12,9","-175,06",1,,,,
298598,144131,"-21,9416008","-48,95267487","509,1",1,8,"464,91","958,64","33,19","2,2616","-4,0772","-1,4564","0,035",0,"0,1249","1,7554","0,0571","7,3942","0,2285","-0,063","0,9497","-2,4872","-1,5994","-0,3662","-127,9887","8,5981","62,3456","-4,72","-12,97","-175,04",1,,,,
298645,144131,"-21,9416008","-48,95267487","509,1",1,8,"464,91","958,64","33,19","2,2616","-4,0772","-1,4683","0,0349",0,"0,1282","1,7495","0,0571","7,3882","0,2222","-0,0576","0,9453","0,6226","0,9006","2,0729","-128,0029","8,638","62,854","-4,84","-13,04","-174,99",1,,,,
298745,144131,"-21,9416008","-48,95267487","509,1",1,8,"464,91","958,64","33,19","2,2616","-4,0772","-1,4782","0,035",0,"0,1307","1,7541","0,0571","7,3707","0,2158","-0,0356","0,937","-0,353","-0,197","-1,6466","-128,287","8,2527","62,8412","-4,89","-13,08","-174,92",1,,,,
298845,144131,"-21,9416008","-48,95267487","509,1",1,8,"464,91","958,64","33,19","2,2616","-4,0772","-1,4865","0,0337",0,"0,1336","1,6892","0,0571","7,3941","0,2139","-0,0464","0,9517","0,3787","-1,4774","1,829","-128,9619","9,547","62,5475","-4,85","-13,13","-174,93",1,,,,
298945,144132,"-21,9416008","-48,95267487","509,1",1,8,"464,91","958,64","33,19","2,2616","-4,0772","-1,4935","0,0343",0,"0,1343","1,7209","0,0571","7,3316","0,23","-0,0601","0,9282","-1,0848","-1,7213","-1,8296","-128,8499","8,6457","63,1296","-4,81","-13,19","-174,92",1,,,,
299221,144132,"-21,9416008","-48,95267487","509,1",1,8,"465,27","958,6","33,19","2,2616","-4,0772","-1,5579","0,0361",0,"0,0512","1,8074","0,0571","7,3811","0,2451","-0,0459","0,9575","0,4396","-1,9043","-0,2442","-128,8509","7,8632","62,8354","-4,79","-13,48","-175,16",1,,,,
299268,144132,"-21,9416008","-48,95267487","509,1",1,8,"465,27","958,6","33,19","2,2617","-4,0772","-1,6118","0,0358",0,"0,067","1,7932","0,0571","7,3976","0,2246","-0,0522","0,9517","-2,7311","0,7177","1,768","-128,6983","8,0259","62,4605","-4,77","-13,51","-175,2",1,,,,
299368,144132,"-21,9416008","-48,95267487","509,1",1,8,"465,27","958,6","33,19","2,2617","-4,0772","-1,6568","0,0359",0,"0,0799","1,8006","0,0571","7,3953","0,2261","-0,0532","0,9482","-1,7555","0,1079","1,0973","-128,8143","8,5459","61,8585","-4,8","-13,57","-175,24",1,,,,
299468,144132,"-21,9416008","-48,95267487","509,1",1,8,"465,27","958,6","33,19","2,2617","-4,0772","-1,6943","0,036",0,"0,091","1,8047","0,0571","7,406","0,2334","-0,0527","0,9492","0,5006","-2,3311","0,4265","-128,8184","8,1646","61,8385","-4,85","-13,58","-175,27",1,,,,
299568,144132,"-21,9416008","-48,95267487","509,1",1,8,"465,27","958,6","33,19","2,2617","-4,0772","-1,7258","0,0354",0,"0,099","1,7726","0,0571","7,3563","0,2222","-0,0483","0,9404","-0,1091","1,7543","1,646","-128,4437","7,7086","63,1961","-4,84","-13,61","-175,26",1,,,,
299721,144132,"-21,9416008","-48,95267487","509,1",1,8,"465,27","958,6","33,2","2,2617","-4,0772","-1,752","0,0345",0,"0,1067","1,73","0,0571","7,3613","0,2134","-0,0552","0,9419","-0,0482","0,9616","0,6704","-128,9823","7,6406","62,4477","-4,83","-13,57","-175,17",1,,,,
299768,144132,"-21,9416008","-48,95267487","509,1",1,8,"465,27","958,6","33,2","2,2617","-4,0772","-1,7739","0,0353",0,"0,1132","1,772","0,0571","7,3695","0,2358","-0,0381","0,9468","-0,1701","-0,014","-0,3052","-128,9894","7,6605","62,7019","-4,81","-13,47","-175,07",1,,,,
299868,144133,"-21,9416008","-48,95267487","509,1",1,8,"465,27","958,6","33,2","2,2617","-4,0772","-1,7922","0,0353",0,"0,1179","1,7687","0,0571","7,3435","0,2256","-0,0542","0,9429","-1,4506","0,1689","1,3412","-128,7064","7,2634","62,4206","-4,78","-13,39",-175,1,,,,
299968,144133,"-21,9416008","-48,95267487","509,1",1,8,"465,27","958,6","33,2","2,2617","-4,0772","-1,8075","0,0348",0,"0,1228","1,7423","0,0571","7,3682","0,2192","-0,0547","0,9453","-0,414","0,3518","1,0363","-128,6942","8,4072","62,4805","-4,83","-13,39","-174,88",1,,,,
300068,144133,"-21,9416008","-48,95267487","509,1",1,8,"465,27","958,6","33,2","2,2617","-4,0772","-1,8203","0,0349",0,"0,1271","1,7493","0,0571","7,4002","0,2314","-0,0493","0,9497","-1,2677","1,6933","-1,4637","-128,969","9,567","62,8017","-4,89","-13,41","-174,76",1,,,,
300221,144133,"-21,9416008","-48,95267487","509,1",1,8,"465,27","958,6","33,22","2,2617","-4,0772","-1,831","0,035",0,"0,1296","1,7532","0,0571","7,3694","0,2275","-0,0522","0,9448","-0,6579","-0,9896","1,4021","-128,684","7,986","61,9521","-4,89","-13,37","-174,82",1,,,,
300268,144133,"-21,9416008","-48,95267487","509,1",1,8,"465,27","958,6","33,22","2,2617","-4,0772","-1,8399","0,0349",0,"0,1323","1,7495","0,0571","7,3737","0,2227","-0,0601","0,9463","-0,353","1,3274","1,5241","-129,247","8,3791","62,2405","-4,89","-13,33","-174,9",1,,,,
300368,144133,"-21,9416008","-48,95267487","509,1",1,8,"465,27","958,6","33,22","2,2617","-4,0772","-1,8474","0,0341",0,"0,1347","1,7076","0,0571","7,3867","0,21","-0,0586","0,9507","0,6835","1,3274","-2,9271","-129,9494","7,787","62,1012","-4,91","-13,26","-174,9",1,,,,
300468,144133,"-21,9416008","-48,95267487","509,1",1,8,"465,27","958,6","33,22","2,2617","-4,0772","-1,8536","0,0349",0,"0,1367","1,7499","0,0571","7,3971","0,2344","-0,0376","0,9507","0,0128","1,4494","-0,3052","-128,7054","8,0459","62,7148","-4,91","-13,19","-174,96",1,,,,
300568,144133,"-21,9416008","-48,95267487","509,1",1,8,"465,27","958,6","33,22","2,2617","-4,0772","-1,8588","0,0349",0,"0,1385","1,752","0,0571","7,4147","0,2212","-0,0479","0,9478","-0,1701","-0,3189","2,4997","-129,3874","9,3602","62,6753","-4,86","-13,15","-175,05",1,,,,
300721,144133,"-21,9416008","-48,95267487","509,1",1,8,"465,12","958,62","33,24","2,2617","-4,0772","-1,8384","0,0352",0,"0,1767","1,7647","0,0571","7,4499","0,2334","-0,0581","0,9517","-1,9384","1,3884","0,6095","-128,2656","8,1928","62,0785","-4,78","-13,16","-174,98",1,,,,
300768,144133,"-21,9416008","-48,95267487","509,1",1,8,"465,12","958,62","33,24","2,2617","-4,0772","-1,8213","0,035",0,"0,1713","1,7532","0,0571","7,4243","0,2212","-0,0557","0,9443","-0,597","0,6567","-3,5369","-128,9487","8,7246","61,7449","-4,76","-13,16","-174,89",1,,,,
300868,144134,"-21,9416008","-48,95267487","509,1",1,8,"465,12","958,62","33,24","2,2618","-4,0772","-1,807","0,0358",0,"0,1671","1,7937","0,0571","7,4197","0,2358","-0,0381","0,9565","-0,536","-1,2945","0,1826","-128,9843","8,8244","63,016","-4,75","-13,17","-174,93",1,,,,
300968,144134,"-21,9416008","-48,95267487","509,1",1,8,"465,12","958,62","33,24","2,2618","-4,0772","-1,7951","0,035",0,"0,164","1,7556","0,0571","7,4364","0,2124","-0,0454","0,9541","-1,6335","-0,9287","3,7802","-128,6911","8,006","62,2063","-4,74","-13,26",-175,1,,,,
301068,144134,"-21,9416008","-48,95267487","509,1",1,8,"465,12","958,62","33,24","2,2618","-4,0772","-1,7852","0,0344",0,"0,1599","1,7237","0,0571","7,3754","0,2168","-0,0474","0,9419","-0,7189","0,1079","-0,6101","-128,8184","8,1646","61,8385","-4,79","-13,32","-174,86",1,,,,
301394,144134,"-21,9416008","-48,95267487","509,1",1,8,"465,35","958,59","33,24","2,2618","-4,0772","-1,8151","0,0351",0,"0,1014","1,7608","0,0571","7,3662","0,2285","-0,0605","0,9429","-1,2677","2,1201","-0,9759","-128,969","9,567","62,8017","-4,72","-13,4","-174,76",1,,,,
301441,144134,"-21,9416008","-48,95267487","509,1",1,8,"465,35","958,59","33,24","2,2618","-4,0772","-1,8401","0,0351",0,"0,1084","1,7619","0,0571","7,3585","0,2251","-0,0513","0,9419","1,903","2,1201","-4,0247","-128,4142","8,4113","62,4734","-4,67","-13,37","-174,82",1,,,,
301541,144134,"-21,9416008","-48,95267487","509,1",1,8,"465,35","958,59","33,24","2,2618","-4,0772","-1,861","0,0361",0,"0,1145","1,8109","0,0571","7,3613","0,23","-0,0542","0,9463","1,7201","0,7177","-5,2442","-129,3945","9,3802","62,9295","-4,49","-13,32","-175,08",1,,,,
301641,144134,"-21,9416008","-48,95267487","509,1",1,8,"465,35","958,59","33,24","2,2618","-4,0772","-1,8785","0,0355",0,"0,1205","1,7804","0,0571","7,4106","0,2275","-0,0474","0,9551","-0,9628","1,2055","1,4021","-128,5497","7,8074","62,0657","-4,24","-13,32","-175,43",1,,,,
301741,144134,"-21,9416008","-48,95267487","509,1",1,8,"465,35","958,59","33,24","2,2618","-4,0772","-1,893","0,0346",0,"0,1248","1,7363","0,0571","7,4125","0,2139","-0,0522","0,9561","-0,6579","1,3274","1,4631","-128,285","7,0689","62,2729","-4,13","-13,34","-175,54",1,,,,
301894,144135,"-21,9416008","-48,95267487","509,1",1,8,"465,35","958,59","33,25","2,2618","-4,0772","-1,9052","0,0346",0,"0,1287","1,7365","0,0571","7,4319","0,2192","-0,0547","0,9438","0,0738","-0,014","-0,9149","-129,9667","8,2282","62,8838","-4,15","-13,29","-175,44",1,,,,
301941,144135,"-21,9416008","-48,95267487","509,1",1,8,"465,35","958,59","33,25","2,2618","-4,0772","-1,9154","0,0348",0,"0,1315","1,745","0,0571","7,4275","0,2251","-0,0474","0,9497","-0,9628","-1,1726","-1,6466","-127,9775","8,9594","62,1113","-4,15","-13,23","-175,37",1,,,,
302041,144135,"-21,9416008","-48,95267487","509,1",1,8,"465,35","958,59","33,25","2,2618","-4,0772","-1,9239","0,0346",0,"0,1335","1,7344","0,0571","7,4059","0,2178","-0,043","0,9414","-2,1213","0,1079","6,0363","-128,116","8,7568","61,9778","-4,16","-13,23","-175,33",1,,,,
302141,144135,"-21,9416008","-48,95267487","509,1",1,8,"465,35","958,59","33,25","2,2618","-4,0772","-1,931","0,0348",0,"0,1342","1,7462","0,0571","7,3391","0,229","-0,0698","0,9302","-0,414","3,2177","3,4753","-128,5497","7,8074","62,0657","-4,3","-13,2","-175,07",1,,,,
302241,144135,"-21,9416008","-48,95267487","509,1",1,8,"465,35","958,59","33,25","2,2618","-4,0772","-1,9369","0,0357",0,"0,1367","1,7875","0,0571","7,3776","0,2305","-0,0586","0,9517","0,0738","-0,2579","-3,9637","-128,8195","7,3821","61,5444","-4,44","-13,08","-174,77",1,,,,
302394,144135,"-21,9416008","-48,95267487","509,1",1,8,"465,12","958,62","33,24","2,2618","-4,0772","-1,9037","0,035",0,"0,1949","1,7531","0,0571","7,4185","0,229","-0,0591","0,9492","-1,0238","1,0226","-3,9027","-129,1197","8,2205","62,6083","-4,4","-13,03","-174,86",1,,,,
302441,144135,"-21,9416008","-48,95267487","509,1",1,8,"465,12","958,62","33,24","2,2618","-4,0772","-1,8759","0,0348",0,"0,1859","1,7465","0,0571","7,3707","0,2217","-0,0479","0,9336","0,1957","-1,2335","0,9143","-129,3884","8,5777","62,3811","-4,31","-13,02","-175,2",1,,,,
302541,144135,"-21,9416008","-48,95267487","509,1",1,8,"465,12","958,62","33,24","2,2618","-4,0772","-1,8526","0,0353",0,"0,1798","1,768","0,0571","7,3973","0,231","-0,0425","0,9541","0,6835","0,047","-0,3662","-127,8412","7,597","61,6566","-4,24","-13,04","-175,45",1,,,,
302641,144135,"-21,9416008","-48,95267487","509,1",1,8,"465,12","958,62","33,24","2,2618","-4,0772","-1,8332","0,034",0,"0,1739","1,7051","0,0571","7,384","0,2104","-0,0625","0,938","1,1104","-0,5628","1,1582","-128,1231","8,7767","62,232","-4,19","-13,08","-175,53",1,,,,
302741,144135,"-21,9416008","-48,95267487","509,1",1,8,"465,12","958,62","33,24","2,2618","-4,0772","-1,817","0,035",0,"0,1687","1,753","0,0571","7,359","0,2324","-0,0581","0,9443","-0,7799","-0,9287","2,3168","-128,8214","8,5659","62,1127","-4,16","-13,09","-175,46",1,,,,
302894,144136,"-21,9416008","-48,95267487","509,1",1,8,"465,12","958,62","33,26","2,2618","-4,0772","-1,8039","0,0347",0,"0,1638","1,742","0,0571","7,3413","0,2241","-0,0444","0,9438","-0,6579","0,8396","0,0607","-128,9772","8,8044","62,7618","-4,18","-13,12","-175,24",1,,,,
302941,144136,"-21,9416008","-48,95267487","509,1",1,8,"465,12","958,62","33,26","2,2618","-4,0772","-1,793","0,0352",0,"0,1611","1,7646","0,0571","7,364","0,2305","-0,0479","0,9497","-1,3896","-0,4409","-1,0369","-127,9786","8,1769","61,8172","-4,22","-13,17","-175,05",1,,,,
303041,144136,"-21,9416008","-48,95267487","509,1",1,8,"465,12","958,62","33,26","2,2618","-4,0772","-1,7838","0,0355",0,"0,1589","1,7797","0,0571","7,3835","0,2285","-0,0518","0,9468","-0,0482","-0,075","0,9753","-129,8181","8,0096","62,489","-4,23","-13,18","-174,98",1,,,,
303141,144136,"-21,9416008","-48,95267487","509,1",1,8,"465,12","958,62","33,26","2,2618","-4,0772","-1,7762","0,035",0,"0,1581","1,7535","0,0571","7,4534","0,2246","-0,0479","0,9604","-1,2067","1,8152","-0,671","-128,8469","8,2445","62,8554","-4,2","-13,15","-174,94",1,,,,
303241,144136,"-21,9416008","-48,95267487","509,1",1,8,"465,12","958,62","33,26","2,2619","-4,0772","-1,7698","0,0352",0,"0,1555","1,7623","0,0571","7,4147","0,2275","-0,0527","0,9473","-0,7799","1,2055","-0,0613","-129,248","7,5966","61,9463","-4,22","-13,08","-174,92",1,,,,
303517,144136,"-21,9416008","-48,95267487","509,1",1,8,"465,03","958,63","33,26","2,2619","-4,0772","-1,7496","0,0352",0,"0,1757","1,7628","0,0571","7,4235","0,2266","-0,0581","0,9561","-0,475","0,7177","0,3046","-127,8279","9,5234","62,0106","-4,38","-13,03","-174,73",1,,,,
303564,144136,"-21,9416008","-48,95267487","509,1",1,8,"465,03","958,63","33,26","2,2619","-4,0772","-1,7328","0,0347",0,"0,1707","1,7404","0,0571","7,413","0,2173","-0,064","0,9468","0,1957","-0,2579","-1,5247","-128,9873","9,2256","63,2902","-4,41","-13,02","-174,68",1,,,,
303664,144136,"-21,9416008","-48,95267487","509,1",1,8,"465,03","958,63","33,26","2,2619","-4,0772","-1,7188","0,0348",0,"0,1657","1,7463","0,0571","7,3689","0,2314","-0,0464","0,9429","-2,1823","-0,014","0,3046","-129,3742","8,5378","61,8727","-4,44",-13,"-174,68",1,,,,
303764,144136,"-21,9416008","-48,95267487","509,1",1,8,"465,03","958,63","33,26","2,2619","-4,0772","-1,7071","0,0338",0,"0,1625","1,6953","0,0571","7,3766","0,2183","-0,0542","0,9521","-1,9994","1,0226","1,1582","-129,1238","7,8392","62,5883","-4,5","-12,98","-174,73",1,,,,
303864,144137,"-21,9416008","-48,95267487","509,1",1,8,"465,03","958,63","33,26","2,2618","-4,0772","-1,6973","0,0337",0,"0,1612","1,6888","0,0571","7,4532","0,2153","-0,0479","0,9697","0,9274","-0,8677","-1,5857","-128,5374","8,9513","62,1255","-4,53","-13,01","-174,74",1,,,,
304017,144137,"-21,9416008","-48,95267487","509,1",1,8,"465,12","958,62","33,26","2,2618","-4,0772","-1,7039","0,0345",0,"0,1367","1,7278","0,0571","7,4276","0,2334","-0,0527","0,9473","-2,1213","-0,5018","1,4631","-127,8508","8,4095","62,3321","-4,5","-13,12","-174,76",1,,,,
304064,144137,"-21,9416008","-48,95267487","509,1",1,8,"465,12","958,62","33,26","2,2618","-4,0772","-1,7094","0,0347",0,"0,1387","1,7417","0,0571","7,4475","0,2261","-0,0493","0,9575","-0,353","0,2299","-2,8052","-128,5527","8,2087","62,3398","-4,52","-13,23","-174,75",1,,,,
304164,144137,"-21,9416008","-48,95267487","509,1",1,8,"465,12","958,62","33,26","2,2618","-4,0772","-1,714","0,0351",0,"0,1391","1,7593","0,0571","7,3999","0,2295","-0,0513","0,9429","-2,3043","0,5957","1,5851","-129,6684","8,5736","62,3882","-4,54","-13,31","-174,8",1,,,,
304264,144137,"-21,9416008","-48,95267487","509,1",1,8,"465,12","958,62","33,26","2,2618","-4,0772","-1,7178","0,035",0,"0,14","1,7553","0,0571","7,3905","0,2266","-0,043","0,9473","-0,6579","-0,5628","0,9753","-128,4407","7,3074","62,9219","-4,63","-13,33","-174,84",1,,,,
304364,144137,"-21,9416008","-48,95267487","509,1",1,8,"465,12","958,62","33,26","2,2618","-4,0772","-1,721","0,0345",0,"0,141","1,7277","0,0571","7,3948","0,2192","-0,0532","0,9551","0,5616","0,1079","-0,4271","-128,2747","9,3965","62,9011","-4,75","-13,33","-174,82",1,,,,
304517,144137,"-21,9416008","-48,95267487","509,1",1,8,"465,27","958,6","33,27","2,2618","-4,0772","-1,7476","0,0349",0,"0,1067","1,7493","0,0571","7,3895","0,2271","-0,0537","0,9434","-0,2921","0,8396","0,9753","-128,8255","8,1846","62,0927","-4,78","-13,32","-174,78",1,,,,
304564,144137,"-21,9416008","-48,95267487","509,1",1,8,"465,27","958,6","33,27","2,2619","-4,0772","-1,7698","0,0349",0,"0,1137","1,7496","0,0571","7,418","0,2236","-0,0547","0,9565","-0,1091","-0,4409","-1,0369","-129,2592","7,2352","62,1806","-4,76","-13,27","-174,71",1,,,,
304664,144137,"-21,9416008","-48,95267487","509,1",1,8,"465,27","958,6","33,27","2,2618","-4,0772","-1,7884","0,0344",0,"0,1193","1,7226","0,0571","7,4305","0,2212","-0,0435","0,9575","-1,5726","-1,2335","0,9753","-128,2727","8,2127","62,3327","-4,71","-13,2","-174,65",1,,,,
304764,144137,"-21,9416008","-48,95267487","509,1",1,8,"465,27","958,6","33,27","2,2618","-4,0772","-1,8039","0,0343",0,"0,1231","1,7221","0,0571","7,3976","0,2173","-0,0713","0,9463","-1,3287","-0,075","-2,2564","-128,3959","8,7527","61,9849","-4,68","-13,15","-174,57",1,,,,
304864,144137,"-21,9416008","-48,95267487","509,1",1,8,"465,27","958,6","33,27","2,2618","-4,0772","-1,8168","0,0347",0,"0,1267","1,7399","0,0571","7,3926","0,2241","-0,0503","0,9487","-0,8409","1,9982","-1,5247","-128,6983","8,0259","62,4605","-4,67","-13,13","-174,57",1,,,,
305017,144137,"-21,9416008","-48,95267487","509,1",1,8,"465,27","958,6","33,29","2,2618","-4,0772","-1,8276","0,035",0,"0,1315","1,7524","0,0571","7,4724","0,2261","-0,0513","0,9678","-1,1457","-2,8189","-1,8905","-128,9304","9,0659","61,2564","-4,67","-13,08","-174,61",1,,,,
305064,144137,"-21,9416008","-48,95267487","509,1",1,8,"465,27","958,6","33,29","2,2618","-4,0772","-1,8367","0,0346",0,"0,1331","1,7345","0,0571","7,4242","0,2178","-0,0698","0,939","1,2933","0,2299","1,4631","-129,2541","8,3991","62,4947","-4,69","-13,11","-174,65",1,,,,
305164,144137,"-21,9416008","-48,95267487","509,1",1,8,"465,27","958,6","33,29","2,2619","-4,0772","-1,8442","0,035",0,"0,1355","1,7572","0,0571","7,435","0,2334","-0,0518","0,958","-1,8774","1,6323","-2,2564","-128,3837","9,8966","62,0448","-4,7","-13,13","-174,69",1,,,,
305264,144137,"-21,9416008","-48,95267487","509,1",1,8,"465,27","958,6","33,29","2,2619","-4,0772","-1,8505","0,0357",0,"0,1366","1,7874","0,0571","7,3985","0,23","-0,0469","0,938","-1,2067","0,8396","0,4265","-128,8357","8,6058","62,6211","-4,72","-13,11","-174,82",1,,,,
305364,144137,"-21,9416008","-48,95267487","509,1",1,8,"465,27","958,6","33,29","2,2619","-4,0772","-1,8558","0,0354",0,"0,1381","1,7747","0,0571","7,4011","0,2192","-0,0513","0,9487","-1,7555","1,0835","-1,5247","-128,8398","8,2245","62,6012","-4,74","-13,11","-174,93",1,,,,
305654,144137,"-21,9416008","-48,95267487","509,1",1,8,"465,27","958,6","33,31","2,2619","-4,0772","-1,8602","0,0352",0,"0,1393","1,7629","0,0571","7,3956","0,2256","-0,0532","0,9526","-1,4506","-0,3189","1,3412","-128,4284","8,4512","62,9818","-4,8","-12,92","-174,82",1,,,,
305701,144137,"-21,9416008","-48,95267487","509,1",1,8,"465,27","958,6","33,31","2,2619","-4,0772","-1,8639","0,0345",0,"0,1402","1,7303","0,0571","7,3863","0,2139","-0,0396","0,9443","0,8665","-1,1726","-0,0003","-128,4274","9,2338","63,276","-4,8","-12,86","-174,74",1,,,,
305801,144137,"-21,9416008","-48,95267487","509,1",1,8,"465,27","958,6","33,31","2,2619","-4,0772","-1,867","0,0346",0,"0,1409","1,7349","0,0571","7,3803","0,2207","-0,0532","0,9434","1,4152","3,1567","2,0119","-128,5232","8,9114","61,6171","-4,78","-12,82","-174,61",1,,,,
305901,144139,"-21,9416008","-48,95267487","509,1",1,8,"465,27","958,6","33,31","2,2619","-4,0772","-1,8695","0,034",0,"0,1424","1,7025","0,0571","7,4172","0,2168","-0,0483","0,9565","1,0494","-1,3555","0,6095","-128,3959","8,7527","61,9849","-4,71","-12,78","-174,52",1,,,,
306001,144139,"-21,9416008","-48,95267487","509,1",1,8,"465,27","958,6","33,31","2,2619","-4,0772","-1,8717","0,0342",0,"0,1438","1,7129","0,0571","7,457","0,2227","-0,0562","0,9595","-2,6091","1,8762","-0,1832","-128,2971","8,6739","63,3696","-4,65","-12,84","-174,51",1,,,,
306154,144139,"-21,9416008","-48,95267487","509,1",1,8,"465,12","958,62","33,33","2,2619","-4,0772","-1,8491","0,0337",0,"0,1795","1,6894","0,0571","7,4371","0,2222","-0,0444","0,9502","-0,8409","-0,3189","1,4631","-128,1241","7,9942","61,9379","-4,69","-12,89","-174,51",1,,,,
306201,144139,"-21,9416008","-48,95267487","509,1",1,8,"465,12","958,62","33,33","2,2618","-4,0772","-1,8303","0,0335",0,"0,1737","1,6818","0,0571","7,4154","0,2148","-0,0415","0,9443","-1,3287","0,5348","-1,7076","-128,4082","7,6088","61,925","-4,74","-12,9","-174,48",1,,,,
306301,144139,"-21,9416008","-48,95267487","509,1",1,8,"465,12","958,62","33,33","2,2618","-4,0772","-1,8146","0,0339",0,"0,1688","1,7016","0,0571","7,396","0,2202","-0,0591","0,9438","-0,0482","-3,6726","-0,4881","-129,6766","7,811","62,3483","-4,76","-12,89","-174,49",1,,,,
306401,144139,"-21,9416008","-48,95267487","509,1",1,8,"465,12","958,62","33,33","2,2618","-4,0772","-1,8014","0,0342",0,"0,1654","1,7149","0,0571","7,4182","0,2231","-0,0405","0,9512","-1,0848","-2,3921","0,7314","-128,7125","8,0659","62,969","-4,73","-12,97","-174,55",1,,,,
306501,144139,"-21,9416008","-48,95267487","509,1",1,8,"465,12","958,62","33,33","2,2618","-4,0772","-1,7904","0,0342",0,"0,1613","1,7128","0,0571","7,3726","0,2168","-0,0571","0,9419","0,4396","1,0226","0,4875","-128,5486","8,5899","62,3598","-4,72","-13,08","-174,56",1,,,,
306654,144139,"-21,9416008","-48,95267487","509,1",1,8,"465,12","958,62","33,33","2,2618","-4,0772","-1,7813","0,0339",0,"0,1591","1,6994","0,0571","7,3909","0,2119","-0,0425","0,9458","-1,0848","2,1201","1,4021","-128,8509","7,8632","62,8354","-4,68","-13,06","-174,53",1,,,,
306701,144139,"-21,9416008","-48,95267487","509,1",1,8,"465,12","958,62","33,33","2,2618","-4,0772","-1,7736","0,0349",0,"0,1571","1,7506","0,0571","7,4002","0,2358","-0,0479","0,9502","-0,7189","2,364","2,0729","-129,141","8,2803","63,371","-4,64","-12,91","-174,51",1,,,,
306801,144139,"-21,9416008","-48,95267487","509,1",1,8,"465,12","958,62","33,33","2,2618","-4,0772","-1,7672","0,0343",0,"0,156","1,718","0,0571","7,4376","0,2188","-0,062","0,9595","-0,353","0,4738","-1,4637","-129,138","7,8791","63,0968","-4,6","-12,73","-174,49",1,,,,
306901,144140,"-21,9416008","-48,95267487","509,1",1,8,"465,12","958,62","33,33","2,2618","-4,0772","-1,7618","0,0343",0,"0,1546","1,7186","0,0571","7,4452","0,2217","-0,0449","0,9507","-1,8165","0,1079","4,8777","-128,2697","7,8115","62,0585","-4,52","-12,66","-174,52",1,,,,
307001,144140,"-21,9416008","-48,95267487","509,1",1,8,"465,12","958,62","33,33","2,2618","-4,0772","-1,7574","0,035",0,"0,1531","1,755","0,0571","7,4362","0,2295","-0,0645","0,958","-1,6945","-1,2335","0,2436","-128,2717","8,9953","62,6269","-4,52","-12,67","-174,39",1,,,,
307154,144140,"-21,9416008","-48,95267487","509,1",1,8,"465,27","958,6","33,33","2,2618","-4,0772","-1,778","0,0353",0,"0,1158","1,7694","0,0571","7,4065","0,2222","-0,0503","0,9521","-0,7799","-0,9287","-1,0369","-129,1156","8,6017","62,6282","-4,63","-12,73","-174,22",1,,,,
307201,144140,"-21,9416008","-48,95267487","509,1",1,8,"465,27","958,6","33,33","2,2618","-4,0772","-1,7952","0,035",0,"0,1212","1,7565","0,0571","7,427","0,2212","-0,0366","0,9556","-0,6579","1,3274","-0,9759","-127,9786","8,1769","61,8172","-4,71","-12,81","-174,18",1,,,,
307301,144140,"-21,9416008","-48,95267487","509,1",1,8,"465,27","958,6","33,33","2,2618","-4,0772","-1,8095","0,0353",0,"0,1245","1,7675","0,0571","7,3866","0,2329","-0,0552","0,9404","-1,3896","-0,197","2,9265","-129,2683","8,439","63,0032","-4,75","-12,86","-174,19",1,,,,
307401,144140,"-21,9416008","-48,95267487","509,1",1,8,"465,27","958,6","33,33","2,2618","-4,0772","-1,8216","0,0349",0,"0,1281","1,7474","0,0571","7,393","0,2153","-0,0493","0,9438","-1,6335","0,5348","1,1582","-128,1444","8,8366","62,9947","-4,8","-12,9","-174,14",1,,,,
307501,144140,"-21,9416008","-48,95267487","509,1",1,8,"465,27","958,6","33,33","2,2618","-4,0772","-1,8316","0,035",0,"0,1311","1,7539","0,0571","7,3966","0,2236","-0,0557","0,9443","-0,353","-0,075","-1,5857","-128,2747","9,3965","62,9011","-4,83","-12,92","-174,08",1,,,,
307777,144140,"-21,9416008","-48,95267487","509,1",1,8,"465,12","958,62","33,34","2,2618","-4,0772","-1,8157","0,0348",0,"0,1695","1,7452","0,0571","7,4144","0,2231","-0,0576","0,9487","1,903","-0,014","-0,9149","-128,1455","8,0541","62,7005","-4,61","-13,02","-174,35",1,,,,
307824,144140,"-21,9416008","-48,95267487","509,1",1,8,"465,12","958,62","33,34","2,2618","-4,0772","-1,8023","0,0351",0,"0,165","1,7597","0,0571","7,3822","0,228","-0,0591","0,9385","-0,9018","-1,3555","-1,2198","-129,1217","9,4042","63,1766","-4,55","-13,04","-174,4",1,,,,
307924,144140,"-21,9416008","-48,95267487","509,1",1,8,"465,12","958,62","33,34","2,2618","-4,0772","-1,7912","0,0341",0,"0,162","1,7105","0,0571","7,3952","0,2109","-0,041","0,9521","-1,7555","-1,2335","0,5485","-128,1465","7,2715","62,4064","-4,47","-13,16","-174,49",1,,,,
308024,144140,"-21,9416008","-48,95267487","509,1",1,8,"465,12","958,62","33,34","2,2618","-4,0772","-1,7819","0,0347",0,"0,1596","1,7405","0,0571","7,4074","0,229","-0,0527","0,9497","-0,6579","-0,2579","2,0119","-128,9955","8,463","63,2503","-4,49","-13,28","-174,5",1,,,,
308124,144140,"-21,9416008","-48,95267487","509,1",1,8,"465,12","958,62","33,34","2,2618","-4,0772","-1,7741","0,035",0,"0,1572","1,7541","0,0571","7,4008","0,23","-0,0713","0,9536","-0,536","-3,3677","-1,7076","-128,118","9,9406","62,5461","-4,53","-13,33","-174,43",1,,,,
308277,144140,"-21,9416008","-48,95267487","509,1",1,8,"465,12","958,62","33,35","2,2618","-4,0772","-1,7676","0,0346",0,"0,1552","1,7323","0,0571","7,3925","0,2148","-0,0469","0,9502","-0,1091","0,2299","-1,8296","-128,4213","8,4313","62,7276","-4,57","-13,41","-174,41",1,,,,
308324,144140,"-21,9416008","-48,95267487","509,1",1,8,"465,12","958,62","33,35","2,2618","-4,0772","-1,7622","0,0351",0,"0,1532","1,7593","0,0571","7,3726","0,231","-0,0625","0,9404","0,5006","3,2787","1,2192","-128,5344","8,55","61,8514","-4,6","-13,45","-174,47",1,,,,
308424,144140,"-21,9416008","-48,95267487","509,1",1,8,"465,12","958,62","33,35","2,2619","-4,0772","-1,7577","0,035",0,"0,1523","1,7542","0,0571","7,3905","0,2231","-0,0713","0,9487","0,0738","1,8152","-1,0979","-129,139","7,0965","62,8026","-4,59","-13,37","-174,49",1,,,,
308524,144140,"-21,9416008","-48,95267487","509,1",1,8,"465,12","958,62","33,35","2,2619","-4,0772","-1,7539","0,035",0,"0,1513","1,757","0,0571","7,3985","0,2256","-0,0342","0,9502","-2,6091","-2,3921","-2,9271","-129,253","9,1816","62,7889","-4,53","-13,26","-174,54",1,,,,
308624,144140,"-21,9416008","-48,95267487","509,1",1,8,"465,12","958,62","33,35","2,2619","-4,0772","-1,7507","0,0352",0,"0,1514","1,7623","0,0571","7,4487","0,229","-0,0581","0,9604","-0,475","0,2299","2,7436","-128,684","7,986","61,9521","-4,48","-13,31","-174,65",1,,,,
308777,144140,"-21,9416008","-48,95267487","509,1",1,8,"465,27","958,6","33,36","2,2619","-4,0772","-1,7724","0,0345",0,"0,1142","1,7286","0,0571","7,404","0,2163","-0,061","0,9458","0,0128","-0,075","-1,3418","-129,2765","7,6764","62,9632","-4,48","-13,37","-174,6",1,,,,
308824,144140,"-21,9416008","-48,95267487","509,1",1,8,"465,27","958,6","33,36","2,2619","-4,0772","-1,7905","0,0343",0,"0,1192","1,7193","0,0571","7,3936","0,2183","-0,0513","0,9448","0,0738","0,6567","0,6704","-129,2571","8,8003","62,7689","-4,48","-13,36","-174,49",1,,,,
308924,144142,"-21,9416008","-48,95267487","509,1",1,8,"465,27","958,6","33,36","2,2619","-4,0772","-1,8057","0,0354",0,"0,1239","1,7723","0,0571","7,4114","0,2339","-0,0454","0,9517","-0,6579","0,047","1,5851","-128,2788","9,0152","62,8811","-4,47","-13,27","-174,45",1,,,,
309024,144142,"-21,9416008","-48,95267487","509,1",1,8,"465,27","958,6","33,36","2,2619","-4,0772","-1,8183","0,0357",0,"0,1275","1,7901","0,0571","7,4098","0,2314","-0,0479","0,9502","-2,2433","-0,3189","3,7192","-128,2585","8,1728","61,8243","-4,49","-13,14","-174,4",1,,,,
309124,144142,"-21,9416008","-48,95267487","509,1",1,8,"465,27","958,6","33,36","2,2619","-4,0772","-1,8289","0,0356",0,"0,1303","1,7826","0,0571","7,3969","0,229","-0,0532","0,9468","-1,2067","-1,9043","-2,1954","-129,248","7,5966","61,9463","-4,57","-13,05","-174,21",1,,,,
309277,144142,"-21,9416008","-48,95267487","509,1",1,8,"465,27","958,6","33,36","2,2619","-4,0772","-1,8382","0,0352",0,"0,1319","1,7667","0,0571","7,3782","0,2197","-0,0542","0,9453","-0,536","-1,1116","-1,2808","-129,3925","8,1964","62,3612","-4,65","-13,08","-174,16",1,,,,
309324,144142,"-21,9416008","-48,95267487","509,1",1,8,"465,27","958,6","33,36","2,2619","-4,0772","-1,8459","0,0351",0,"0,1335","1,7589","0,0571","7,3497","0,2227","-0,0488","0,936","0,1957","-2,3311","2,0119","-128,8326","8,2046","62,347","-4,67","-13,18","-174,25",1,,,,
309424,144142,"-21,9416008","-48,95267487","509,1",1,8,"465,27","958,6","33,36","2,2619","-4,0772","-1,8524","0,0353",0,"0,1359","1,7714","0,0571","7,3784","0,228","-0,0547","0,9478","-0,7189","-0,6238","1,9509","-128,6983","8,0259","62,4605","-4,65","-13,28","-174,26",1,,,,
309524,144142,"-21,9416008","-48,95267487","509,1",1,8,"465,27","958,6","33,36","2,2619","-4,0772","-1,8578","0,0355",0,"0,1381","1,7773","0,0571","7,4082","0,2231","-0,0522","0,9497","0,2567","2,425","-1,7076","-128,6901","8,7885","62,5005","-4,65","-13,36","-174,2",1,,,,
309624,144142,"-21,9416008","-48,95267487","509,1",1,8,"465,27","958,6","33,36","2,2619","-4,0772","-1,8623","0,0353",0,"0,1395","1,7698","0,0571","7,4144","0,2217","-0,0381","0,9561","-0,9628","0,2909","-1,0979","-128,9599","8,3632","61,9792","-4,61","-13,35","-174,28",1,,,,
309900,144143,"-21,9416008","-48,95267487","509,1",1,8,"465,12","958,62","33,38","2,2619","-4,0772","-1,8413","0,0348",0,"0,1774","1,7463","0,0571","7,4422","0,2197","-0,0508","0,9561","1,7811","0,2909","-3,4759","-128,568","7,466","62,5541","-4,57","-13,17","-174,16",1,,,,
309947,144143,"-21,9416008","-48,95267487","509,1",1,8,"465,12","958,62","33,38","2,2619","-4,0772","-1,8237","0,0354",0,"0,1718","1,7733","0,0571","7,4174","0,2324","-0,0371","0,9438","-1,0238","-1,2945","-0,9759","-129,5594","8,0736","63,2445","-4,55","-13,15","-174,11",1,,,,
310047,144143,"-21,9416008","-48,95267487","509,1",1,8,"465,12","958,62","33,38","2,2619","-4,0772","-1,8091","0,0361",0,"0,1677","1,8112","0,0571","7,4196","0,2354","-0,0415","0,9512","-2,0604","0,1079","2,6826","-128,1414","8,4354","62,7205","-4,51","-13,17","-174,12",1,,,,
310147,144143,"-21,9416008","-48,95267487","509,1",1,8,"465,12","958,62","33,38","2,2619","-4,0772","-1,7968","0,0358",0,"0,1637","1,7959","0,0571","7,3998","0,2222","-0,0615","0,9355","0,6226","-1,1726","4,0851","-128,5374","8,9513","62,1255","-4,5","-13,17","-174,05",1,,,,
310247,144143,"-21,9416008","-48,95267487","509,1",1,8,"465,12","958,62","33,38","2,2619","-4,0772","-1,7866","0,0345",0,"0,1605","1,7295","0,0571","7,383","0,209","-0,0552","0,9434","0,0128","0,5957","-2,9271","-129,7855","8,3111","61,492","-4,44","-13,18","-173,94",1,,,,
310400,144143,"-21,9416008","-48,95267487","509,1",1,8,"464,91","958,64","33,38","2,2619","-4,0772","-1,7437","0,035",0,"0,2082","1,7558","0,0571","7,3818","0,2231","-0,0449","0,9468","-0,9628","-1,8433","1,1582","-129,2601","9,2016","63,0431","-4,36","-13,14","-174,05",1,,,,
310447,144143,"-21,9416008","-48,95267487","509,1",1,8,"464,91","958,64","33,38","2,2619","-4,0772","-1,7079","0,0354",0,"0,1977","1,7771","0,0571","7,3723","0,2314","-0,0596","0,9429","0,7445","0,9006","0,8534","-129,251","7,9978","62,2205","-4,35","-13,15","-174,2",1,,,,
310547,144143,"-21,9416008","-48,95267487","509,1",1,8,"464,91","958,64","33,38","2,2619","-4,0772","-1,678","0,0342",0,"0,1897","1,7151","0,0571","7,4019","0,2168","-0,0581","0,9517","-1,1457","1,8762","-2,5003","-128,7043","8,8285","63,0089","-4,36","-13,13","-174,24",1,,,,
310647,144143,"-21,9416008","-48,95267487","509,1",1,8,"464,91","958,64","33,38","2,2619","-4,0772","-1,653","0,0351",0,"0,1823","1,7581","0,0571","7,3928","0,228","-0,0493","0,9419","-1,1457","3,7055","-2,0125","-129,3671","8,5178","61,6185","-4,4","-13,04","-174,31",1,,,,
310747,144143,"-21,9416008","-48,95267487","509,1",1,8,"464,91","958,64","33,38","2,2619","-4,0772","-1,6321","0,0348",0,"0,176","1,7459","0,0571","7,3821","0,2246","-0,0518","0,9497","-1,2677","-0,014","3,7802","-128,8326","8,2046","62,347","-4,43","-12,91","-174,45",1,,,,
310900,144143,"-21,9416008","-48,95267487","509,1",1,8,"464,58","958,68","33,39","2,2619","-4,0772","-1,5608","0,0344",0,"0,2502","1,7244","0,0571","7,3994","0,2207","-0,0508","0,9502","-0,2311","0,8396","2,6826","-128,8113","8,1447","61,5843","-4,51","-12,84","-174,37",1,,,,
310947,144143,"-21,9416008","-48,95267487","509,1",1,8,"464,58","958,68","33,39","2,2619","-4,0772","-1,5012","0,034",0,"0,2336","1,7063","0,0571","7,4306","0,2148","-0,0503","0,9585","0,0738","1,2055","-1,4637","-128,8378","7,0407","62,0328","-4,6","-12,8","-174,17",1,,,,
311047,144143,"-21,9416008","-48,95267487","509,1",1,8,"464,58","958,68","33,39","2,2619","-4,0772","-1,4514","0,0342",0,"0,2196","1,7167","0,0571","7,4476","0,2202","-0,0376","0,9551","-1,8165","0,4738","-0,4881","-129,1176","9,7855","63,1966","-4,61","-12,79","-174,07",1,,,,
311147,144143,"-21,9416008","-48,95267487","509,1",1,8,"464,58","958,68","33,39","2,2619","-4,0772","-1,4098","0,0347",0,"0,2081","1,7404","0,0571","7,4726","0,2231","-0,0439","0,9614","-1,3896","1,8762","2,3777","-128,5598","8,2286","62,5941","-4,61","-12,86","-174,15",1,,,,
311247,144143,"-21,9416008","-48,95267487","509,1",1,8,"464,58","958,68","33,39","2,2619","-4,0772","-1,375","0,0353",0,"0,1981","1,7716","0,0571","7,4727","0,2373","-0,0586","0,9556","-0,9628","2,1201","0,6704","-127,8625","7,6569","62,4192","-4,67","-12,86","-174,15",1,,,,
311400,144143,"-21,9416008","-48,95267487","509,1",1,8,"464,58","958,68","33,37","2,2619","-4,0772","-1,3455","0,0344",0,"0,1896","1,7267","0,0571","7,4316","0,2192","-0,0552","0,9478","0,2567","1,2055","-2,1345","-128,2708","7,0289","61,7644","-4,73","-12,73","-174,07",1,,,,
311447,144143,"-21,9416008","-48,95267487","509,1",1,8,"464,58","958,68","33,37","2,2619","-4,0772","-1,3209","0,035",0,"0,182","1,7553","0,0571","7,41","0,231","-0,0459","0,9438","-1,8165","0,3518","2,4387","-128,7125","8,0659","62,969","-4,7","-12,61","-174,09",1,,,,
311547,144143,"-21,9416008","-48,95267487","509,1",1,8,"464,58","958,68","33,37","2,2619","-4,0772","-1,3003","0,0349",0,"0,1757","1,752","0,0571","7,3868","0,2251","-0,061","0,9443","0,1348","-0,3189","3,4753","-128,4112","8,0101","62,1992","-4,69","-12,51","-174,06",1,,,,
311647,144143,"-21,9416008","-48,95267487","509,1",1,8,"464,58","958,68","33,37","2,2619","-4,0772","-1,2831","0,0346",0,"0,1711","1,7327","0,0571","7,4053","0,2188","-0,0615","0,9531","-0,2311","-2,575","2,0119","-128,8357","8,6058","62,6211","-4,74","-12,48","-173,84",1,,,,
311747,144143,"-21,9416008","-48,95267487","509,1",1,8,"464,58","958,68","33,37","2,2619","-4,0772","-1,2688","0,0348",0,"0,1675","1,7424","0,0571","7,4332","0,2188","-0,0366","0,9551","0,1348","1,6323","-3,293","-128,2687","8,594","62,3527","-4,81","-12,58","-173,62",1,,,,
312074,144145,"-21,9416008","-48,95267487","509,1",1,8,"465,27","958,6","33,35","2,2619","-4,0772","-1,3702","0,0341",0,"-0,0027","1,7115","0,0571","7,3927","0,2119","-0,0767","0,9414","-0,2311","-0,9287","3,4753","-129,2388","9,1417","62,2804","-4,53","-12,87","-173,97",1,,,,
312121,144145,"-21,9416008","-48,95267487","509,1",1,8,"465,27","958,6","33,35","2,2619","-4,0772","-1,4549","0,0348",0,"0,0216","1,7461","0,0571","7,3828","0,2314","-0,0352","0,9438","0,3177","0,1689","-0,4881","-129,135","7,4778","62,8226","-4,49","-12,89","-173,97",1,,,,
312221,144145,"-21,9416008","-48,95267487","509,1",1,8,"465,27","958,6","33,35","2,2619","-4,0772","-1,5257","0,0327",0,"0,0427","1,6373","0,0571","7,4198","0,1948","-0,0591","0,9648","-2,1823","1,5713","-0,9149","-129,1014","8,5618","62,1198","-4,48","-12,93","-173,88",1,,,,
312321,144145,"-21,9416008","-48,95267487","509,1",1,8,"465,27","958,6","33,35","2,2619","-4,0772","-1,5849","0,0333",0,"0,0598","1,6698","0,0571","7,4236","0,2202","-0,0649","0,9556","-0,8409","-1,1726","1,0973","-128,4315","8,8525","63,256","-4,52","-12,93","-173,84",1,,,,
312421,144145,"-21,9416008","-48,95267487","509,1",1,8,"465,27","958,6","33,35","2,2619","-4,0772","-1,6343","0,0329",0,"0,0751","1,6493","0,0571","7,4781","0,2144","-0,0454","0,9604","-0,6579","-0,2579","-3,7808","-128,2656","8,1928","62,0785","-4,5","-12,93","-173,94",1,,,,
312574,144145,"-21,9416008","-48,95267487","509,1",1,8,"464,91","958,64","33,35","2,2619","-4,0772","-1,6169","0,0356",0,"0,1719","1,7839","0,0571","7,4304","0,2437","-0,0566","0,9468","-2,1213","-1,7213","2,6826","-128,4183","8,03","62,4534","-4,46","-12,94","-174,11",1,,,,
312621,144145,"-21,9416008","-48,95267487","509,1",1,8,"464,91","958,64","33,35","2,2619","-4,0772","-1,6024","0,0354",0,"0,1681","1,7767","0,0571","7,4523","0,2246","-0,0635","0,9585","-0,7799","-0,5018","1,2192","-128,2717","8,9953","62,6269","-4,5",-13,"-174,14",1,,,,
312721,144145,"-21,9416008","-48,95267487","509,1",1,8,"464,91","958,64","33,35","2,2619","-4,0772","-1,5902","0,0352",0,"0,1654","1,7623","0,0571","7,4923","0,2261","-0,0405","0,98","1,4762","-0,014","-0,854","-128,97","8,7844","62,5076","-4,56","-13,04","-174,07",1,,,,
312821,144145,"-21,9416008","-48,95267487","509,1",1,8,"464,91","958,64","33,35","2,2619","-4,0772","-1,5801","0,035",0,"0,162","1,7566","0,0571","7,4697","0,2207","-0,04","0,9424","-0,6579","0,8396","-1,6466","-128,6983","8,0259","62,4605","-4,5","-13,02","-174,09",1,,,,
312921,144146,"-21,9416008","-48,95267487","509,1",1,8,"464,91","958,64","33,35","2,2619","-4,0772","-1,5716","0,0345",0,"0,1587","1,7278","0,0571","7,4268","0,2163","-0,0698","0,9531","-1,9384","1,2055","1,4021","-129,1126","8,2005","62,3541","-4,41",-13,"-174,2",1,,,,
313074,144146,"-21,9416008","-48,95267487","509,1",1,8,"464,58","958,68","33,35","2,2619","-4,0772","-1,5102","0,0345",0,"0,2362","1,7275","0,0571","7,4305","0,2251","-0,0601","0,9561","-1,2677","-0,8677","-1,4027","-128,4112","8,0101","62,1992","-4,42","-13,02","-174,26",1,,,,
313121,144146,"-21,9416008","-48,95267487","509,1",1,8,"464,58","958,68","33,35","2,2619","-4,0772","-1,4589","0,0351",0,"0,2214","1,7573","0,0571","7,428","0,2314","-0,0586","0,9502","0,1348","-0,3799","1,3412","-128,9741","8,4032","62,4876","-4,44","-13,09","-174,33",1,,,,
313221,144146,"-21,9416008","-48,95267487","509,1",1,8,"464,58","958,68","33,35","2,2619","-4,0772","-1,4161","0,0346",0,"0,2077","1,7349","0,0571","7,3582","0,208","-0,0317","0,9385","-0,6579","0,2909","2,3777","-128,4213","8,4313","62,7276","-4,47","-13,15","-174,35",1,,,,
313321,144146,"-21,9416008","-48,95267487","509,1",1,8,"464,58","958,68","33,35","2,2619","-4,0772","-1,3803","0,0335",0,"0,1986","1,6804","0,0571","7,4183","0,2168","-0,0547","0,9541","0,0128","-0,5018","-0,6101","-128,6921","9,9723","63,0688","-4,5","-13,15","-174,23",1,,,,
313421,144146,"-21,9416008","-48,95267487","509,1",1,8,"464,58","958,68","33,35","2,2619","-4,0772","-1,3504","0,0348",0,"0,1898","1,7449","0,0571","7,4119","0,2324","-0,0586","0,9521","0,4396","0,2909","-4,4515","-128,4142","8,4113","62,4734","-4,52","-13,09","-174,13",1,,,,
313574,144146,"-21,9416008","-48,95267487","509,1",1,8,"465,12","958,62","33,35","2,2619","-4,0772","-1,4136","0,0328",0,"0,0539","1,6439","0,0571","7,4261","0,2007","-0,0503","0,9502","-1,8774","1,6323","-5,9149","-128,9741","8,4032","62,4876","-4,5","-13,05","-174,3",1,,,,
313621,144146,"-21,9416008","-48,95267487","509,1",1,8,"465,12","958,62","33,35","2,2619","-4,0772","-1,4664","0,0337",0,"0,0689","1,6902","0,0571","7,4177","0,2285","-0,041","0,9478","-0,9018","1,1445","1,4631","-129,3996","8,2164","62,6154","-4,49","-13,02","-174,67",1,,,,
313721,144146,"-21,9416008","-48,95267487","509,1",1,8,"465,12","958,62","33,35","2,2619","-4,0772","-1,5106","0,0355",0,"0,081","1,7774","0,0571","7,387","0,2456","-0,0571","0,9414","-0,7189","2,6079","6,2192","-127,7443","8,702","63,6096","-4,49","-12,93","-174,85",1,,,,
313821,144146,"-21,9416008","-48,95267487","509,1",1,8,"465,12","958,62","33,35","2,2618","-4,0772","-1,5474","0,0329",0,"0,0924","1,6493","0,0571","7,4264","0,2104","-0,0688","0,9644","0,4396","-1,5384","3,1095","-128,5476","9,3725","62,6539","-4,61","-12,76","-174,57",1,,,,
313921,144146,"-21,9416008","-48,95267487","509,1",1,8,"465,12","958,62","33,35","2,2618","-4,0772","-1,5782","0,0339",0,"0,1009","1,6975","0,0571","7,4066","0,2119","-0,0454","0,9463","-0,8409","-0,6848","1,5851","-127,729","9,4446","63,3953","-4,79","-12,67","-174,17",1,,,,
314208,144146,"-21,9416008","-48,95267487","509,1",1,8,"465,12","958,62","33,35","2,2618","-4,0772","-1,604","0,0338",0,"0,1083","1,6923","0,0571","7,4056","0,2202","-0,0571","0,9468","1,5372","-2,697","-0,0003","-128,9569","7,962","61,705","-5,01","-12,7","-173,77",1,,,,
314255,144146,"-21,9416008","-48,95267487","509,1",1,8,"465,12","958,62","33,35","2,2618","-4,0772","-1,6255","0,0343",0,"0,1147","1,7198","0,0571","7,4162","0,2271","-0,0498","0,9521","0,5616","-0,5018","3,5363","-129,3925","8,1964","62,3612","-5,02","-12,7","-173,73",1,,,,
314355,144146,"-21,9416008","-48,95267487","509,1",1,8,"465,12","958,62","33,35","2,2618","-4,0772","-1,6434","0,0353",0,"0,1199","1,7712","0,0571","7,4149","0,2324","-0,0508","0,9385","0,7445","0,5957","0,4265","-128,9894","7,6605","62,7019","-4,98","-12,75","-173,6",1,,,,
314455,144146,"-21,9416008","-48,95267487","509,1",1,8,"465,12","958,62","33,35","2,2618","-4,0772","-1,6585","0,0345",0,"0,1236","1,7282","0,0571","7,3873","0,2144","-0,0698","0,9434","0,0738","-0,136","1,2802","-128,4142","8,4113","62,4734","-4,96","-12,76","-173,48",1,,,,
314555,144146,"-21,9416008","-48,95267487","509,1",1,8,"465,12","958,62","33,35","2,2618","-4,0772","-1,671","0,0343",0,"0,1275","1,7218","0,0571","7,3994","0,2173","-0,0571","0,9438","-0,353","0,3518","-1,5247","-128,2616","8,5741","62,0985","-4,95","-12,77","-173,49",1,,,,
314708,144146,"-21,9416008","-48,95267487","509,1",1,8,"465,03","958,63","33,36","2,2618","-4,0772","-1,6667","0,0352",0,"0,1514","1,7646","0,0571","7,3631","0,2329","-0,0513","0,9336","-3,5238","0,2299","2,0119","-128,4071","8,3914","62,2192","-4,92","-12,81","-173,64",1,,,,
314755,144146,"-21,9416008","-48,95267487","509,1",1,8,"465,03","958,63","33,36","2,2618","-4,0772","-1,6631","0,0354",0,"0,15","1,7761","0,0571","7,3477","0,229","-0,0576","0,939","-0,1091","-1,4774","1,1582","-128,3817","8,7128","61,4765","-4,97","-12,88","-173,77",1,,,,
314855,144148,"-21,9416008","-48,95267487","509,1",1,8,"465,03","958,63","33,36","2,2618","-4,0772","-1,6601","0,0341",0,"0,1492","1,7093","0,0571","7,3494","0,2085","-0,0635","0,9434","0,5006","1,5104","-2,1954","-128,6901","8,7885","62,5005","-5,05","-12,94","-173,82",1,,,,
314955,144148,"-21,9416008","-48,95267487","509,1",1,8,"465,03","958,63","33,36","2,2618","-4,0772","-1,6576","0,0345",0,"0,1488","1,7282","0,0571","7,365","0,2168","-0,0557","0,9521","0,0738","0,4128","-0,3662","-128,2646","8,9753","62,3727","-5,1","-12,95","-173,91",1,,,,
315055,144148,"-21,9416008","-48,95267487","509,1",1,8,"465,03","958,63","33,36","2,2618","-4,0772","-1,6555","0,0343",0,"0,1484","1,7195","0,0571","7,3734","0,2158","-0,0669","0,9473","0,0128","2,1811","-1,7076","-128,3878","9,5153","62,0248","-5,09","-12,91","-174,05",1,,,,
315208,144148,"-21,9416008","-48,95267487","509,1",1,8,"465,12","958,62","33,37","2,2618","-4,0772","-1,6686","0,0343",0,"0,126","1,722","0,0571","7,3627","0,2212","-0,0522","0,9419","-1,0848","-1,2945","-1,5857","-128,4071","8,3914","62,2192","-5,06","-12,82","-174,17",1,,,,
315255,144148,"-21,9416008","-48,95267487","509,1",1,8,"465,12","958,62","33,37","2,2618","-4,0772","-1,6794","0,0351",0,"0,1297","1,7592","0,0571","7,3891","0,2334","-0,0581","0,9531","0,0128","-0,8067","0,5485","-128,2687","8,594","62,3527","-5,03","-12,8","-174,27",1,,,,
315355,144148,"-21,9416008","-48,95267487","509,1",1,8,"465,12","958,62","33,37","2,2618","-4,0772","-1,6885","0,035",0,"0,1328","1,7541","0,0571","7,4128","0,2275","-0,0571","0,9546","0,1348","1,5713","-0,0003","-129,0932","9,3244","62,1597","-5,01","-12,83","-174,31",1,,,,
315455,144148,"-21,9416008","-48,95267487","509,1",1,8,"465,12","958,62","33,37","2,2618","-4,0772","-1,6961","0,0358",0,"0,1348","1,7968","0,0571","7,4034","0,2344","-0,061","0,9434","-1,8774","2,9128","2,7436","-128,2534","9,3366","62,1384","-5,02","-12,79","-174,35",1,,,,
315555,144148,"-21,9416008","-48,95267487","509,1",1,8,"465,12","958,62","33,37","2,2619","-4,0772","-1,7025","0,0363",0,"0,1366","1,8202","0,0571","7,4015","0,2314","-0,0581","0,9521","-2,1213","0,1689","-0,5491","-127,7352","7,4982","62,787","-5,12","-12,66","-174,36",1,,,,
315708,144148,"-21,9416008","-48,95267487","509,1",1,8,"464,73","958,66","33,37","2,2619","-4,0772","-1,6439","0,0355",0,"0,2317","1,7817","0,0571","7,4101","0,2158","-0,0654","0,9561","0,1348","1,9982","-0,1223","-129,3956","8,5977","62,6354","-5,25","-12,61","-174,36",1,,,,
315755,144148,"-21,9416008","-48,95267487","509,1",1,8,"464,73","958,66","33,37","2,2619","-4,0772","-1,5949","0,0347",0,"0,2184","1,7421","0,0571","7,4496","0,2134","-0,063","0,9624","-1,3287","-0,8677","0,3046","-127,9928","8,2168","62,3256","-5,31","-12,6","-174,38",1,,,,
315855,144149,"-21,9416008","-48,95267487","509,1",1,8,"464,73","958,66","33,37","2,2619","-4,0772","-1,554","0,0348",0,"0,2063","1,7441","0,0571","7,4335","0,228","-0,0459","0,9502","1,1104","-2,2091","0,4265","-128,5557","8,6099","62,614","-5,31","-12,58","-174,39",1,,,,
315955,144149,"-21,9416008","-48,95267487","509,1",1,8,"464,73","958,66","33,37","2,2619","-4,0772","-1,5199","0,0349",0,"0,1962","1,7477","0,0571","7,4193","0,2275","-0,0459","0,9453","-1,8165","-1,7823","0,3046","-128,1444","8,8366","62,9947","-5,26","-12,59","-174,39",1,,,,
316055,144149,"-21,9416008","-48,95267487","509,1",1,8,"464,73","958,66","33,37","2,2619","-4,0772","-1,4913","0,0345",0,"0,1886","1,7292","0,0571","7,4494","0,2285","-0,0571","0,9565","-0,1701","-0,9287","0,3655","-128,5516","8,9912","62,634","-5,25","-12,67","-174,36",1,,,,
316344,144149,"-21,9416008","-48,95267487","509,1",1,8,"465,03","958,63","33,37","2,2619","-4,0772","-1,5166","0,0341",0,"0,1093","1,7076","0,0571","7,4198","0,2178","-0,0522","0,9497","-1,9994","0,5957","1,2192","-127,9887","8,5981","62,3456","-5,39","-12,8","-174,16",1,,,,
316391,144149,"-21,9416008","-48,95267487","509,1",1,8,"465,03","958,63","33,37","2,2619","-4,0772","-1,5377","0,0339",0,"0,1156","1,7003","0,0571","7,4305","0,2168","-0,0581","0,9536","0,4396","0,4738","-1,6466","-127,7443","8,702","63,6096","-5,43","-12,8","-174,12",1,,,,
316491,144149,"-21,9416008","-48,95267487","509,1",1,8,"465,03","958,63","33,37","2,2619","-4,0772","-1,5553","0,0344",0,"0,1205","1,7245","0,0571","7,4217","0,2188","-0,0537","0,9531","-1,2677","0,5348","-0,9759","-127,7382","7,8995","63,0612","-5,46","-12,78","-174,13",1,,,,
316591,144149,"-21,9416008","-48,95267487","509,1",1,8,"465,03","958,63","33,37","2,2619","-4,0772","-1,57","0,0354",0,"0,1241","1,7764","0,0571","7,3901","0,23","-0,0615","0,9404","0,1957","1,2055","0,3046","-128,3959","8,7527","61,9849","-5,47","-12,73","-174,22",1,,,,
316691,144149,"-21,9416008","-48,95267487","509,1",1,8,"465,03","958,63","33,37","2,2619","-4,0772","-1,5824","0,0349",0,"0,1278","1,751","0,0571","7,3962","0,2202","-0,0601","0,9443","-0,2921","-0,6238","-2,1345","-128,689","9,5711","62,7946","-5,46","-12,69","-174,28",1,,,,
316844,144150,"-21,9416008","-48,95267487","509,1",1,8,"465,12","958,62","33,38","2,2619","-4,0772","-1,6074","0,035",0,"0,1094","1,7548","0,0571","7,4099","0,2227","-0,0488","0,9463","-0,0482","0,6567","-0,671","-128,2656","8,1928","62,0785","-5,37","-12,72","-174,4",1,,,,
316891,144150,"-21,9416008","-48,95267487","509,1",1,8,"465,12","958,62","33,38","2,2619","-4,0772","-1,6284","0,0349",0,"0,1153","1,7506","0,0571","7,4064","0,2227","-0,0449","0,9478","-0,536","-0,7457","2,6826","-127,5621","9,5674","62,5119","-5,22","-12,78","-174,55",1,,,,
316991,144150,"-21,9416008","-48,95267487","509,1",1,8,"465,12","958,62","33,38","2,2619","-4,0772","-1,6458","0,0342",0,"0,1196","1,7151","0,0571","7,3673","0,2109","-0,0488","0,938","-0,6579","2,1201","-0,854","-127,6976","8,9635","62,1042","-5,13","-12,8","-174,59",1,,,,
317091,144150,"-21,9416008","-48,95267487","509,1",1,8,"465,12","958,62","33,38","2,2619","-4,0772","-1,6605","0,035",0,"0,1241","1,7563","0,0571","7,3804","0,2329","-0,0483","0,9482","-1,2067","-0,197","0,8534","-128,4244","8,8325","63,0018","-5,13","-12,7","-174,56",1,,,,
317191,144150,"-21,9416008","-48,95267487","509,1",1,8,"465,12","958,62","33,38","2,2619","-4,0772","-1,6727","0,0348",0,"0,128","1,7427","0,0571","7,4015","0,2231","-0,0459","0,9546","-0,7799","0,047","-0,671","-128,5516","8,9912","62,634","-5,18","-12,64","-174,48",1,,,,
317344,144150,"-21,9416008","-48,95267487","509,1",1,8,"465,03","958,63","33,39","2,2619","-4,0772","-1,6681","0,0349",0,"0,1526","1,7503","0,0571","7,4017","0,229","-0,0527","0,9512","-0,9628","-0,9287","1,5851","-127,835","9,5434","62,2648","-5,18","-12,7","-174,38",1,,,,
317391,144150,"-21,9416008","-48,95267487","509,1",1,8,"465,03","958,63","33,39","2,2619","-4,0772","-1,6643","0,0347",0,"0,1507","1,7374","0,0571","7,3647","0,2192","-0,0547","0,9355","-0,0482","-1,1116","-0,732","-128,2809","7,4501","62,2928","-5,17","-12,79","-174,27",1,,,,
317491,144150,"-21,9416008","-48,95267487","509,1",1,8,"465,03","958,63","33,39","2,2619","-4,0772","-1,6611","0,0341",0,"0,1497","1,7102","0,0571","7,3612","0,2173","-0,0557","0,9473","-1,5116","0,3518","1,0973","-129,251","7,9978","62,2205","-5,17","-12,87","-174,19",1,,,,
317591,144150,"-21,9416008","-48,95267487","509,1",1,8,"465,03","958,63","33,39","2,2619","-4,0772","-1,6584","0,0338",0,"0,1494","1,6966","0,0571","7,3818","0,2192","-0,0415","0,9487","0,6835","-0,136","-1,8296","-127,7199","8,2409","62,5727","-5,21","-12,87","-174,11",1,,,,
317691,144150,"-21,9416008","-48,95267487","509,1",1,8,"465,03","958,63","33,39","2,2619","-4,0772","-1,6562","0,0341",0,"0,149","1,7106","0,0571","7,3937","0,2188","-0,0605","0,9438","0,1348","0,2299","-0,1223","-128,4355","8,4712","63,236","-5,16","-12,85","-174,08",1,,,,
317844,144151,"-21,9416008","-48,95267487","509,1",1,8,"465,03","958,63","33,38","2,2618","-4,0772","-1,6543","0,0335",0,"0,1479","1,6784","0,0571","7,3686","0,2109","-0,0488","0,9419","0,0128","-2,2091","-0,9149","-128,4071","8,3914","62,2192","-5,11","-12,86","-174,11",1,,,,
317891,144151,"-21,9416008","-48,95267487","509,1",1,8,"465,03","958,63","33,38","2,2618","-4,0772","-1,6528","0,0335",0,"0,1474","1,6813","0,0571","7,3631","0,2173","-0,0464","0,9429","1,5982","1,3274","-1,7076","-128,5344","8,55","61,8514","-5,07","-12,91","-174,17",1,,,,
317991,144151,"-21,9416008","-48,95267487","509,1",1,8,"465,03","958,63","33,38","2,2618","-4,0772","-1,6515","0,0344",0,"0,1473","1,7248","0,0571","7,38","0,2285","-0,0518","0,9536","-0,475","1,5104","0,2436","-128,5476","9,3725","62,6539","-4,97","-12,91","-174,24",1,,,,
318091,144151,"-21,9416008","-48,95267487","509,1",1,8,"465,03","958,63","33,38","2,2618","-4,0772","-1,6504","0,0342",0,"0,1477","1,7164","0,0571","7,4122","0,2188","-0,0674","0,9556","-1,6335","-0,075","1,5241","-128,5445","8,9712","62,3798","-4,92","-12,84","-174,22",1,,,,
318191,144151,"-21,9416008","-48,95267487","509,1",1,8,"465,03","958,63","33,38","2,2618","-4,0772","-1,6495","0,0338",0,"0,1467","1,6926","0,0571","7,3788","0,209","-0,042","0,9375","-0,414","-0,136","-0,6101","-128,4355","8,4712","63,236","-4,96","-12,78","-174,14",1,,,,
318471,144151,"-21,9416008","-48,95267487","509,1",1,8,"465,12","958,62","33,38","2,2618","-4,0772","-1,6635","0,0348",0,"0,1249","1,7461","0,0571","7,3779","0,228","-0,0483","0,9434","-1,9994","1,1445","1,2802","-127,6965","9,7461","62,3984","-5,01","-12,67","-174,31",1,,,,
318518,144151,"-21,9416008","-48,95267487","509,1",1,8,"465,12","958,62","33,38","2,2618","-4,0772","-1,6752","0,0348",0,"0,128","1,7431","0,0571","7,3653","0,2222","-0,0493","0,9414","0,5616","3,6445","0,5485","-128,1403","9,2179","63,0146","-5,03","-12,64","-174,34",1,,,,
318618,144151,"-21,9416008","-48,95267487","509,1",1,8,"465,12","958,62","33,38","2,2618","-4,0772","-1,685","0,0342",0,"0,1314","1,7131","0,0571","7,3938","0,2163","-0,0483","0,9497","-1,5726","-0,2579","-0,9759","-128,2697","7,8115","62,0585","-5,04","-12,55","-174,36",1,,,,
318718,144151,"-21,9416008","-48,95267487","509,1",1,8,"465,12","958,62","33,38","2,2618","-4,0772","-1,6932","0,0345",0,"0,1341","1,731","0,0571","7,412","0,2271","-0,061","0,9512","-2,7921","-0,6238","3,2314","-129,1014","8,5618","62,1198","-5,04","-12,5","-174,37",1,,,,
318818,144151,"-21,9416008","-48,95267487","509,1",1,8,"465,12","958,62","33,38","2,2618","-4,0772","-1,7","0,0353",0,"0,1362","1,7694","0,0571","7,4175","0,231","-0,0669","0,9541","-0,475","-1,1116","1,4021","-127,7118","9,0034","62,6127","-5,12","-12,52","-174,25",1,,,,
318971,144152,"-21,9416008","-48,95267487","509,1",1,8,"465,27","958,6","33,39","2,2618","-4,0772","-1,73","0,0349",0,"0,1019","1,749","0,0571","7,4011","0,231","-0,0557","0,9473","0,4396","1,9372","0,7314","-128,5598","8,2286","62,5941","-5,2","-12,55","-174,11",1,,,,
319018,144152,"-21,9416008","-48,95267487","509,1",1,8,"465,27","958,6","33,39","2,2618","-4,0772","-1,7551","0,0348",0,"0,1093","1,7465","0,0571","7,4088","0,2227","-0,0596","0,9507","-1,9994","-0,6848","0,9143","-129,3762","9,7216","62,441","-5,24","-12,54","-174,05",1,,,,
319118,144152,"-21,9416008","-48,95267487","509,1",1,8,"465,27","958,6","33,39","2,2618","-4,0772","-1,7761","0,0338",0,"0,1152","1,694","0,0571","7,3993","0,2144","-0,0508","0,9478","0,0128","-2,2091","1,3412","-127,9805","9,3607","62,3855","-5,26","-12,53",-174,1,,,,
319218,144152,"-21,9416008","-48,95267487","509,1",1,8,"465,27","958,6","33,39","2,2618","-4,0772","-1,7936","0,0342",0,"0,1202","1,7145","0,0571","7,4007","0,2246","-0,0522","0,9512","-0,0482","1,6933","0,3655","-129,247","8,3791","62,2405","-5,25","-12,57","-173,94",1,,,,
319318,144152,"-21,9416008","-48,95267487","509,1",1,8,"465,27","958,6","33,39","2,2618","-4,0772","-1,8083","0,0342",0,"0,1235","1,7168","0,0571","7,3518","0,2227","-0,0527","0,9395","0,7445","1,5713","-2,0125","-129,5381","8,0137","62,4819","-5,18","-12,56","-173,93",1,,,,
319471,144152,"-21,9416008","-48,95267487","509,1",1,8,"465,27","958,6","33,41","2,2618","-4,0772","-1,8209","0,0342",0,"0,127","1,7166","0,0571","7,3851","0,2144","-0,0645","0,9497","0,8665","-0,136","-2,3174","-128,005","7,0729","62,2657","-5,05","-12,52","-174,02",1,,,,
319518,144152,"-21,9416008","-48,95267487","509,1",1,8,"465,27","958,6","33,41","2,2618","-4,0772","-1,8315","0,0339",0,"0,1298","1,698","0,0571","7,3703","0,2139","-0,0503","0,9414","0,0738","1,3274","-5,1832","-128,7043","8,8285","63,0089","-4,89","-12,51","-174,23",1,,,,
319618,144152,"-21,9416008","-48,95267487","509,1",1,8,"465,27","958,6","33,41","2,2618","-4,0772","-1,8403","0,0335",0,"0,1328","1,681","0,0571","7,3951","0,2163","-0,0488","0,9507","-1,8165","-0,5018","-3,232","-128,1343","8,4154","62,4663","-4,71","-12,52","-174,58",1,,,,
319718,144152,"-21,9416008","-48,95267487","509,1",1,8,"465,27","958,6","33,41","2,2618","-4,0772","-1,8477","0,0339",0,"0,1348","1,7009","0,0571","7,3887","0,2188","-0,0493","0,9468","-1,7555","0,5348","-0,3662","-128,8652","7,9031","63,3439","-4,57","-12,58","-175,01",1,,,,
319818,144152,"-21,9416008","-48,95267487","509,1",1,8,"465,27","958,6","33,41","2,2618","-4,0772","-1,8539","0,0346",0,"0,1375","1,7331","0,0571","7,432","0,2305","-0,0586","0,9561","-0,353","1,6323","-1,0369","-128,967","8,3832","62,2334","-4,5","-12,63","-175,25",1,,,,
319971,144153,"-21,9416008","-48,95267487","509,1",1,8,"465,27","958,6","33,42","2,2618","-4,0772","-1,859","0,0351",0,"0,1386","1,7591","0,0571","7,4132","0,2261","-0,0557","0,9473","-0,353","0,4128","0,1216","-128,9416","8,7046","61,4907","-4,47","-12,67","-175,29",1,,,,
320018,144153,"-21,9416008","-48,95267487","509,1",1,8,"465,27","958,6","33,42","2,2618","-4,0772","-1,8633","0,035",0,"0,1397","1,7536","0,0571","7,4087","0,2227","-0,064","0,9478","-0,0482","1,4494","-0,1223","-127,9969","7,8355","62,3057","-4,5","-12,69","-175,23",1,,,,
320118,144153,"-21,9416008","-48,95267487","509,1",1,8,"465,27","958,6","33,42","2,2618","-4,0772","-1,8669","0,0345",0,"0,1406","1,7313","0,0571","7,4022","0,2129","-0,0508","0,9478","-1,0848","0,5957","-1,5857","-128,6668","7,5448","61,1695","-4,53","-12,67","-175,15",1,,,,
320218,144153,"-21,9416008","-48,95267487","509,1",1,8,"465,27","958,6","33,42","2,2618","-4,0772","-1,8699","0,0346",0,"0,1411","1,7358","0,0571","7,3854","0,228","-0,0454","0,9448","-0,7189","0,5957","-0,9759","-128,4051","7,2076","61,6508","-4,54","-12,67","-175,12",1,,,,
320318,144153,"-21,9416008","-48,95267487","509,1",1,8,"465,27","958,6","33,42","2,2618","-4,0772","-1,8725","0,0355",0,"0,1416","1,78","0,0571","7,3729","0,2437","-0,0513","0,9468","0,5006","-0,8067","1,5851","-128,7043","8,8285","63,0089","-4,5","-12,68","-175,16",1,,,,
320594,144153,"-21,9416008","-48,95267487","509,1",1,8,"465,12","958,62","33,43","2,2618","-4,0772","-1,8498","0,0359",0,"0,1785","1,7987","0,0571","7,3755","0,228","-0,0464","0,939","-0,1701","-0,8677","-0,0613","-128,7155","8,4671","63,2432","-4,45","-12,88","-174,99",1,,,,
320641,144153,"-21,9416008","-48,95267487","509,1",1,8,"465,12","958,62","33,43","2,2618","-4,0772","-1,8308","0,0356",0,"0,1738","1,7828","0,0571","7,4153","0,2231","-0,0479","0,959","0,1348","1,7543","0,7314","-128,7135","7,2833","62,6748","-4,45","-12,92","-174,94",1,,,,
320741,144153,"-21,9416008","-48,95267487","509,1",1,8,"465,12","958,62","33,43","2,2618","-4,0772","-1,815","0,0353",0,"0,1684","1,7689","0,0571","7,3697","0,2222","-0,0562","0,9414","0,8665","0,3518","-0,0003","-128,2727","8,2127","62,3327","-4,42","-12,95","-174,86",1,,,,
320841,144154,"-21,9416008","-48,95267487","509,1",1,8,"465,12","958,62","33,43","2,2618","-4,0772","-1,8018","0,0347",0,"0,1659","1,7393","0,0571","7,4352","0,2236","-0,0557","0,9565","-2,3043","-0,8677","0,3046","-128,9883","8,4431","62,996","-4,31","-12,93","-174,82",1,,,,
320941,144154,"-21,9416008","-48,95267487","509,1",1,8,"465,12","958,62","33,43","2,2618","-4,0772","-1,7908","0,0348",0,"0,1618","1,7463","0,0571","7,3886","0,2207","-0,0679","0,937","-0,353","-2,0872","-0,3052","-128,9864","7,2593","62,4277","-4,25","-12,97","-174,8",1,,,,
321094,144154,"-21,9416008","-48,95267487","509,1",1,8,"465,12","958,62","33,45","2,2618","-4,0772","-1,7815","0,035",0,"0,1581","1,7564","0,0571","7,3371","0,2236","-0,0444","0,9341","-1,0848","-0,5628","0,3046","-129,2571","8,8003","62,7689","-4,27","-13,06","-174,79",1,,,,
321141,144154,"-21,9416008","-48,95267487","509,1",1,8,"465,12","958,62","33,45","2,2618","-4,0772","-1,7738","0,035",0,"0,156","1,756","0,0571","7,3453","0,2241","-0,0498","0,9443","-0,8409","0,7787","-2,8662","-127,8655","8,0581","62,6934","-4,29","-13,11","-174,82",1,,,,
321241,144154,"-21,9416008","-48,95267487","509,1",1,8,"465,12","958,62","33,45","2,2618","-4,0772","-1,7674","0,0345",0,"0,1555","1,7286","0,0571","7,414","0,2188","-0,0566","0,9575","-1,4506","1,1445","1,3412","-128,4224","7,6487","62,4335","-4,32","-13,12","-174,9",1,,,,
321341,144154,"-21,9416008","-48,95267487","509,1",1,8,"465,12","958,62","33,45","2,2618","-4,0772","-1,762","0,0346",0,"0,1541","1,7329","0,0571","7,4175","0,2251","-0,0562","0,9507","1,0494","-0,6848","1,0363","-128,1394","7,2516","62,1522","-4,38","-13,12","-174,92",1,,,,
321441,144154,"-21,9416008","-48,95267487","509,1",1,8,"465,12","958,62","33,45","2,2618","-4,0772","-1,7575","0,0351",0,"0,1523","1,761","0,0571","7,3929","0,2329","-0,0454","0,938","-1,1457","0,9006","-0,0613","-128,2687","8,594","62,3527","-4,39","-13,1","-174,89",1,,,,
321594,144154,"-21,9416008","-48,95267487","509,1",1,8,"465,12","958,62","33,45","2,2619","-4,0772","-1,7537","0,0356",0,"0,1522","1,7853","0,0571","7,4437","0,2231","-0,0522","0,9556","-2,1823","-1,4774","1,8899","-128,2788","9,0152","62,8811","-4,37","-13,1","-174,88",1,,,,
321641,144154,"-21,9416008","-48,95267487","509,1",1,8,"465,12","958,62","33,45","2,2619","-4,0772","-1,7506","0,0354",0,"0,1507","1,7733","0,0571","7,4156","0,2231","-0,0527","0,9429","0,5006","0,6567","2,6826","-128,8337","7,422","62,0528","-4,36","-13,14","-174,79",1,,,,
321741,144154,"-21,9416008","-48,95267487","509,1",1,8,"465,12","958,62","33,45","2,2618","-4,0772","-1,748","0,0337",0,"0,15","1,6881","0,0571","7,4147","0,2065","-0,0508","0,9512","0,9274","0,1689","-1,4027","-128,2504","8,9354","61,8642","-4,36","-13,12","-174,65",1,,,,
321841,144155,"-21,9416008","-48,95267487","509,1",1,8,"465,12","958,62","33,45","2,2618","-4,0772","-1,7458","0,0338",0,"0,1495","1,694","0,0571","7,4224","0,2148","-0,0635","0,9536","-2,1823","-0,9896","0,0607","-128,568","7,466","62,5541","-4,35","-13,01","-174,6",1,,,,
321941,144155,"-21,9416008","-48,95267487","509,1",1,8,"465,12","958,62","33,45","2,2618","-4,0772","-1,744","0,0335",0,"0,1487","1,681","0,0571","7,411","0,2129","-0,0527","0,9546","-0,353","-0,075","-1,3418","-128,2798","8,2327","62,587","-4,41","-12,95","-174,61",1,,,,
322094,144155,"-21,9416008","-48,95267487","509,1",1,8,"465,12","958,62","33,46","2,2618","-4,0772","-1,742","0,034",0,"0,1494","1,7037","0,0571","7,4334","0,2241","-0,0576","0,9556","0,3787","0,5957","0,0607","-128,4162","9,5951","63,0417","-4,48","-12,98","-174,66",1,,,,
322141,144155,"-21,9416008","-48,95267487","509,1",1,8,"465,12","958,62","33,46","2,2618","-4,0772","-1,7403","0,0343",0,"0,148","1,722","0,0571","7,3883","0,2251","-0,0669","0,936","-0,9628","3,0957","0,9143","-128,1455","8,0541","62,7005","-4,54","-13,02","-174,68",1,,,,
322241,144155,"-21,9416008","-48,95267487","509,1",1,8,"465,12","958,62","33,46","2,2618","-4,0772","-1,739","0,0352",0,"0,1468","1,7669","0,0571","7,3471","0,2354","-0,0493","0,9331","-1,2677","-0,014","-0,5491","-127,8828","8,4993","63,4761","-4,57",-13,"-174,66",1,,,,
322341,144155,"-21,9416008","-48,95267487","509,1",1,8,"465,12","958,62","33,46","2,2618","-4,0772","-1,7378","0,0353",0,"0,1465","1,7686","0,0571","7,3468","0,2227","-0,0454","0,9419","-0,0482","-0,8067","-0,3662","-128,9629","8,7645","62,2533","-4,58","-13,02","-174,68",1,,,,
322441,144155,"-21,9416008","-48,95267487","509,1",1,8,"465,12","958,62","33,46","2,2618","-4,0772","-1,7369","0,0344",0,"0,1466","1,7239","0,0571","7,3686","0,2212","-0,0503","0,9429","-0,9628","-3,7945","4,0241","-128,571","7,8673","62,8283","-4,52","-13,1","-174,73",1,,,,
322771,144155,"-21,9416008","-48,95267487","509,1",1,8,"465,27","958,6","33,46","2,2618","-4,0772","-1,7609","0,0354",0,"0,1099","1,775","0,0571","7,3583","0,2358","-0,063","0,9458","-0,0482","-0,6848","0,4875","-128,8092","9,7098","62,1726","-4,49","-13,51","-174,32",1,,,,
322818,144156,"-21,9416008","-48,95267487","509,1",1,8,"465,27","958,6","33,46","2,2618","-4,0772","-1,7809","0,0355",0,"0,117","1,7777","0,0571","7,4234","0,2271","-0,0459","0,9658","-0,0482","-2,0262","-0,0003","-128,854","8,2645","63,1096","-4,48","-13,54","-174,26",1,,,,
322918,144156,"-21,9416008","-48,95267487","509,1",1,8,"465,27","958,6","33,46","2,2618","-4,0772","-1,7976","0,035",0,"0,1219","1,7531","0,0571","7,4257","0,2241","-0,0625","0,957","-0,475","0,8396","1,1582","-128,7043","8,8285","63,0089","-4,44","-13,62","-174,24",1,,,,
323018,144156,"-21,9416008","-48,95267487","509,1",1,8,"465,27","958,6","33,46","2,2618","-4,0772","-1,8116","0,0349",0,"0,1252","1,7479","0,0571","7,3928","0,2285","-0,0483","0,9424","0,3177","-1,8433","-1,2808","-129,2429","8,7604","62,2605","-4,39","-13,65","-174,25",1,,,,
323118,144156,"-21,9416008","-48,95267487","509,1",1,8,"465,27","958,6","33,46","2,2618","-4,0772","-1,8233","0,0345",0,"0,1289","1,7281","0,0571","7,4064","0,2158","-0,0396","0,9487","0,9274","-1,8433","1,2802","-128,1414","8,4354","62,7205","-4,35","-13,7","-174,24",1,,,,
323271,144156,"-21,9416008","-48,95267487","509,1",1,8,"465,12","958,62","33,48","2,2618","-4,0772","-1,8087","0,0348",0,"0,1672","1,7444","0,0571","7,4023","0,2271","-0,0474","0,9468","0,0128","1,6323","-1,2808","-128,8428","8,6258","62,8754","-4,32","-13,68","-174,18",1,,,,
323318,144156,"-21,9416008","-48,95267487","509,1",1,8,"465,12","958,62","33,48","2,2619","-4,0772","-1,7965","0,035",0,"0,1637","1,7548","0,0571","7,4024","0,2266","-0,0596","0,9482","-0,6579","0,5348","-0,854","-128,7054","8,0459","62,7148","-4,32","-13,59","-174,16",1,,,,
323418,144156,"-21,9416008","-48,95267487","509,1",1,8,"465,12","958,62","33,48","2,2619","-4,0772","-1,7863","0,0353",0,"0,1607","1,7712","0,0571","7,3988","0,2197","-0,0503","0,9438","-1,3896","-0,8677","-0,671","-128,4386","8,8725","63,5102","-4,32","-13,52","-174,21",1,,,,
323518,144156,"-21,9416008","-48,95267487","509,1",1,8,"465,12","958,62","33,48","2,2619","-4,0772","-1,7778","0,035",0,"0,1581","1,7555","0,0571","7,3899","0,2236","-0,0522","0,9438","-2,4872","1,8762","4,4509","-128,2585","8,1728","61,8243","-4,38","-13,51","-174,29",1,,,,
323618,144156,"-21,9416008","-48,95267487","509,1",1,8,"465,12","958,62","33,48","2,2619","-4,0772","-1,7707","0,0344",0,"0,1565","1,7239","0,0571","7,4143","0,2183","-0,0605","0,9536","-0,597","0,3518","0,4875","-127,9958","8,6181","62,5998","-4,49","-13,42","-174,17",1,,,,
323771,144156,"-21,9416008","-48,95267487","509,1",1,8,"465,27","958,6","33,47","2,2619","-4,0772","-1,7891","0,0342",0,"0,1184","1,7137","0,0571","7,3763","0,2173","-0,043","0,9346","1,0494","-0,6238","-2,5613","-128,2626","7,7915","61,8043","-4,52","-13,33","-174,04",1,,,,
323818,144157,"-21,9416008","-48,95267487","509,1",1,8,"465,27","958,6","33,47","2,2618","-4,0772","-1,8045","0,034",0,"0,1232","1,7045","0,0571","7,3929","0,2168","-0,0405","0,9512","-0,1091","1,0226","2,4387","-127,5744","8,4236","62,452","-4,45","-13,28","-174,05",1,,,,
323918,144157,"-21,9416008","-48,95267487","509,1",1,8,"465,27","958,6","33,47","2,2618","-4,0772","-1,8174","0,0347",0,"0,1265","1,7415","0,0571","7,3729","0,2266","-0,0444","0,9473","0,4396","-1,0506","-1,3418","-127,9786","8,1769","61,8172","-4,36","-13,23","-174,07",1,,,,
324018,144157,"-21,9416008","-48,95267487","509,1",1,8,"465,27","958,6","33,47","2,2619","-4,0772","-1,8281","0,0357",0,"0,1294","1,7914","0,0571","7,3639","0,2329","-0,0542","0,9424","-1,2067","1,8762","2,8655","-128,5527","8,2087","62,3398","-4,32","-13,24","-174,11",1,,,,
324118,144157,"-21,9416008","-48,95267487","509,1",1,8,"465,27","958,6","33,47","2,2619","-4,0772","-1,8371","0,0356",0,"0,1328","1,7826","0,0571","7,4024","0,2227","-0,0435","0,9512","-2,1823","0,1689","-0,5491","-129,1014","8,5618","62,1198","-4,39","-13,22","-174,12",1,,,,
324271,144157,"-21,9416008","-48,95267487","509,1",1,8,"465,48","958,58","33,47","2,2619","-4,0772","-1,8802","0,0347",0,"0,0834","1,7405","0,0571","7,4297","0,2163","-0,0483","0,9561","-0,6579","3,0957","2,6216","-128,4101","8,7926","62,4933","-4,46","-13,19","-174,16",1,,,,
324318,144157,"-21,9416008","-48,95267487","509,1",1,8,"465,48","958,58","33,47","2,2619","-4,0772","-1,9162","0,0346",0,"0,0931","1,7334","0,0571","7,4001","0,2202","-0,0571","0,9409","-0,536","0,9006","0,2436","-129,2327","8,3392","61,732","-4,48","-13,13","-174,17",1,,,,
324418,144157,"-21,9416008","-48,95267487","509,1",1,8,"465,48","958,58","33,47","2,2619","-4,0772","-1,9463","0,0344",0,"0,1019","1,7262","0,0571","7,4025","0,2148","-0,0732","0,9517","-0,1701","-0,136","2,6826","-127,9693","9,722","62,1512","-4,47","-13,04","-174,13",1,,,,
324518,144157,"-21,9416008","-48,95267487","509,1",1,8,"465,48","958,58","33,47","2,2619","-4,0772","-1,9714","0,0343",0,"0,1094","1,7194","0,0571","7,4176","0,2236","-0,0542","0,9526","-0,414","0,047","0,9143","-128,6647","9,1099","61,7577","-4,49",-13,"-174,05",1,,,,
324618,144157,"-21,9416008","-48,95267487","509,1",1,8,"465,48","958,58","33,47","2,2619","-4,0772","-1,9924","0,0345",0,"0,1148","1,7291","0,0571","7,3831","0,2202","-0,0537","0,9404","-0,8409","1,8762","0,7924","-129,138","7,8791","63,0968","-4,54","-12,94","-174,02",1,,,,
324909,144157,"-21,9416008","-48,95267487","509,1",1,8,"465,27","958,6","33,48","2,2619","-4,0772","-1,9744","0,035",0,"0,172","1,7558","0,0571","7,3855","0,2178","-0,0566","0,9473","-2,5482","0,1079","-0,1832","-128,4","8,3714","61,9649","-4,78","-12,87",-174,1,,,,
324956,144157,"-21,9416008","-48,95267487","509,1",1,8,"465,27","958,6","33,48","2,2619","-4,0772","-1,9593","0,0349",0,"0,1676","1,7499","0,0571","7,3821","0,2222","-0,0557","0,9453","-0,2311","0,3518","-2,1345","-128,1373","8,8167","62,7405","-4,82","-12,86","-174,03",1,,,,
325056,144157,"-21,9416008","-48,95267487","509,1",1,8,"465,27","958,6","33,48","2,2619","-4,0772","-1,9467","0,0355",0,"0,1644","1,7797","0,0571","7,4065","0,2378","-0,0439","0,9502","-1,5116","1,7543","1,5241","-128,2676","9,3766","62,6468","-4,84","-12,87","-174,15",1,,,,
325156,144157,"-21,9416008","-48,95267487","509,1",1,8,"465,27","958,6","33,48","2,2619","-4,0772","-1,9361","0,0348",0,"0,1611","1,7454","0,0571","7,3944","0,2246","-0,064","0,9526","0,5616","-0,5018","0,1826","-127,552","9,1462","61,9835","-4,8","-12,85","-174,2",1,,,,
325256,144157,"-21,9416008","-48,95267487","509,1",1,8,"465,27","958,6","33,48","2,2619","-4,0772","-1,9273","0,0357",0,"0,159","1,7874","0,0571","7,4164","0,2354","-0,04","0,9512","0,6835","-0,3189","0,1216","-128,5344","8,55","61,8514","-4,75","-12,83","-174,2",1,,,,
325409,144157,"-21,9416008","-48,95267487","509,1",1,8,"465,35","958,59","33,49","2,2619","-4,0772","-1,9334","0,0359",0,"0,1369","1,7999","0,0571","7,4016","0,2354","-0,0405","0,9404","-0,1091","3,3396","0,3655","-128,1384","8,0341","62,4463","-4,69","-12,83","-174,26",1,,,,
325456,144157,"-21,9416008","-48,95267487","509,1",1,8,"465,35","958,59","33,49","2,2619","-4,0772","-1,9385","0,0359",0,"0,1387","1,8023","0,0571","7,4149","0,2295","-0,0513","0,9526","-1,2067","-0,8067","2,5607","-128,1444","8,8366","62,9947","-4,66","-12,78","-174,31",1,,,,
325556,144157,"-21,9416008","-48,95267487","509,1",1,8,"465,35","958,59","33,49","2,2619","-4,0772","-1,9428","0,0348",0,"0,1401","1,7436","0,0571","7,4231","0,2168","-0,0605","0,9463","-0,9628","2,0591","-0,0003","-129,0932","9,3244","62,1597","-4,67","-12,69","-174,3",1,,,,
325656,144157,"-21,9416008","-48,95267487","509,1",1,8,"465,35","958,59","33,49","2,2619","-4,0772","-1,9463","0,0346",0,"0,1407","1,7329","0,0571","7,405","0,2271","-0,0469","0,9463","-0,2921","-0,6848","-0,3052","-129,2347","9,523","62,3004","-4,7","-12,59","-174,26",1,,,,
325756,144157,"-21,9416008","-48,95267487","509,1",1,8,"465,35","958,59","33,49","2,2619","-4,0772","-1,9493","0,034",0,"0,1412","1,705","0,0571","7,3882","0,2173","-0,0713","0,9419","2,086","-1,4165","2,3168","-128,8174","8,9472","62,1327","-4,7","-12,5","-174,2",1,,,,
325909,144159,"-21,9416008","-48,95267487","509,1",1,8,"465,27","958,6","33,49","2,2619","-4,0772","-1,9383","0,0352",0,"0,1616","1,7663","0,0571","7,3846","0,2339","-0,0537","0,9448","0,3787","0,9616","-0,0003","-129,5635","7,6923","63,2246","-4,66","-12,46","-174,09",1,,,,
325956,144159,"-21,9416008","-48,95267487","509,1",1,8,"465,27","958,6","33,49","2,2619","-4,0772","-1,9292","0,0355",0,"0,159","1,7802","0,0571","7,3886","0,23","-0,0425","0,9478","-1,2067","1,8762","0,6095","-128,5557","8,6099","62,614","-4,6","-12,45","-174,03",1,,,,
326056,144159,"-21,9416008","-48,95267487","509,1",1,8,"465,27","958,6","33,49","2,2619","-4,0772","-1,9215","0,0351",0,"0,1572","1,761","0,0571","7,4061","0,2227","-0,0547","0,9507","-1,2677","1,2665","1,768","-128,8458","9,027","63,1495","-4,58","-12,4","-173,98",1,,,,
326156,144159,"-21,9416008","-48,95267487","509,1",1,8,"465,27","958,6","33,49","2,2619","-4,0772","-1,9151","0,034",0,"0,1556","1,7037","0,0571","7,4199","0,2104","-0,0532","0,9521","-0,9018","-3,7335","-0,9759","-128,3959","8,7527","61,9849","-4,61","-12,37","-173,93",1,,,,
326256,144159,"-21,9416008","-48,95267487","509,1",1,8,"465,27","958,6","33,49","2,2619","-4,0772","-1,9097","0,0339",0,"0,1535","1,6987","0,0571","7,394","0,2139","-0,0479","0,9424","-0,7189","-0,136","0,4875","-128,6799","8,3673","61,972","-4,65","-12,46","-173,96",1,,,,
326409,144159,"-21,9416008","-48,95267487","509,1",1,8,"465,35","958,59","33,49","2,2619","-4,0772","-1,9187","0,0356",0,"0,1332","1,7823","0,0571","7,4262","0,2373","-0,0469","0,9512","-0,8409","-0,014","-1,2198","-128,4","8,3714","61,9649","-4,68","-12,55","-173,99",1,,,,
326456,144159,"-21,9416008","-48,95267487","509,1",1,8,"465,35","958,59","33,49","2,2619","-4,0772","-1,9263","0,0352",0,"0,1356","1,7627","0,0571","7,4408","0,2202","-0,0596","0,9556","-0,7189","1,2665","2,6216","-128,5587","9,0112","62,8882","-4,69","-12,57",-174,1,,,,
326556,144159,"-21,9416008","-48,95267487","509,1",1,8,"465,35","958,59","33,49","2,2619","-4,0772","-1,9325","0,0364",0,"0,1368","1,8242","0,0571","7,4069","0,248","-0,0615","0,9478","0,6226","1,3274","-0,2442","-129,1227","8,6217","62,8825","-4,72","-12,54","-173,98",1,,,,
326656,144159,"-21,9416008","-48,95267487","509,1",1,8,"465,35","958,59","33,49","2,2619","-4,0772","-1,9378","0,0343",0,"0,1381","1,7192","0,0571","7,3985","0,2056","-0,0527","0,9502","0,6226","-0,4409","2,6216","-128,1597","8,094","63,209","-4,7","-12,5","-173,97",1,,,,
326756,144159,"-21,9416008","-48,95267487","509,1",1,8,"465,35","958,59","33,49","2,2619","-4,0772","-1,9422","0,0352",0,"0,1392","1,7655","0,0571","7,3872","0,2285","-0,0488","0,9512","1,0494","1,9372","0,1826","-127,8543","8,4195","62,4592","-4,65","-12,5","-173,93",1,,,,
327036,144200,"-21,9416008","-48,95267487","509,1",1,8,"465,27","958,6","33,5","2,2619","-4,0772","-1,9328","0,0347",0,"0,1595","1,7395","0,0571","7,3958","0,2212","-0,0518","0,9521","-1,3287","-1,2945","1,829","-128,2544","8,5541","61,8442","-4,56","-12,54","-173,87",1,,,,
327083,144200,"-21,9416008","-48,95267487","509,1",1,8,"465,27","958,6","33,5","2,2619","-4,0772","-1,925","0,0344",0,"0,1574","1,7269","0,0571","7,4051","0,2183","-0,0415","0,9507","-0,9018","0,4738","1,2192","-129,253","9,1816","62,7889","-4,55","-12,56","-173,84",1,,,,
327183,144200,"-21,9416008","-48,95267487","509,1",1,8,"465,27","958,6","33,5","2,2619","-4,0772","-1,9184","0,0358",0,"0,1552","1,796","0,0571","7,3893","0,2349","-0,0581","0,9487","-1,9994","1,5104","-0,671","-129,3996","8,2164","62,6154","-4,54","-12,59","-173,77",1,,,,
327283,144200,"-21,9416008","-48,95267487","509,1",1,8,"465,27","958,6","33,5","2,2619","-4,0772","-1,913","0,0346",0,"0,1536","1,7326","0,0571","7,3897","0,2124","-0,0459","0,9478","-0,7189","-1,4774","0,7924","-129,1156","8,6017","62,6282","-4,52","-12,56","-173,78",1,,,,
327383,144200,"-21,9416008","-48,95267487","509,1",1,8,"465,27","958,6","33,5","2,2619","-4,0772","-1,9084","0,0349",0,"0,1516","1,7482","0,0571","7,3552","0,2231","-0,0576","0,938","-2,3652","-0,5018","1,9509","-129,2734","7,2752","62,689","-4,54","-12,56","-173,78",1,,,,
327536,144200,"-21,9416008","-48,95267487","509,1",1,8,"465,27","958,6","33,5","2,2619","-4,0772","-1,9046","0,0346",0,"0,1509","1,7368","0,0571","7,3747","0,2197","-0,0625","0,9497","-0,353","-0,197","-3,4759","-128,1668","8,114","63,4632","-4,63","-12,61","-173,72",1,,,,
327583,144200,"-21,9416008","-48,95267487","509,1",1,8,"465,27","958,6","33,5","2,2619","-4,0772","-1,9014","0,036",0,"0,151","1,8026","0,0571","7,4248","0,2446","-0,0693","0,9624","-1,6335","0,2909","-0,0003","-128,6789","9,1499","62,2662","-4,72","-12,67","-173,73",1,,,,
327683,144200,"-21,9416008","-48,95267487","509,1",1,8,"465,27","958,6","33,5","2,262","-4,0772","-1,8987","0,0356",0,"0,1503","1,7841","0,0571","7,4303","0,2295","-0,0493","0,9478","-1,0238","-0,5628","1,2192","-128,4112","8,0101","62,1992","-4,78","-12,7","-173,8",1,,,,
327783,144200,"-21,9416008","-48,95267487","509,1",1,8,"465,27","958,6","33,5","2,262","-4,0772","-1,8965","0,0351",0,"0,1492","1,7594","0,0571","7,4035","0,2231","-0,0649","0,9497","0,9274","0,2299","-0,1832","-128,8499","8,6457","63,1296","-4,81","-12,73","-173,81",1,,,,
327883,144200,"-21,9416008","-48,95267487","509,1",1,8,"465,27","958,6","33,5","2,262","-4,0772","-1,8946","0,035",0,"0,1486","1,7539","0,0571","7,4039","0,2329","-0,0493","0,9502","0,6835","-1,5384","-0,4881","-128,5415","8,57","62,1056","-4,76","-12,75","-173,79",1,,,,
328036,144200,"-21,9416008","-48,95267487","509,1",1,8,"465,48","958,58","33,5","2,262","-4,0772","-1,9283","0,0355",0,"0,0965","1,78","0,0571","7,396","0,2314","-0,0532","0,9434","-0,1701","0,2299","0,2436","-129,9473","9,3521","62,6895","-4,67","-12,8","-173,83",1,,,,
328083,144200,"-21,9416008","-48,95267487","509,1",1,8,"465,48","958,58","33,5","2,262","-4,0772","-1,9564","0,0356",0,"0,1048","1,7869","0,0571","7,4024","0,229","-0,0566","0,9497","0,2567","0,5957","1,768","-127,8523","7,2357","61,8908","-4,61","-12,84","-173,88",1,,,,
328183,144200,"-21,9416008","-48,95267487","509,1",1,8,"465,48","958,58","33,5","2,262","-4,0772","-1,9799","0,0352",0,"0,111","1,7664","0,0571","7,3743","0,2295","-0,0654","0,9424","-0,1701","-0,5018","1,768","-127,7128","8,2209","62,3185","-4,56","-12,83","-173,84",1,,,,
328283,144200,"-21,9416008","-48,95267487","509,1",1,8,"465,48","958,58","33,5","2,262","-4,0772","-1,9995","0,0352",0,"0,1176","1,7653","0,0571","7,4216","0,2227","-0,0542","0,9546","-2,6091","0,1079","-1,5857","-127,55","7,9624","61,4152","-4,55","-12,82","-173,74",1,,,,
328383,144200,"-21,9416008","-48,95267487","509,1",1,8,"465,48","958,58","33,5","2,262","-4,0772","-2,0159","0,0351",0,"0,1219","1,7618","0,0571","7,4044","0,2261","-0,0425","0,9487","0,6226","-1,5994","-0,0003","-127,9928","8,2168","62,3256","-4,59","-12,84","-173,75",1,,,,
328536,144200,"-21,9416008","-48,95267487","509,1",1,8,"465,35","958,59","33,5","2,262","-4,0772","-2,0079","0,0351",0,"0,1573","1,7622","0,0571","7,3878","0,2251","-0,0415","0,9429","-0,9018","1,9372","0,7314","-128,9558","8,7445","61,9991","-4,58","-12,89","-173,77",1,,,,
328583,144200,"-21,9416008","-48,95267487","509,1",1,8,"465,35","958,59","33,5","2,262","-4,0772","-2,0011","0,0339",0,"0,1559","1,6997","0,0571","7,4124","0,2036","-0,0566","0,9551","-2,1823","-0,075","1,5851","-128,6931","9,1898","62,7746","-4,57","-12,91","-173,72",1,,,,
328683,144200,"-21,9416008","-48,95267487","509,1",1,8,"465,35","958,59","33,5","2,262","-4,0772","-1,9955","0,0343",0,"0,1543","1,718","0,0571","7,4113","0,2266","-0,0479","0,9434","-0,1701","0,2909","1,5241","-128,2758","8,614","62,6069","-4,58","-12,87","-173,68",1,,,,
328783,144200,"-21,9416008","-48,95267487","509,1",1,8,"465,35","958,59","33,5","2,262","-4,0772","-1,9909","0,0342",0,"0,1531","1,7154","0,0571","7,4188","0,2236","-0,0566","0,9468","0,6226","0,9006","-2,0125","-127,8584","8,0382","62,4392","-4,58","-12,84","-173,75",1,,,,
328883,144202,"-21,9416008","-48,95267487","509,1",1,8,"465,35","958,59","33,5","2,262","-4,0772","-1,9869","0,0343",0,"0,1524","1,7202","0,0571","7,4422","0,2227","-0,0493","0,9556","-0,7799","0,2909","1,0973","-128,967","8,3832","62,2334","-4,53","-12,82","-173,87",1,,,,
329216,144202,"-21,9416008","-48,95267487","509,1",1,8,"465,59","958,56","33,51","2,262","-4,0772","-2,0228","0,0347",0,"0,0939","1,741","0,0571","7,4225","0,2168","-0,061","0,9585","-0,536","-1,1726","2,9875","-128,8031","8,9073","61,6242","-4,46","-12,79","-173,95",1,,,,
329263,144202,"-21,9416008","-48,95267487","509,1",1,8,"465,59","958,56","33,51","2,262","-4,0772","-2,0527","0,035",0,"0,1021","1,7553","0,0571","7,4037","0,2275","-0,0615","0,9438","0,0738","-0,5628","0,7924","-128,4","8,3714","61,9649","-4,46","-12,78","-173,9",1,,,,
329363,144202,"-21,9416008","-48,95267487","509,1",1,8,"465,59","958,56","33,51","2,262","-4,0772","-2,0777","0,0346",0,"0,1092","1,7347","0,0571","7,3998","0,2124","-0,0425","0,9409","-0,7189","0,4738","-2,0735","-128,5751","7,486","62,8084","-4,45","-12,8","-173,84",1,,,,
329463,144202,"-21,9416008","-48,95267487","509,1",1,8,"465,59","958,56","33,51","2,262","-4,0772","-2,0986","0,0345",0,"0,1153","1,7315","0,0571","7,4038","0,2212","-0,0425","0,9521","-0,9628","-2,0262","0,4265","-128,2768","7,8314","62,3128","-4,42","-12,78","-173,9",1,,,,
329563,144202,"-21,9416008","-48,95267487","509,1",1,8,"465,59","958,56","33,51","2,262","-4,0772","-2,1161","0,0346",0,"0,1197","1,7356","0,0571","7,3714","0,2163","-0,062","0,9429","-2,5482","0,6567","0,6095","-128,6576","9,09","61,5035","-4,45","-12,8","-173,96",1,,,,
329716,144202,"-21,9416008","-48,95267487","509,1",1,8,"465,27","958,6","33,52","2,2619","-4,0772","-2,0777","0,0341",0,"0,2013","1,7082","0,0571","7,3629","0,2217","-0,0659","0,9375","-0,2921","-0,197","-1,4637","-128,969","9,567","62,8017","-4,56","-12,84","-174,02",1,,,,
329763,144202,"-21,9416008","-48,95267487","509,1",1,8,"465,27","958,6","33,52","2,2619","-4,0772","-2,0456","0,0346",0,"0,1919","1,7337","0,0571","7,3533","0,228","-0,0288","0,9409","0,0128","1,1445","0,2436","-128,7023","7,6447","62,4406","-4,65","-12,86","-174,11",1,,,,
329863,144203,"-21,9416008","-48,95267487","509,1",1,8,"465,27","958,6","33,52","2,2619","-4,0772","-2,0188","0,0339",0,"0,1846","1,6976","0,0571","7,3788","0,2085","-0,0659","0,9497","-0,2311","2,1201","0,6704","-127,8472","8,3995","62,2049","-4,65","-12,81","-174,19",1,,,,
329963,144203,"-21,9416008","-48,95267487","509,1",1,8,"465,27","958,6","33,52","2,2619","-4,0772","-1,9964","0,0348",0,"0,1788","1,7457","0,0571","7,4079","0,2329","-0,0542","0,9536","0,3177","-1,1726","2,6216","-127,838","9,9446","62,539","-4,61","-12,72","-174,2",1,,,,
330063,144203,"-21,9416008","-48,95267487","509,1",1,8,"465,27","958,6","33,52","2,2619","-4,0772","-1,9777","0,0347",0,"0,1731","1,7417","0,0571","7,3932","0,2222","-0,0557","0,9448","0,6835","-0,2579","-0,2442","-128,6983","8,0259","62,4605","-4,58","-12,71","-174,16",1,,,,
330216,144203,"-21,9416008","-48,95267487","509,1",1,8,"465,35","958,59","33,54","2,2619","-4,0772","-1,9759","0,0342",0,"0,1486","1,7145","0,0571","7,4096","0,2129","-0,0527","0,9487","-1,2067","1,0226","-0,2442","-129,1319","7,0766","62,5484","-4,53","-12,74","-174,17",1,,,,
330263,144203,"-21,9416008","-48,95267487","509,1",1,8,"465,35","958,59","33,54","2,2619","-4,0772","-1,9745","0,0341",0,"0,1482","1,7123","0,0571","7,4105","0,2192","-0,0532","0,9492","0,1957","-0,2579","1,2802","-129,5493","7,6524","62,7161","-4,49","-12,75","-174,18",1,,,,
330363,144203,"-21,9416008","-48,95267487","509,1",1,8,"465,35","958,59","33,54","2,2619","-4,0772","-1,9732","0,0346",0,"0,1474","1,7338","0,0571","7,3915","0,2192","-0,0605","0,9448","-0,9018","-0,075","1,707","-129,537","8,7962","62,776","-4,48","-12,74","-174,16",1,,,,
330463,144203,"-21,9416008","-48,95267487","509,1",1,8,"465,35","958,59","33,54","2,2619","-4,0772","-1,9722","0,034",0,"0,147","1,7064","0,0571","7,3833","0,2139","-0,0547","0,9473","-1,4506","1,4494","0,1216","-128,8174","8,9472","62,1327","-4,49","-12,74","-174,09",1,,,,
330563,144203,"-21,9416008","-48,95267487","509,1",1,8,"465,35","958,59","33,54","2,2619","-4,0772","-1,9714","0,0344",0,"0,1466","1,7253","0,0571","7,3747","0,23","-0,0518","0,9443","-0,1091","1,5713","-1,4637","-128,4132","9,1939","62,7675","-4,48","-12,7","-174,07",1,,,,
330716,144203,"-21,9416008","-48,95267487","509,1",1,8,"465,59","958,56","33,54","2,2619","-4,0772","-2,0098","0,0347",0,"0,0886","1,7418","0,0571","7,349","0,2256","-0,0513","0,9404","-1,6335","-0,197","2,1338","-128,571","7,8673","62,8283","-4,42","-12,65","-174,09",1,,,,
330763,144203,"-21,9416008","-48,95267487","509,1",1,8,"465,59","958,56","33,54","2,2619","-4,0772","-2,0419","0,0344",0,"0,0979","1,7271","0,0571","7,3479","0,2178","-0,0479","0,9424","-2,853","-1,0506","0,1826","-128,9711","8,0019","62,2134","-4,37","-12,63","-174,07",1,,,,
330863,144203,"-21,9416008","-48,95267487","509,1",1,8,"465,59","958,56","33,54","2,2619","-4,0772","-2,0687","0,035",0,"0,1068","1,7528","0,0571","7,4101","0,228","-0,0576","0,9551","-0,353","-0,2579","0,3046","-128,3012","8,2926","63,3496","-4,41","-12,65","-174,04",1,,,,
330963,144203,"-21,9416008","-48,95267487","509,1",1,8,"465,59","958,56","33,54","2,2619","-4,0772","-2,0911","0,0349",0,"0,1139","1,7494","0,0571","7,4399","0,2212","-0,0537","0,96","0,3177","-0,136","-1,3418","-127,6864","9,3248","61,8699","-4,45","-12,71","-174,1",1,,,,
331063,144203,"-21,9416008","-48,95267487","509,1",1,8,"465,59","958,56","33,54","2,2619","-4,0772","-2,1098","0,0358",0,"0,1197","1,7928","0,0571","7,4631","0,2324","-0,0645","0,9561","0,1957","-0,8067","1,0363","-128,6983","8,0259","62,4605","-4,41","-12,8","-174,25",1,,,,
331339,144203,"-21,9416008","-48,95267487","509,1",1,8,"465,35","958,59","33,56","2,2619","-4,0772","-2,0859","0,0353",0,"0,1818","1,7701","0,0571","7,449","0,2241","-0,0391","0,9463","-0,6579","-2,697","1,646","-128,2727","8,2127","62,3327","-4,32","-13,11","-174,39",1,,,,
331386,144203,"-21,9416008","-48,95267487","509,1",1,8,"465,35","958,59","33,56","2,2619","-4,0772","-2,0659","0,0353",0,"0,1761","1,7699","0,0571","7,4524","0,2256","-0,0479","0,9541","0,4396","0,4738","0,3655","-128,8428","8,6258","62,8754","-4,3","-13,16","-174,4",1,,,,
331486,144203,"-21,9416008","-48,95267487","509,1",1,8,"465,35","958,59","33,56","2,2619","-4,0772","-2,0492","0,0351",0,"0,1709","1,7587","0,0571","7,431","0,2246","-0,0493","0,9458","-0,536","1,4494","-4,0247","-128,4071","8,3914","62,2192","-4,29","-13,19","-174,37",1,,,,
331586,144203,"-21,9416008","-48,95267487","509,1",1,8,"465,35","958,59","33,56","2,2619","-4,0772","-2,0352","0,0351",0,"0,166","1,7603","0,0571","7,3872","0,228","-0,0566","0,9399","-0,9628","-1,5384","0,7924","-129,2327","8,3392","61,732","-4,3","-13,11","-174,4",1,,,,
331686,144203,"-21,9416008","-48,95267487","509,1",1,8,"465,35","958,59","33,56","2,2619","-4,0772","-2,0236","0,0354",0,"0,1623","1,7767","0,0571","7,3735","0,231","-0,0347","0,9419","-0,8409","-0,5018","-0,0613","-128,683","8,7686","62,2462","-4,36","-13,1","-174,44",1,,,,
331839,144205,"-21,9416008","-48,95267487","509,1",1,8,"465,27","958,6","33,59","2,2619","-4,0772","-2,0004","0,0348",0,"0,1798","1,7431","0,0571","7,4011","0,2202","-0,0562","0,958","-1,0848","0,4128","0,4875","-129,2672","9,2215","63,2973","-4,39","-13,14","-174,49",1,,,,
331886,144205,"-21,9416008","-48,95267487","509,1",1,8,"465,27","958,6","33,59","2,262","-4,0772","-1,981","0,0354",0,"0,1745","1,7769","0,0571","7,416","0,2344","-0,0522","0,9531","0,8055","0,5957","-0,3662","-128,5598","8,2286","62,5941","-4,36","-13,16","-174,57",1,,,,
331986,144205,"-21,9416008","-48,95267487","509,1",1,8,"465,27","958,6","33,59","2,262","-4,0772","-1,9648","0,0343",0,"0,1694","1,7221","0,0571","7,395","0,2134","-0,0483","0,9424","1,2323","-0,6848","1,0363","-129,3895","7,7952","62,087","-4,31","-13,16","-174,65",1,,,,
332086,144205,"-21,9416008","-48,95267487","509,1",1,8,"465,27","958,6","33,59","2,2619","-4,0772","-1,9513","0,0347",0,"0,1661","1,7409","0,0571","7,4216","0,2241","-0,0376","0,9556","-0,7189","0,1689","-0,4271","-128,2717","8,9953","62,6269","-4,3","-13,15","-174,69",1,,,,
332186,144205,"-21,9416008","-48,95267487","509,1",1,8,"465,27","958,6","33,59","2,2619","-4,0772","-1,94","0,0348",0,"0,1617","1,7458","0,0571","7,3657","0,2227","-0,0479","0,9346","0,3177","-1,5994","4,146","-129,2358","8,7404","62,0062","-4,31","-13,14","-174,66",1,,,,
332339,144205,"-21,9416008","-48,95267487","509,1",1,8,"465,35","958,59","33,55","2,2619","-4,0772","-1,9444","0,0346",0,"0,1391","1,7347","0,0571","7,389","0,2222","-0,0435","0,9531","-0,597","0,5348","1,4631","-128,1292","9,5792","62,7804","-4,3","-13,15","-174,49",1,,,,
332386,144205,"-21,9416008","-48,95267487","509,1",1,8,"465,35","958,59","33,55","2,2619","-4,0772","-1,9482","0,0345",0,"0,1407","1,7308","0,0571","7,4147","0,2207","-0,0488","0,9556","-0,475","0,1689","-2,5613","-129,1156","8,6017","62,6282","-4,28","-13,14","-174,3",1,,,,
332486,144205,"-21,9416008","-48,95267487","509,1",1,8,"465,35","958,59","33,55","2,262","-4,0772","-1,9513","0,0354",0,"0,1412","1,7749","0,0571","7,3937","0,2339","-0,0591","0,9438","0,0738","-0,197","2,6216","-128,86","9,067","63,658","-4,26","-13,14","-174,22",1,,,,
332586,144205,"-21,9416008","-48,95267487","509,1",1,8,"465,35","958,59","33,55","2,262","-4,0772","-1,9539","0,035",0,"0,1417","1,7544","0,0571","7,3851","0,2192","-0,0566","0,9458","2,086","0,4128","0,9753","-128,4254","8,05","62,7076","-4,24","-13,2","-174,15",1,,,,
332686,144205,"-21,9416008","-48,95267487","509,1",1,8,"465,35","958,59","33,55","2,262","-4,0772","-1,9561","0,0345",0,"0,1424","1,7277","0,0571","7,3891","0,2163","-0,0439","0,9448","-0,7189","-0,6238","-1,4637","-128,2706","9,7778","62,921","-4,18","-13,21","-174,04",1,,,,
332839,144206,"-21,9416008","-48,95267487","509,1",1,8,"465,35","958,59","33,56","2,262","-4,0772","-1,9574","0,0364",0,"0,1436","1,8257","0,0571","7,3886","0,2441","-0,0454","0,9478","-0,7189","0,3518","-2,8662","-128,5598","8,2286","62,5941","-4,15","-13,19","-174,01",1,,,,
332886,144206,"-21,9416008","-48,95267487","509,1",1,8,"465,35","958,59","33,56","2,262","-4,0772","-1,9586","0,0357",0,"0,1438","1,7902","0,0571","7,3843","0,2192","-0,0566","0,9453","-2,975","-2,3311","1,4631","-128,4396","8,0899","63,2161","-4,13","-13,21","-174,08",1,,,,
332986,144206,"-21,9416008","-48,95267487","509,1",1,8,"465,35","958,59","33,56","2,262","-4,0772","-1,9596","0,0354",0,"0,1444","1,7757","0,0571","7,3982","0,228","-0,0532","0,9487","-1,1457","-0,197","3,8412","-129,5605","7,291","62,9504","-4,21","-13,26","-174,1",1,,,,
333086,144206,"-21,9416008","-48,95267487","509,1",1,8,"465,35","958,59","33,56","2,262","-4,0772","-1,9604","0,0351",0,"0,1453","1,7586","0,0571","7,4333","0,228","-0,0571","0,9546","-1,3896","0,5348","-2,1954","-128,6972","8,8085","62,7547","-4,37","-13,27","-173,94",1,,,,
333186,144206,"-21,9416008","-48,95267487","509,1",1,8,"465,35","958,59","33,56","2,262","-4,0772","-1,961","0,0349",0,"0,145","1,751","0,0571","7,4074","0,2222","-0,0439","0,9468","-1,6945","-3,3067","-3,8418","-128,8245","8,9672","62,3869","-4,5","-13,28","-173,9",1,,,,
333541,144206,"-21,9416008","-48,95267487","509,1",1,8,"465,35","958,59","33,54","2,262","-4,0772","-1,9616","0,0363",0,"0,144","1,8196","0,0571","7,3506","0,2388","-0,043","0,937","-0,6579","1,2055","-0,671","-128,5415","8,57","62,1056","-4,44","-13,7","-174,57",1,,,,
333588,144206,"-21,9416008","-48,95267487","509,1",1,8,"465,35","958,59","33,54","2,262","-4,0772","-1,9621","0,0359",0,"0,1436","1,8002","0,0571","7,3217","0,2241","-0,0483","0,9331","0,3787","2,0591","-1,3418","-128,8499","8,6457","63,1296","-4,39","-13,71","-174,63",1,,,,
333688,144206,"-21,9416008","-48,95267487","509,1",1,8,"465,35","958,59","33,54","2,262","-4,0772","-1,9625","0,0352",0,"0,1455","1,765","0,0571","7,4135","0,2183","-0,0537","0,9575","-1,3287","-1,2335","-0,9759","-129,0963","9,7257","62,4339","-4,32","-13,68","-174,74",1,,,,
333788,144206,"-21,9416008","-48,95267487","509,1",1,8,"465,35","958,59","33,54","2,262","-4,0772","-1,9628","0,0346",0,"0,146","1,7365","0,0571","7,4305","0,2158","-0,0518","0,9565","-1,5116","-2,2091","-0,1223","-128,7013","8,4272","62,7347","-4,34","-13,67","-174,82",1,,,,
333888,144206,"-21,9416008","-48,95267487","509,1",1,8,"465,35","958,59","33,54","2,262","-4,0772","-1,9631","0,0341",0,"0,1463","1,7099","0,0571","7,4446","0,2129","-0,0498","0,9517","-0,536","-0,7457","-1,1588","-129,1167","7,8192","62,3341","-4,43","-13,7","-174,86",1,,,,
334041,144206,"-21,9416008","-48,95267487","509,1",1,8,"465,69","958,55","33,54","2,262","-4,0772","-2,0193","0,0348",0,"0,0645","1,7451","0,0571","7,4503","0,23","-0,0347","0,9561","1,2323","1,6933","-1,3418","-128,3989","9,1539","62,2591","-4,43","-13,7","-174,99",1,,,,
334088,144206,"-21,9416008","-48,95267487","509,1",1,8,"465,69","958,55","33,54","2,262","-4,0772","-2,0663","0,0352",0,"0,0781","1,7654","0,0571","7,4519","0,23","-0,0459","0,9536","0,2567","-0,9896","0,5485","-128,8367","7,8233","62,327","-4,32","-13,67","-175,19",1,,,,
334188,144206,"-21,9416008","-48,95267487","509,1",1,8,"465,69","958,55","33,54","2,262","-4,0772","-2,1056","0,0354",0,"0,0885","1,7769","0,0571","7,407","0,2261","-0,0483","0,9463","-0,1701","2,364","0,1216","-128,9446","9,1059","61,7649","-4,21","-13,6","-175,27",1,,,,
334288,144206,"-21,9416008","-48,95267487","509,1",1,8,"465,69","958,55","33,54","2,262","-4,0772","-2,1385","0,0359",0,"0,0981","1,8015","0,0571","7,4162","0,2305","-0,0459","0,9429","-1,7555","-0,136","2,8655","-128,4101","8,7926","62,4933","-4,17","-13,51","-175,21",1,,,,
334388,144206,"-21,9416008","-48,95267487","509,1",1,8,"465,69","958,55","33,54","2,262","-4,0772","-2,1659","0,0352",0,"0,1051","1,7671","0,0571","7,3697","0,2188","-0,0513","0,9341","-2,5482","0,047","-1,6466","-129,1167","7,8192","62,3341","-4,23","-13,46","-175,06",1,,,,
334541,144206,"-21,9416008","-48,95267487","509,1",1,8,"465,59","958,56","33,57","2,262","-4,0772","-2,1723","0,0349",0,"0,1369","1,7483","0,0571","7,4205","0,2246","-0,0518","0,9468","1,4152","0,5957","0,6095","-128,8398","8,2245","62,6012","-4,34","-13,42",-175,1,,,,
334588,144206,"-21,9416008","-48,95267487","509,1",1,8,"465,59","958,56","33,57","2,262","-4,0772","-2,1776","0,0349",0,"0,1379","1,7503","0,0571","7,3922","0,2241","-0,0542","0,9404","-0,0482","0,4738","0,4875","-128,5699","8,6498","63,1225","-4,38","-13,35","-174,99",1,,,,
334688,144206,"-21,9416008","-48,95267487","509,1",1,8,"465,59","958,56","33,57","2,262","-4,0772","-2,1821","0,0355",0,"0,1395","1,7822","0,0571","7,4088","0,2324","-0,063","0,9507","-1,6945","3,2177","-1,7076","-129,5086","8,7164","61,7591","-4,34","-13,26","-174,99",1,,,,
334788,144206,"-21,9416008","-48,95267487","509,1",1,8,"465,59","958,56","33,57","2,262","-4,0772","-2,1858","0,0348",0,"0,1406","1,7452","0,0571","7,4124","0,2207","-0,0469","0,9512","-0,597","0,5957","0,7924","-128,3012","8,2926","63,3496","-4,32","-13,13","-175,03",1,,,,
334888,144208,"-21,9416008","-48,95267487","509,1",1,8,"465,59","958,56","33,57","2,262","-4,0772","-2,189","0,0349",0,"0,1414","1,7517","0,0571","7,4039","0,2314","-0,0605","0,9487","0,2567","0,047","2,3168","-128,4071","8,3914","62,2192","-4,36","-13,03","-175,02",1,,,,
335041,144208,"-21,9416008","-48,95267487","509,1",1,8,"465,35","958,59","33,57","2,262","-4,0772","-2,152","0,0342",0,"0,2006","1,7149","0,0571","7,438","0,2124","-0,0435","0,959","-3,036","0,5957","2,2558","-128,7359","6,5607","63,1433","-4,42","-12,97","-174,95",1,,,,
335088,144208,"-21,9416008","-48,95267487","509,1",1,8,"465,35","958,59","33,57","2,262","-4,0772","-2,1211","0,0342",0,"0,1915","1,7126","0,0571","7,4274","0,2192","-0,041","0,9482","0,6835","-1,0506","-0,2442","-128,9772","8,8044","62,7618","-4,53","-12,94","-174,9",1,,,,
335188,144208,"-21,9416008","-48,95267487","509,1",1,8,"465,35","958,59","33,57","2,262","-4,0772","-2,0954","0,0339",0,"0,1837","1,6985","0,0571","7,4087","0,2109","-0,0493","0,9424","-1,0848","-2,3921","3,2924","-128,4193","7,2475","62,1593","-4,59","-12,95","-174,88",1,,,,
335288,144208,"-21,9416008","-48,95267487","509,1",1,8,"465,35","958,59","33,57","2,262","-4,0772","-2,0738","0,0338",0,"0,1772","1,6963","0,0571","7,3942","0,2197","-0,0459","0,9443","-0,1091","0,2299","0,4875","-128,2951","7,4901","62,8013","-4,65","-13,04","-174,84",1,,,,
335388,144208,"-21,9416008","-48,95267487","509,1",1,8,"465,35","958,59","33,57","2,262","-4,0772","-2,0558","0,0337",0,"0,1721","1,6919","0,0571","7,398","0,2183","-0,0508","0,9487","0,6226","0,2909","2,0119","-128,5557","8,6099","62,614","-4,69","-13,13","-174,78",1,,,,
335687,144208,"-21,9416008","-48,95267487","509,1",1,8,"465,48","958,58","33,58","2,262","-4,0772","-2,063","0,0346",0,"0,1351","1,7342","0,0571","7,3826","0,2246","-0,0547","0,9438","-1,0848","2,0591","-0,5491","-128,1526","8,074","62,9548","-4,57","-13,1","-174,72",1,,,,
335734,144208,"-21,9416008","-48,95267487","509,1",1,8,"465,48","958,58","33,58","2,262","-4,0772","-2,0689","0,0343",0,"0,1366","1,7189","0,0571","7,3743","0,2168","-0,0537","0,9434","-1,6335","-0,3799","0,7924","-128,8326","8,2046","62,347","-4,54","-13,05","-174,72",1,,,,
335834,144209,"-21,9416008","-48,95267487","509,1",1,8,"465,48","958,58","33,58","2,262","-4,0772","-2,0739","0,0331",0,"0,1392","1,6595","0,0571","7,4314","0,2065","-0,0464","0,9565","-1,3896","-0,8677","-0,793","-129,138","7,8791","63,0968","-4,56","-13,01","-174,69",1,,,,
335934,144209,"-21,9416008","-48,95267487","509,1",1,8,"465,48","958,58","33,58","2,262","-4,0772","-2,078","0,0343",0,"0,1396","1,7188","0,0571","7,39","0,2271","-0,0513","0,9429","-1,0848","1,1445","1,1582","-128,5497","7,8074","62,0657","-4,62","-13,02","-174,63",1,,,,
336034,144209,"-21,9416008","-48,95267487","509,1",1,8,"465,48","958,58","33,58","2,262","-4,0772","-2,0815","0,0349",0,"0,1407","1,7487","0,0571","7,3958","0,2256","-0,0557","0,9497","0,1348","0,8396","-0,5491","-128,5374","8,9513","62,1255","-4,69","-13,02","-174,55",1,,,,
336187,144209,"-21,9416008","-48,95267487","509,1",1,8,"465,59","958,56","33,59","2,262","-4,0772","-2,1018","0,0353",0,"0,117","1,77","0,0571","7,4403","0,231","-0,0557","0,9502","-1,9994","0,4738","-0,9759","-128,4284","8,4512","62,9818","-4,72","-12,98","-174,45",1,,,,
336234,144209,"-21,9416008","-48,95267487","509,1",1,8,"465,59","958,56","33,59","2,262","-4,0772","-2,1187","0,0354",0,"0,1219","1,7727","0,0571","7,4406","0,2266","-0,0591","0,9521","-0,8409","1,5713","-0,9149","-128,119","9,158","62,252","-4,73","-12,92","-174,41",1,,,,
336334,144209,"-21,9416008","-48,95267487","509,1",1,8,"465,59","958,56","33,59","2,262","-4,0772","-2,1329","0,0347",0,"0,1259","1,7422","0,0571","7,4366","0,2236","-0,0537","0,9473","0,1348","1,2055","-1,2198","-127,5541","7,5811","61,3952","-4,73","-12,83","-174,45",1,,,,
336434,144209,"-21,9416008","-48,95267487","509,1",1,8,"465,59","958,56","33,59","2,262","-4,0772","-2,1447","0,0356",0,"0,1293","1,7824","0,0571","7,438","0,2349","-0,0513","0,9512","0,4396","-0,4409","-0,4881","-128,4224","7,6487","62,4335","-4,71","-12,75","-174,56",1,,,,
336534,144209,"-21,9416008","-48,95267487","509,1",1,8,"465,59","958,56","33,59","2,262","-4,0772","-2,1546","0,0353",0,"0,1321","1,769","0,0571","7,436","0,2236","-0,042","0,9526","0,0128","-0,5018","-1,6466","-129,4108","7,855","62,8497","-4,65","-12,73","-174,61",1,,,,
336687,144209,"-21,9416008","-48,95267487","509,1",1,8,"465,48","958,58","33,6","2,262","-4,0772","-2,1455","0,0352",0,"0,1586","1,7629","0,0571","7,3685","0,2173","-0,0586","0,9365","0,6835","-0,7457","-1,0979","-128,5639","7,8473","62,5741","-4,61","-12,74","-174,62",1,,,,
336734,144209,"-21,9416008","-48,95267487","509,1",1,8,"465,48","958,58","33,6","2,262","-4,0772","-2,1378","0,0352",0,"0,1563","1,7663","0,0571","7,3659","0,2261","-0,0474","0,9438","-0,7189","0,1689","0,7314","-128,5598","8,2286","62,5941","-4,59","-12,78","-174,63",1,,,,
336834,144210,"-21,9416008","-48,95267487","509,1",1,8,"465,48","958,58","33,6","2,262","-4,0772","-2,1315","0,0355",0,"0,1548","1,779","0,0571","7,3816","0,2256","-0,0479","0,9492","-1,2677","0,8396","1,2192","-128,5415","8,57","62,1056","-4,57","-12,82","-174,63",1,,,,
336934,144210,"-21,9416008","-48,95267487","509,1",1,8,"465,48","958,58","33,6","2,262","-4,0772","-2,1262","0,0353",0,"0,1538","1,7683","0,0571","7,4098","0,2236","-0,0566","0,9463","-0,7799","0,9006","-0,2442","-128,8357","8,6058","62,6211","-4,59","-12,84","-174,63",1,,,,
337034,144210,"-21,9416008","-48,95267487","509,1",1,8,"465,48","958,58","33,6","2,262","-4,0772","-2,1217","0,0349",0,"0,152","1,7476","0,0571","7,384","0,2197","-0,0498","0,9424","-0,2311","0,2909","-0,1832","-128,287","8,2527","62,8412","-4,61","-12,81","-174,71",1,,,,
337187,144210,"-21,9416008","-48,95267487","509,1",1,8,"465,59","958,56","33,62","2,262","-4,0772","-2,1354","0,0341",0,"0,1253","1,7106","0,0571","7,3739","0,2109","-0,0518","0,9385","-0,9628","-0,7457","-0,793","-128,6769","7,9661","61,6979","-4,64","-12,81","-174,78",1,,,,
337234,144210,"-21,9416008","-48,95267487","509,1",1,8,"465,59","958,56","33,62","2,262","-4,0772","-2,1468","0,0343",0,"0,1286","1,7211","0,0571","7,3725","0,2231","-0,0518","0,9448","-1,4506","-0,136","0,4875","-128,8499","8,6457","63,1296","-4,66","-12,9","-174,82",1,,,,
337334,144210,"-21,9416008","-48,95267487","509,1",1,8,"465,59","958,56","33,62","2,262","-4,0772","-2,1564","0,0349",0,"0,1307","1,749","0,0571","7,3416","0,2271","-0,0439","0,939","-0,597","-0,9896","-0,3052","-128,2798","8,2327","62,587","-4,71","-12,99","-174,83",1,,,,
337434,144210,"-21,9416008","-48,95267487","509,1",1,8,"465,59","958,56","33,62","2,262","-4,0772","-2,1643","0,0349",0,"0,1335","1,751","0,0571","7,3675","0,2251","-0,0571","0,9468","0,0128","1,4494","1,9509","-128,7013","8,4272","62,7347","-4,75","-13,07","-174,81",1,,,,
337534,144210,"-21,9416008","-48,95267487","509,1",1,8,"465,59","958,56","33,62","2,262","-4,0772","-2,171","0,0362",0,"0,1355","1,8144","0,0571","7,3697","0,2344","-0,0386","0,9463","0,5006","-1,1116","-0,0613","-128,8275","9,3684","62,6611","-4,73","-13,07","-174,77",1,,,,
337814,144211,"-21,9416008","-48,95267487","509,1",1,8,"465,48","958,58","33,62","2,262","-4,0772","-2,1587","0,0351",0,"0,1638","1,7613","0,0571","7,3999","0,2324","-0,0552","0,9561","-1,2067","1,3274","-0,4881","-128,8387","9,0071","62,8953","-4,69","-13,09","-174,74",1,,,,
337861,144211,"-21,9416008","-48,95267487","509,1",1,8,"465,48","958,58","33,62","2,262","-4,0772","-2,1485","0,0352",0,"0,1609","1,7652","0,0571","7,4065","0,2261","-0,0513","0,9502","-0,7799","0,1079","-2,0125","-128,7155","8,4671","63,2432","-4,71","-13,05","-174,74",1,,,,
337961,144211,"-21,9416008","-48,95267487","509,1",1,8,"465,48","958,58","33,62","2,262","-4,0772","-2,1399","0,0358",0,"0,159","1,7936","0,0571","7,4312","0,228","-0,0503","0,9521","0,1957","1,6323","-1,5247","-128,574","8,2685","63,1025","-4,73",-13,"-174,83",1,,,,
338061,144211,"-21,9416008","-48,95267487","509,1",1,8,"465,48","958,58","33,62","2,262","-4,0772","-2,1328","0,0352",0,"0,1564","1,7658","0,0571","7,4048","0,2251","-0,0488","0,9404","-1,7555","0,2299","3,4753","-128,7013","8,4272","62,7347","-4,69","-12,89","-174,91",1,,,,
338161,144211,"-21,9416008","-48,95267487","509,1",1,8,"465,48","958,58","33,62","2,262","-4,0772","-2,1268","0,0349",0,"0,1543","1,7475","0,0571","7,389","0,2153","-0,0493","0,9429","-0,7799","-1,1116","0,6095","-128,2687","8,594","62,3527","-4,7","-12,77","-174,79",1,,,,
338314,144211,"-21,9416008","-48,95267487","509,1",1,8,"465,59","958,56","33,63","2,262","-4,0772","-2,1396","0,0347",0,"0,1269","1,7396","0,0571","7,3933","0,2188","-0,0469","0,9429","-1,0848","3,2787","-0,0003","-128,4377","6,9061","62,6478","-4,76","-12,73","-174,61",1,,,,
338361,144211,"-21,9416008","-48,95267487","509,1",1,8,"465,59","958,56","33,63","2,262","-4,0772","-2,1504","0,0354",0,"0,1301","1,7758","0,0571","7,3976","0,2349","-0,0493","0,9487","-0,2921","-0,3799","0,8534","-128,684","7,986","61,9521","-4,79","-12,66","-174,5",1,,,,
338461,144211,"-21,9416008","-48,95267487","509,1",1,8,"465,59","958,56","33,63","2,262","-4,0772","-2,1593","0,0348",0,"0,1332","1,7425","0,0571","7,4223","0,2212","-0,0518","0,9561","-1,9384","-0,6848","0,7314","-128,2839","7,8514","62,567","-4,81","-12,58","-174,4",1,,,,
338561,144211,"-21,9416008","-48,95267487","509,1",1,8,"465,59","958,56","33,63","2,262","-4,0772","-2,1668","0,0345",0,"0,1344","1,7321","0,0571","7,3763","0,2153","-0,0508","0,9438","0,3177","0,2909","-0,854","-127,9958","8,6181","62,5998","-4,84","-12,58","-174,31",1,,,,
338661,144211,"-21,9416008","-48,95267487","509,1",1,8,"465,59","958,56","33,63","2,262","-4,0772","-2,1731","0,0347",0,"0,1365","1,7404","0,0571","7,3917","0,2305","-0,0527","0,9458","0,5006","-2,2091","1,2802","-128,1353","7,6329","62,1721","-4,82","-12,63","-174,27",1,,,,
338814,144212,"-21,9416008","-48,95267487","509,1",1,8,"465,48","958,58","33,65","2,262","-4,0772","-2,1609","0,0344",0,"0,1639","1,7244","0,0571","7,4155","0,2192","-0,0527","0,9585","-0,597","-0,3799","-0,4271","-128,5369","9,3425","62,2726","-4,75","-12,71","-174,21",1,,,,
338861,144212,"-21,9416008","-48,95267487","509,1",1,8,"465,48","958,58","33,65","2,262","-4,0772","-2,1507","0,0345",0,"0,1605","1,7279","0,0571","7,3901","0,2222","-0,0435","0,9409","-1,9994","0,4738","-0,671","-129,1044","8,9631","62,394","-4,67","-12,77","-174,18",1,,,,
338961,144212,"-21,9416008","-48,95267487","509,1",1,8,"465,48","958,58","33,65","2,262","-4,0772","-2,1422","0,0347",0,"0,1574","1,7394","0,0571","7,3561","0,2192","-0,0469","0,9365","-2,6091","-1,5994","1,829","-128,9883","8,4431","62,996","-4,67","-12,76","-174,19",1,,,,
339061,144212,"-21,9416008","-48,95267487","509,1",1,8,"465,48","958,58","33,65","2,262","-4,0772","-2,1352","0,035",0,"0,1555","1,7533","0,0571","7,3624","0,2319","-0,0522","0,9409","-0,1701","3,0957","-0,9149","-128,6789","9,1499","62,2662","-4,78","-12,75","-174,18",1,,,,
339161,144212,"-21,9416008","-48,95267487","509,1",1,8,"465,48","958,58","33,65","2,262","-4,0772","-2,1292","0,0352",0,"0,1538","1,7642","0,0571","7,3628","0,2241","-0,0522","0,9458","-0,6579","-0,9896","0,6095","-128,1201","8,3755","61,9578","-4,81","-12,67","-174,19",1,,,,
339314,144212,"-21,9416008","-48,95267487","509,1",1,8,"465,59","958,56","33,66","2,262","-4,0772","-2,1417","0,0354",0,"0,1268","1,7725","0,0571","7,358","0,2251","-0,061","0,9448","-0,597","1,6323","-1,3418","-128,2758","8,614","62,6069","-4,76","-12,66","-174,24",1,,,,
339361,144212,"-21,9416008","-48,95267487","509,1",1,8,"465,59","958,56","33,66","2,262","-4,0772","-2,1521","0,0359",0,"0,1302","1,7989","0,0571","7,3772","0,2349","-0,0503","0,9502","-0,6579","-0,6848","0,3046","-128,287","8,2527","62,8412","-4,71","-12,72","-174,33",1,,,,
339461,144212,"-21,9416008","-48,95267487","509,1",1,8,"465,59","958,56","33,66","2,262","-4,0772","-2,1607","0,0356",0,"0,1327","1,7826","0,0571","7,3765","0,2207","-0,0542","0,9429","0,5006","1,5104","-1,0369","-128,3989","9,1539","62,2591","-4,67","-12,76","-174,35",1,,,,
339561,144212,"-21,9416008","-48,95267487","509,1",1,8,"465,59","958,56","33,66","2,262","-4,0772","-2,168","0,0347",0,"0,1353","1,7381","0,0571","7,4024","0,2295","-0,0435","0,9487","-0,1701","0,2299","0,7924","-128,5639","7,8473","62,5741","-4,63","-12,72","-174,28",1,,,,
339661,144212,"-21,9416008","-48,95267487","509,1",1,8,"465,59","958,56","33,66","2,262","-4,0772","-2,174","0,0351",0,"0,1375","1,7594","0,0571","7,4266","0,2271","-0,0444","0,9526","-1,9994","-0,8677","0,4265","-128,6739","7,5648","61,4237","-4,62","-12,67","-174,2",1,,,,
339937,144213,"-21,9416008","-48,95267487","509,1",1,8,"465,59","958,56","33,67","2,262","-4,0772","-2,1791","0,0345",0,"0,139","1,7317","0,0571","7,4282","0,2231","-0,0435","0,9512","-0,414","-2,453","2,4387","-128,2758","8,614","62,6069","-4,71","-12,8","-174,1",1,,,,
339984,144213,"-21,9416008","-48,95267487","509,1",1,8,"465,59","958,56","33,67","2,262","-4,0772","-2,1833","0,0342",0,"0,1397","1,7143","0,0571","7,4019","0,2158","-0,0596","0,9419","-0,475","0,5348","-0,9759","-127,5998","8,1022","63,1948","-4,72","-12,81","-174,05",1,,,,
340084,144213,"-21,9416008","-48,95267487","509,1",1,8,"465,59","958,56","33,67","2,262","-4,0772","-2,1869","0,0347",0,"0,1409","1,7385","0,0571","7,412","0,2246","-0,0527","0,9512","0,4396","1,2055","0,2436","-129,5594","8,0736","63,2445","-4,73","-12,82","-173,98",1,,,,
340184,144213,"-21,9416008","-48,95267487","509,1",1,8,"465,59","958,56","33,67","2,262","-4,0772","-2,1898","0,0354",0,"0,1424","1,774","0,0571","7,445","0,2388","-0,0518","0,959","-2,7921","-1,1116","0,6095","-128,3949","9,5352","62,279","-4,69","-12,76","-173,94",1,,,,
340284,144213,"-21,9416008","-48,95267487","509,1",1,8,"465,59","958,56","33,67","2,262","-4,0772","-2,1923","0,0353",0,"0,1429","1,7695","0,0571","7,4318","0,2231","-0,0503","0,9497","0,1348","1,6323","3,2314","-128,97","8,7844","62,5076","-4,73","-12,76","-173,87",1,,,,
340437,144213,"-21,9416008","-48,95267487","509,1",1,8,"465,59","958,56","33,68","2,262","-4,0772","-2,1943","0,0356",0,"0,143","1,7834","0,0571","7,4078","0,2334","-0,0459","0,939","-1,3896","0,7177","0,3046","-128,4101","8,7926","62,4933","-4,8","-12,78","-173,75",1,,,,
340484,144213,"-21,9416008","-48,95267487","509,1",1,8,"465,59","958,56","33,68","2,262","-4,0772","-2,196","0,0353",0,"0,1431","1,7677","0,0571","7,3877","0,2217","-0,0508","0,9419","-1,0848","-0,2579","0,6704","-129,3701","8,9191","61,8927","-4,86","-12,8","-173,67",1,,,,
340584,144213,"-21,9416008","-48,95267487","509,1",1,8,"465,59","958,56","33,68","2,262","-4,0772","-2,1975","0,035",0,"0,1438","1,7536","0,0571","7,4033","0,2246","-0,0522","0,9561","-1,9384","-2,3921","-2,2564","-128,683","8,7686","62,2462","-4,91","-12,84","-173,67",1,,,,
340684,144213,"-21,9416008","-48,95267487","509,1",1,8,"465,59","958,56","33,68","2,262","-4,0772","-2,1987","0,0355",0,"0,1449","1,7798","0,0571","7,4401","0,2324","-0,0391","0,9526","-0,536","0,1079","2,3777","-128,8062","9,3085","61,8984","-4,95","-12,95","-173,76",1,,,,
340784,144213,"-21,9416008","-48,95267487","509,1",1,8,"465,59","958,56","33,68","2,2621","-4,0772","-2,1997","0,0354",0,"0,1446","1,7764","0,0571","7,4115","0,2197","-0,0518","0,9487","-0,475","-1,7823","1,9509","-128,6778","9,9324","62,5603","-4,96","-13,03","-173,82",1,,,,
340937,144214,"-21,9416008","-48,95267487","509,1",1,8,"465,48","958,58","33,69","2,2621","-4,0772","-2,1831","0,0356",0,"0,1699","1,7849","0,0571","7,3949","0,229","-0,0601","0,939","0,6226","0,1079","0,6095","-128,4082","7,6088","61,925","-4,97","-13,08","-173,79",1,,,,
340984,144214,"-21,9416008","-48,95267487","509,1",1,8,"465,48","958,58","33,69","2,2621","-4,0772","-2,1693","0,0358",0,"0,1658","1,7961","0,0571","7,3858","0,231","-0,0479","0,9443","0,4396","-1,0506","-0,6101","-128,8417","9,4083","63,1695","-4,96","-13,14","-173,76",1,,,,
341084,144214,"-21,9416008","-48,95267487","509,1",1,8,"465,48","958,58","33,69","2,2621","-4,0772","-2,1578","0,0345",0,"0,1632","1,7289","0,0571","7,4218","0,2104","-0,0503","0,9541","-0,1701","-0,8067","1,0973","-128,5191","9,2926","61,6371","-4,9","-13,18","-173,75",1,,,,
341184,144214,"-21,9416008","-48,95267487","509,1",1,8,"465,48","958,58","33,69","2,2621","-4,0772","-2,1481","0,0353",0,"0,1597","1,7688","0,0571","7,3894","0,228","-0,0557","0,9453","-1,0238","-0,5018","2,4387","-128,5303","8,9313","61,8713","-4,85","-13,21","-173,73",1,,,,
341284,144214,"-21,9416008","-48,95267487","509,1",1,8,"465,48","958,58","33,69","2,2621","-4,0772","-2,1401","0,0354",0,"0,1575","1,7754","0,0571","7,3928","0,2271","-0,0542","0,9443","-0,1701","-0,5018","-0,9149","-127,5957","8,4834","63,2147","-4,86","-13,23","-173,66",1,,,,
341437,144214,"-21,9416008","-48,95267487","509,1",1,8,"465,69","958,55","33,69","2,2621","-4,0772","-2,1672","0,0354",0,"0,1063","1,7758","0,0571","7,4081","0,2227","-0,0464","0,9473","-0,6579","0,4738","-1,5857","-127,9745","8,5582","61,8371","-4,86","-13,26","-173,65",1,,,,
341484,144214,"-21,9416008","-48,95267487","509,1",1,8,"465,69","958,55","33,69","2,2621","-4,0772","-2,1899","0,0356",0,"0,113","1,7825","0,0571","7,4195","0,2285","-0,0571","0,9526","-2,6091","0,2299","-1,2198","-128,2758","8,614","62,6069","-4,85","-13,28","-173,76",1,,,,
341584,144214,"-21,9416008","-48,95267487","509,1",1,8,"465,69","958,55","33,69","2,2621","-4,0772","-2,2089","0,0355",0,"0,1177","1,7781","0,0571","7,3807","0,2236","-0,0415","0,939","0,1348","-0,8067","1,5851","-128,4366","7,6887","62,9419","-4,86","-13,31","-173,88",1,,,,
341684,144214,"-21,9416008","-48,95267487","509,1",1,8,"465,69","958,55","33,69","2,2621","-4,0772","-2,2247","0,0349",0,"0,1228","1,7508","0,0571","7,4063","0,2202","-0,0557","0,9531","-0,7799","0,1689","0,3655","-128,8428","8,6258","62,8754","-4,84","-13,4","-173,93",1,,,,
341784,144214,"-21,9416008","-48,95267487","509,1",1,8,"465,69","958,55","33,69","2,2621","-4,0772","-2,2379","0,0351",0,"0,1267","1,7622","0,0571","7,4103","0,2266","-0,0513","0,9434","-0,353","1,3884","-0,732","-128,8509","7,8632","62,8354","-4,78","-13,47","-173,98",1,,,,
342065,144215,"-21,9416008","-48,95267487","509,1",1,8,"465,59","958,56","33,7","2,2621","-4,0772","-2,232","0,0353",0,"0,1549","1,7703","0,0571","7,4211","0,2246","-0,0591","0,9521","-1,2067","0,3518","0,5485","-128,686","9,1698","62,5204","-4,58","-13,41","-174,19",1,,,,
342112,144215,"-21,9416008","-48,95267487","509,1",1,8,"465,59","958,56","33,7","2,2621","-4,0772","-2,2271","0,036",0,"0,1539","1,8031","0,0571","7,4415","0,2368","-0,0469","0,957","-0,1701","-1,1116","-0,0613","-128,8214","8,5659","62,1127","-4,56","-13,4","-174,2",1,,,,
342212,144215,"-21,9416008","-48,95267487","509,1",1,8,"465,59","958,56","33,7","2,2621","-4,0772","-2,223","0,0356",0,"0,1524","1,7853","0,0571","7,4274","0,2261","-0,0518","0,9478","-0,414","2,7299","-0,732","-128,403","8,7726","62,2391","-4,58","-13,45","-174,19",1,,,,
342312,144215,"-21,9416008","-48,95267487","509,1",1,8,"465,59","958,56","33,7","2,2621","-4,0772","-2,2196","0,036",0,"0,1508","1,8027","0,0571","7,3993","0,2339","-0,0474","0,9478","-0,475","-1,1116","0,9753","-128,5405","9,3525","62,3997","-4,59","-13,46","-174,2",1,,,,
342412,144215,"-21,9416008","-48,95267487","509,1",1,8,"465,59","958,56","33,7","2,2621","-4,0772","-2,2167","0,0351",0,"0,1504","1,7603","0,0571","7,4161","0,2207","-0,0508","0,9458","-2,0604","-1,9652","-2,3174","-128,9955","8,463","63,2503","-4,56","-13,4","-174,2",1,,,,
342565,144215,"-21,9416008","-48,95267487","509,1",1,8,"465,59","958,56","33,7","2,2621","-4,0772","-2,2143","0,0349",0,"0,1504","1,7486","0,0571","7,4542","0,2173","-0,0493","0,9546","1,2933","1,3884","-0,1223","-128,5486","8,5899","62,3598","-4,58","-13,35","-174,25",1,,,,
342612,144215,"-21,9416008","-48,95267487","509,1",1,8,"465,59","958,56","33,7","2,2621","-4,0772","-2,2123","0,0345",0,"0,1496","1,7275","0,0571","7,4445","0,2163","-0,0576","0,9502","0,4396","-0,7457","2,4997","-128,1414","8,4354","62,7205","-4,58","-13,3","-174,27",1,,,,
342712,144215,"-21,9416008","-48,95267487","509,1",1,8,"465,59","958,56","33,7","2,2621","-4,0772","-2,2106","0,0344",0,"0,1486","1,7265","0,0571","7,4182","0,2207","-0,0537","0,9414","-0,536","-0,5018","0,4875","-128,9843","8,8244","63,016","-4,57","-13,3","-174,21",1,,,,
342812,144216,"-21,9416008","-48,95267487","509,1",1,8,"465,59","958,56","33,7","2,2621","-4,0772","-2,2092","0,0335",0,"0,1478","1,6775","0,0571","7,3949","0,208","-0,0488","0,9478","-1,3896","0,2299","0,6704","-128,7054","8,0459","62,7148","-4,61","-13,38","-174,13",1,,,,
342912,144216,"-21,9416008","-48,95267487","509,1",1,8,"465,59","958,56","33,7","2,2621","-4,0772","-2,2081","0,0343",0,"0,1467","1,7201","0,0571","7,3585","0,2173","-0,0532","0,9424","-1,8165","-1,5994","-0,0613","-129,5553","8,4549","63,2645","-4,69","-13,41","-174,06",1,,,,
343065,144216,"-21,9416008","-48,95267487","509,1",1,8,"465,48","958,58","33,71","2,2621","-4,0772","-2,1901","0,0348",0,"0,1712","1,7452","0,0571","7,3577","0,2222","-0,0488","0,9365","-0,353","1,2665","-1,1588","-128,8376","9,7896","63,1895","-4,76","-13,42","-174,08",1,,,,
343112,144216,"-21,9416008","-48,95267487","509,1",1,8,"465,48","958,58","33,71","2,2621","-4,0772","-2,1752","0,0349",0,"0,1671","1,7511","0,0571","7,3655","0,2251","-0,0493","0,9463","-0,2921","-1,7213","0,9143","-128,8336","10,1709","63,2094","-4,81","-13,42","-174,15",1,,,,
343212,144216,"-21,9416008","-48,95267487","509,1",1,8,"465,48","958,58","33,71","2,2621","-4,0772","-2,1627","0,035",0,"0,1639","1,7528","0,0571","7,3891","0,2227","-0,0518","0,9478","0,1348","0,3518","2,8046","-128,9772","8,8044","62,7618","-4,8","-13,43","-174,22",1,,,,
343312,144216,"-21,9416008","-48,95267487","509,1",1,8,"465,48","958,58","33,71","2,2621","-4,0772","-2,1522","0,0351",0,"0,1612","1,7619","0,0571","7,405","0,2354","-0,0527","0,9526","-0,7189","0,1079","1,0363","-128,6789","9,1499","62,2662","-4,76","-13,45","-174,25",1,,,,
343412,144216,"-21,9416008","-48,95267487","509,1",1,8,"465,48","958,58","33,71","2,2621","-4,0772","-2,1435","0,0354",0,"0,1588","1,7745","0,0571","7,4094","0,2344","-0,0596","0,9521","-1,3896","1,0226","0,5485","-128,7125","8,0659","62,969","-4,69","-13,44","-174,27",1,,,,
343565,144216,"-21,9416008","-48,95267487","509,1",1,8,"465,59","958,56","33,72","2,2621","-4,0772","-2,1531","0,0348",0,"0,1324","1,7442","0,0571","7,4356","0,2227","-0,0596","0,9556","-0,9018","-1,9043","1,9509","-128,1496","7,6728","62,6806","-4,67","-13,36","-174,25",1,,,,
343612,144216,"-21,9416008","-48,95267487","509,1",1,8,"465,59","958,56","33,72","2,2621","-4,0772","-2,1612","0,035",0,"0,1348","1,7546","0,0571","7,4387","0,2266","-0,0503","0,9526","-0,2311","-0,5628","0,9753","-129,2683","8,439","63,0032","-4,7","-13,33","-174,17",1,,,,
343712,144216,"-21,9416008","-48,95267487","509,1",1,8,"465,59","958,56","33,72","2,2621","-4,0772","-2,1679","0,0349",0,"0,1367","1,7502","0,0571","7,4339","0,2178","-0,0605","0,9556","-0,353","1,3274","-3,1101","-129,2601","9,2016","63,0431","-4,7","-13,32","-174,1",1,,,,
343812,144217,"-21,9416008","-48,95267487","509,1",1,8,"465,59","958,56","33,72","2,2621","-4,0772","-2,1735","0,0345",0,"0,1377","1,7303","0,0571","7,4073","0,2192","-0,043","0,9395","-0,9628","1,5104","-0,3662","-128,1272","8,3954","62,212","-4,67","-13,34","-174,2",1,,,,
343912,144217,"-21,9416008","-48,95267487","509,1",1,8,"465,59","958,56","33,72","2,2621","-4,0772","-2,1782","0,0351",0,"0,139","1,7581","0,0571","7,4026","0,2334","-0,0479","0,9478","-0,353","-0,3189","0,3046","-128,2575","8,9554","62,1184","-4,68","-13,37","-174,3",1,,,,
344251,144217,"-21,9416008","-48,95267487","509,1",1,8,"465,59","958,56","33,73","2,2621","-4,0772","-2,1826","0,035",0,"0,1395","1,7526","0,0571","7,404","0,228","-0,0532","0,9507","-0,597","0,8396","1,4021","-127,442","9,4287","63,1339","-4,57","-13,42","-174,35",1,,,,
344298,144217,"-21,9416008","-48,95267487","509,1",1,8,"465,59","958,56","33,73","2,2621","-4,0772","-2,1863","0,0349",0,"0,1401","1,7519","0,0571","7,3792","0,2236","-0,0625","0,9399","-1,9384","1,2665","0,4265","-129,5248","9,9401","62,8359","-4,55","-13,39","-174,32",1,,,,
344398,144217,"-21,9416008","-48,95267487","509,1",1,8,"465,59","958,56","33,73","2,2621","-4,0772","-2,1893","0,0345",0,"0,1412","1,732","0,0571","7,3892","0,2236","-0,0479","0,9482","0,2567","-2,0262","1,768","-128,9629","8,7645","62,2533","-4,58","-13,32","-174,27",1,,,,
344498,144217,"-21,9416008","-48,95267487","509,1",1,8,"465,59","958,56","33,73","2,2621","-4,0772","-2,1919","0,0346",0,"0,1411","1,735","0,0571","7,3518","0,2222","-0,0625","0,9424","0,0738","0,7177","-0,3662","-128,6778","9,9324","62,5603","-4,62","-13,31","-174,2",1,,,,
344598,144217,"-21,9416008","-48,95267487","509,1",1,8,"465,59","958,56","33,73","2,2621","-4,0772","-2,194","0,0341",0,"0,1418","1,7119","0,0571","7,3521","0,2183","-0,0508","0,9419","-0,2921","0,9616","0,3046","-128,5598","8,2286","62,5941","-4,63","-13,28","-174,2",1,,,,
344751,144217,"-21,9416008","-48,95267487","509,1",1,8,"465,59","958,56","33,74","2,2621","-4,0772","-2,1958","0,0345",0,"0,1425","1,7274","0,0571","7,3639","0,2202","-0,0454","0,938","-2,853","-0,2579","2,5607","-128,3042","8,6938","63,6238","-4,62","-13,2","-174,22",1,,,,
344798,144217,"-21,9416008","-48,95267487","509,1",1,8,"465,59","958,56","33,74","2,2621","-4,0772","-2,1973","0,0349",0,"0,1434","1,7487","0,0571","7,3842","0,2285","-0,0474","0,9512","-0,0482","-0,6848","1,829","-128,9528","8,3433","61,7249","-4,66","-13,12","-174,19",1,,,,
344898,144217,"-21,9416008","-48,95267487","509,1",1,8,"465,59","958,56","33,74","2,2621","-4,0772","-2,1985","0,0352",0,"0,144","1,7663","0,0571","7,3973","0,2324","-0,0513","0,9512","-0,597","0,1689","-2,3174","-128,9416","8,7046","61,4907","-4,69","-13,09","-174,11",1,,,,
344998,144217,"-21,9416008","-48,95267487","509,1",1,8,"465,59","958,56","33,74","2,2621","-4,0772","-2,1996","0,0353",0,"0,1426","1,77","0,0571","7,3153","0,228","-0,0391","0,9229","-0,1091","-1,9652","-0,6101","-127,7342","8,2808","63,0812","-4,66","-13,11","-174,17",1,,,,
345098,144217,"-21,9416008","-48,95267487","509,1",1,8,"465,59","958,56","33,74","2,2621","-4,0772","-2,2004","0,0355",0,"0,1434","1,7801","0,0571","7,3411","0,2305","-0,041","0,9497","-0,8409","-0,9896","2,0729","-128,5486","8,5899","62,3598","-4,63","-13,17","-174,24",1,,,,
345251,144217,"-21,9416008","-48,95267487","509,1",1,8,"465,48","958,58","33,75","2,2621","-4,0772","-2,1838","0,0351",0,"0,1691","1,7603","0,0571","7,3431","0,2241","-0,0605","0,9399","-2,3043","-0,5628","0,3046","-127,9958","8,6181","62,5998","-4,64","-13,21","-174,17",1,,,,
345298,144217,"-21,9416008","-48,95267487","509,1",1,8,"465,48","958,58","33,75","2,2621","-4,0772","-2,1699","0,0353",0,"0,165","1,7716","0,0571","7,3381","0,2285","-0,0513","0,9404","0,3177","-0,7457","-0,732","-128,5486","8,5899","62,3598","-4,65","-13,25","-174,07",1,,,,
345398,144217,"-21,9416008","-48,95267487","509,1",1,8,"465,48","958,58","33,75","2,2621","-4,0772","-2,1582","0,0349",0,"0,1621","1,7477","0,0571","7,3603","0,2202","-0,0513","0,9429","0,0738","0,5957","1,0363","-128,571","7,8673","62,8283","-4,65","-13,3","-174,01",1,,,,
345498,144217,"-21,9416008","-48,95267487","509,1",1,8,"465,48","958,58","33,75","2,2621","-4,0772","-2,1485","0,0348",0,"0,1595","1,7457","0,0571","7,3725","0,2222","-0,0439","0,9443","-0,2311","-1,1726","2,8046","-127,8401","8,3796","61,9507","-4,64","-13,36","-173,95",1,,,,
345598,144217,"-21,9416008","-48,95267487","509,1",1,8,"465,48","958,58","33,75","2,2621","-4,0772","-2,1404","0,0355",0,"0,1578","1,7802","0,0571","7,4022","0,2305","-0,062","0,9507","-0,1701","-0,2579","-1,5857","-128,8316","8,9871","62,6411","-4,64","-13,43","-173,85",1,,,,
345751,144217,"-21,9416008","-48,95267487","509,1",1,8,"465,35","958,59","33,75","2,2621","-4,0772","-2,1114","0,0351",0,"0,1897","1,7592","0,0571","7,4787","0,2251","-0,0464","0,9639","0,5616","-0,9287","1,4021","-128,5374","8,9513","62,1255","-4,6","-13,48","-173,86",1,,,,
345798,144219,"-21,9416008","-48,95267487","509,1",1,8,"465,35","958,59","33,75","2,2621","-4,0772","-2,0872","0,035",0,"0,1818","1,7551","0,0571","7,4286","0,2231","-0,0503","0,939","1,0494","0,5957","3,4753","-127,8584","8,0382","62,4392","-4,54","-13,47","-173,85",1,,,,
345898,144219,"-21,9416008","-48,95267487","509,1",1,8,"465,35","958,59","33,75","2,2621","-4,0772","-2,067","0,0333",0,"0,1764","1,6719","0,0571","7,4515","0,2051","-0,0557","0,9492","-1,0848","-1,1116","-0,3662","-128,9914","8,8443","63,2702","-4,49","-13,41","-173,74",1,,,,
345998,144219,"-21,9416008","-48,95267487","509,1",1,8,"465,35","958,59","33,75","2,2621","-4,0772","-2,0501","0,0343",0,"0,1715","1,7192","0,0571","7,4498","0,2285","-0,0557","0,9517","-1,2067","-2,2091","0,3655","-128,403","8,7726","62,2391","-4,48","-13,37","-173,65",1,,,,
346098,144219,"-21,9416008","-48,95267487","509,1",1,8,"465,35","958,59","33,75","2,2621","-4,0772","-2,036","0,0344",0,"0,1666","1,7258","0,0571","7,4093","0,2212","-0,0508","0,9409","-1,2067","-1,6604","0,9753","-129,2765","7,6764","62,9632","-4,46","-13,39","-173,68",1,,,,
346379,144219,"-21,9416008","-48,95267487","509,1",1,8,"465,48","958,58","33,73","2,2621","-4,0772","-2,0464","0,035",0,"0,1312","1,7524","0,0571","7,4254","0,23","-0,0454","0,9487","-1,6335","-1,9043","-3,4759","-128,7196","8,0858","63,2232","-4,49","-13,57","-173,66",1,,,,
346426,144219,"-21,9416008","-48,95267487","509,1",1,8,"465,48","958,58","33,73","2,262","-4,0772","-2,0551","0,034",0,"0,1331","1,7043","0,0571","7,3985","0,2075","-0,0479","0,9414","0,8055","0,7177","-2,8052","-128,4295","7,6687","62,6877","-4,5","-13,59","-173,69",1,,,,
346526,144219,"-21,9416008","-48,95267487","509,1",1,8,"465,48","958,58","33,73","2,262","-4,0772","-2,0623","0,0347",0,"0,135","1,7383","0,0571","7,3885","0,2241","-0,0562","0,9458","-0,2311","1,3274","-0,854","-128,4142","8,4113","62,4734","-4,49","-13,58","-173,85",1,,,,
346626,144219,"-21,9416008","-48,95267487","509,1",1,8,"465,48","958,58","33,73","2,262","-4,0772","-2,0684","0,0348",0,"0,1374","1,7454","0,0571","7,4205","0,2236","-0,0557","0,9478","-1,0848","-0,6238","-0,0613","-128,119","9,158","62,252","-4,44","-13,48","-173,99",1,,,,
346726,144219,"-21,9416008","-48,95267487","509,1",1,8,"465,48","958,58","33,73","2,262","-4,0772","-2,0734","0,0342",0,"0,1387","1,7132","0,0571","7,4137","0,2231","-0,0474","0,9507","-1,0848","0,6567","-1,4027","-128,8214","8,5659","62,1127","-4,38","-13,46","-174,1",1,,,,
346879,144220,"-21,9416008","-48,95267487","509,1",1,8,"465,59","958,56","33,73","2,262","-4,0772","-2,0946","0,0344",0,"0,1154","1,7239","0,0571","7,4245","0,2178","-0,0503","0,9497","-0,475","0,047","1,3412","-128,6728","8,3474","61,7178","-4,33","-13,5","-174,17",1,,,,
346926,144220,"-21,9416008","-48,95267487","509,1",1,8,"465,59","958,56","33,73","2,262","-4,0772","-2,1123","0,0338",0,"0,121","1,6945","0,0571","7,4525","0,2109","-0,0459","0,96","-0,0482","1,8152","-0,4881","-127,7443","8,702","63,6096","-4,29","-13,5","-174,17",1,,,,
347026,144220,"-21,9416008","-48,95267487","509,1",1,8,"465,59","958,56","33,73","2,262","-4,0772","-2,1271","0,0341",0,"0,1242","1,7117","0,0571","7,401","0,2246","-0,0435","0,9482","-2,0604","-1,0506","-0,732","-129,4068","8,2363","62,8696","-4,24","-13,47","-174,19",1,,,,
347126,144220,"-21,9416008","-48,95267487","509,1",1,8,"465,59","958,56","33,73","2,262","-4,0772","-2,1394","0,0351",0,"0,1281","1,7616","0,0571","7,4159","0,2305","-0,0405","0,9458","-1,1457","-1,4165","-1,0369","-129,2551","7,6165","62,2006","-4,23","-13,5","-174,26",1,,,,
347226,144220,"-21,9416008","-48,95267487","509,1",1,8,"465,59","958,56","33,73","2,262","-4,0772","-2,1497","0,0353",0,"0,1303","1,7696","0,0571","7,3753","0,2256","-0,0498","0,9395","-0,2311","-1,2335","-0,2442","-130,0939","8,3868","62,516","-4,26","-13,55","-174,33",1,,,,
347379,144220,"-21,9416008","-48,95267487","509,1",1,8,"465,59","958,56","33,74","2,262","-4,0772","-2,1588","0,0346",0,"0,1318","1,734","0,0571","7,3597","0,2173","-0,0425","0,9409","-1,3896","0,5957","-0,1832","-128,8438","7,8432","62,5812","-4,27","-13,56","-174,41",1,,,,
347426,144220,"-21,9416008","-48,95267487","509,1",1,8,"465,59","958,56","33,74","2,262","-4,0772","-2,1664","0,0352",0,"0,1346","1,7648","0,0571","7,3928","0,2324","-0,0459","0,9551","-0,597","0,2909","1,0973","-128,8458","9,027","63,1495","-4,29","-13,5","-174,48",1,,,,
347526,144220,"-21,9416008","-48,95267487","509,1",1,8,"465,59","958,56","33,74","2,262","-4,0772","-2,1727","0,0353",0,"0,1365","1,7686","0,0571","7,3969","0,2261","-0,0605","0,9448","-2,3652","1,2055","3,2314","-128,5415","8,57","62,1056","-4,33","-13,4","-174,43",1,,,,
347626,144220,"-21,9416008","-48,95267487","509,1",1,8,"465,59","958,56","33,74","2,262","-4,0772","-2,178","0,0345",0,"0,1379","1,7281","0,0571","7,3877","0,2202","-0,0498","0,9458","-0,1701","1,6323","-0,854","-128,8143","8,5459","61,8585","-4,41","-13,3","-174,22",1,,,,
347726,144220,"-21,9416008","-48,95267487","509,1",1,8,"465,59","958,56","33,74","2,262","-4,0772","-2,1824","0,0355",0,"0,1396","1,7783","0,0571","7,4112","0,229","-0,0474","0,9536","-0,6579","-1,4165","-0,9759","-128,2747","9,3965","62,9011","-4,45","-13,22","-174,11",1,,,,
347879,144220,"-21,9416008","-48,95267487","509,1",1,8,"465,48","958,58","33,73","2,262","-4,0772","-2,1687","0,0347",0,"0,1661","1,7422","0,0571","7,4094","0,2251","-0,0474","0,9487","-0,1701","0,047","-0,0003","-128,4274","9,2338","63,276","-4,48","-13,23","-174,12",1,,,,
347926,144220,"-21,9416008","-48,95267487","509,1",1,8,"465,48","958,58","33,73","2,262","-4,0772","-2,1572","0,0341",0,"0,1627","1,7115","0,0571","7,406","0,2124","-0,0488","0,9478","-1,9384","0,2299","3,2924","-129,2622","7,6365","62,4548","-4,48","-13,22","-174,11",1,,,,
348026,144220,"-21,9416008","-48,95267487","509,1",1,8,"465,48","958,58","33,73","2,262","-4,0772","-2,1477","0,0355",0,"0,16","1,7804","0,0571","7,4113","0,2451","-0,0449","0,9492","-0,9018","-0,8067","-0,854","-128,5598","8,2286","62,5941","-4,53","-13,18","-174,02",1,,,,
348126,144220,"-21,9416008","-48,95267487","509,1",1,8,"465,48","958,58","33,73","2,262","-4,0772","-2,1397","0,0356",0,"0,1585","1,7856","0,0571","7,4501","0,2275","-0,0474","0,9595","-2,3043","1,8152","1,8899","-128,5537","7,4261","62,0457","-4,56","-13,16","-173,97",1,,,,
348226,144220,"-21,9416008","-48,95267487","509,1",1,8,"465,48","958,58","33,73","2,262","-4,0772","-2,133","0,0359",0,"0,1563","1,7978","0,0571","7,4368","0,2339","-0,043","0,9536","0,0738","-0,5018","-1,0369","-127,7047","8,9835","62,3584","-4,57","-13,09","-173,98",1,,,,
348513,144220,"-21,9416008","-48,95267487","509,1",1,8,"465,59","958,56","33,75","2,262","-4,0772","-2,1444","0,0352",0,"0,1292","1,7657","0,0571","7,3992","0,2202","-0,041","0,9458","-1,3896","-0,6238","2,7436","-128,4061","9,1739","62,5133","-4,48","-13,24","-173,91",1,,,,
348560,144220,"-21,9416008","-48,95267487","509,1",1,8,"465,59","958,56","33,75","2,262","-4,0772","-2,1539","0,0353",0,"0,132","1,7683","0,0571","7,4046","0,2261","-0,0474","0,9497","-2,6701","0,5957","0,3046","-128,8469","8,2445","62,8554","-4,48","-13,28","-173,83",1,,,,
348660,144220,"-21,9416008","-48,95267487","509,1",1,8,"465,59","958,56","33,75","2,2621","-4,0772","-2,1618","0,0353",0,"0,134","1,7709","0,0571","7,3873","0,2222","-0,0415","0,9434","0,4396","0,4738","0,1826","-128,5466","7,4061","61,7915","-4,58","-13,36","-173,7",1,,,,
348760,144220,"-21,9416008","-48,95267487","509,1",1,8,"465,59","958,56","33,75","2,2621","-4,0772","-2,1685","0,0355",0,"0,1359","1,7798","0,0571","7,3895","0,2319","-0,0615","0,9497","-1,3287","-0,6848","0,3655","-129,4098","8,6376","63,1438","-4,64","-13,38","-173,63",1,,,,
348860,144222,"-21,9416008","-48,95267487","509,1",1,8,"465,59","958,56","33,75","2,2621","-4,0772","-2,174","0,0343",0,"0,1373","1,721","0,0571","7,3776","0,2129","-0,0454","0,9419","-0,9018","0,5348","-0,2442","-129,1197","8,2205","62,6083","-4,63","-13,36","-173,61",1,,,,
349013,144222,"-21,9416008","-48,95267487","509,1",1,8,"465,59","958,56","33,77","2,262","-4,0772","-2,1791","0,0339",0,"0,1377","1,6994","0,0571","7,3627","0,2119","-0,0479","0,9419","-0,7189","0,1689","0,1216","-127,9969","7,8355","62,3057","-4,6","-13,36","-173,63",1,,,,
349060,144222,"-21,9416008","-48,95267487","509,1",1,8,"465,59","958,56","33,77","2,262","-4,0772","-2,1833","0,0342",0,"0,1393","1,7133","0,0571","7,3805","0,2231","-0,0415","0,9502","-1,5116","-0,197","0,6704","-129,0973","8,9431","62,1398","-4,59","-13,37","-173,65",1,,,,
349160,144222,"-21,9416008","-48,95267487","509,1",1,8,"465,59","958,56","33,77","2,262","-4,0772","-2,1868","0,0344",0,"0,1407","1,7254","0,0571","7,4032","0,2251","-0,0469","0,9497","-0,597","1,2055","1,768","-128,4224","7,6487","62,4335","-4,6","-13,35","-173,66",1,,,,
349260,144222,"-21,9416008","-48,95267487","509,1",1,8,"465,59","958,56","33,77","2,262","-4,0772","-2,1898","0,0341",0,"0,1412","1,709","0,0571","7,3861","0,2124","-0,0386","0,937","-0,1701","-0,014","0,2436","-128,1201","8,3755","61,9578","-4,66","-13,27","-173,67",1,,,,
349360,144222,"-21,9416008","-48,95267487","509,1",1,8,"465,59","958,56","33,77","2,262","-4,0772","-2,1923","0,0345",0,"0,1421","1,7289","0,0571","7,394","0,2246","-0,0518","0,9487","-1,0238","0,6567","1,4021","-129,531","7,9937","62,2276","-4,69","-13,18","-173,69",1,,,,
349513,144222,"-21,9416008","-48,95267487","509,1",1,8,"465,48","958,58","33,77","2,262","-4,0772","-2,1769","0,0353",0,"0,168","1,7708","0,0571","7,3893","0,2314","-0,0586","0,9424","-0,597","1,1445","0,3046","-129,112","8,5918","62,5011","-4,71","-13,13","-173,66",1,,,,
349560,144222,"-21,9416008","-48,95267487","509,1",1,8,"465,48","958,58","33,77","2,262","-4,0772","-2,1641","0,0345",0,"0,1649","1,7316","0,0571","7,4149","0,2124","-0,0469","0,9556","-0,9018","0,7177","-1,2198","-127,9897","7,8156","62,0514","-4,74","-13,1","-173,63",1,,,,
349660,144222,"-21,9416008","-48,95267487","509,1",1,8,"465,48","958,58","33,77","2,262","-4,0772","-2,1534","0,0343",0,"0,1624","1,7178","0,0571","7,4458","0,2246","-0,0332","0,9561","-0,353","-1,7823","-0,854","-127,8472","8,3995","62,2049","-4,76","-13,07","-173,63",1,,,,
349760,144222,"-21,9416008","-48,95267487","509,1",1,8,"465,48","958,58","33,77","2,262","-4,0772","-2,1445","0,0344",0,"0,1595","1,7248","0,0571","7,4299","0,2173","-0,061","0,9448","-1,0238","-2,3311","-0,4881","-128,2646","8,9753","62,3727","-4,75","-13,12","-173,66",1,,,,
349860,144223,"-21,9416008","-48,95267487","509,1",1,8,"465,48","958,58","33,77","2,262","-4,0772","-2,137","0,0354",0,"0,1576","1,7763","0,0571","7,4414","0,2285","-0,0449","0,9541","-1,0848","-1,2335","-0,854","-128,9588","9,1458","62,2733","-4,77","-13,24","-173,73",1,,,,
350013,144223,"-21,9416008","-48,95267487","509,1",1,8,"465,69","958,55","33,78","2,262","-4,0772","-2,1647","0,0361",0,"0,1058","1,811","0,0571","7,4223","0,229","-0,0386","0,9443","0,5006","2,486","-0,4881","-128,1373","8,8167","62,7405","-4,79","-13,33","-173,79",1,,,,
350060,144223,"-21,9416008","-48,95267487","509,1",1,8,"465,69","958,55","33,78","2,262","-4,0772","-2,1878","0,0349",0,"0,1129","1,7497","0,0571","7,4438","0,209","-0,0522","0,9575","-1,4506","2,303","0,5485","-128,9599","8,3632","61,9792","-4,77","-13,29","-173,84",1,,,,
350160,144223,"-21,9416008","-48,95267487","509,1",1,8,"465,69","958,55","33,78","2,262","-4,0772","-2,2071","0,0348",0,"0,118","1,7451","0,0571","7,4193","0,2227","-0,0518","0,9453","-2,2433","0,7787","-0,3052","-128,5639","7,8473","62,5741","-4,74","-13,14","-173,86",1,,,,
350260,144223,"-21,9416008","-48,95267487","509,1",1,8,"465,69","958,55","33,78","2,262","-4,0772","-2,2232","0,0357",0,"0,1229","1,7898","0,0571","7,433","0,228","-0,0518","0,9482","0,3787","-1,2945","1,4021","-128,8428","8,6258","62,8754","-4,74","-13,04","-173,9",1,,,,
350360,144223,"-21,9416008","-48,95267487","509,1",1,8,"465,69","958,55","33,78","2,262","-4,0772","-2,2367","0,0343",0,"0,128","1,7202","0,0571","7,4961","0,2075","-0,0513","0,9619","-2,914","-2,2091","0,9753","-128,854","8,2645","63,1096","-4,73","-13,03","-173,93",1,,,,
350641,144223,"-21,9416008","-48,95267487","509,1",1,8,"465,69","958,55","33,79","2,262","-4,0772","-2,2479","0,0344",0,"0,1293","1,726","0,0571","7,3993","0,2212","-0,0518","0,9346","-2,0604","-1,6604","0,9753","-128,5568","7,8274","62,3199","-4,98","-13,05","-173,59",1,,,,
350688,144223,"-21,9416008","-48,95267487","509,1",1,8,"465,69","958,55","33,79","2,262","-4,0772","-2,2574","0,0339",0,"0,1313","1,7017","0,0571","7,363","0,2129","-0,0474","0,9355","-0,597","0,6567","2,4387","-127,8685","8,4594","62,9676","-5,04","-13,05","-173,49",1,,,,
350788,144223,"-21,9416008","-48,95267487","509,1",1,8,"465,69","958,55","33,79","2,262","-4,0772","-2,2652","0,0334",0,"0,1333","1,675","0,0571","7,3465","0,2075","-0,0557","0,9385","1,0494","4,0713","0,0607","-129,3884","8,5777","62,3811","-5,16","-13,04","-173,34",1,,,,
350888,144223,"-21,9416008","-48,95267487","509,1",1,8,"465,69","958,55","33,79","2,262","-4,0772","-2,2718","0,034",0,"0,1359","1,7056","0,0571","7,3854","0,2217","-0,0371","0,9541","-1,2677","-0,197","0,0607","-128,5486","8,5899","62,3598","-5,21","-12,91","-173,3",1,,,,
350988,144223,"-21,9416008","-48,95267487","509,1",1,8,"465,69","958,55","33,79","2,262","-4,0772","-2,2773","0,0348",0,"0,1375","1,7425","0,0571","7,3834","0,2271","-0,0513","0,9438","-1,4506","2,547","2,2558","-128,2635","9,7579","62,6668","-5,2","-12,81","-173,34",1,,,,
351141,144223,"-21,9416008","-48,95267487","509,1",1,8,"465,59","958,56","33,8","2,262","-4,0772","-2,2654","0,0348",0,"0,1631","1,743","0,0571","7,3896","0,2266","-0,0337","0,9463","0,1348","2,6079","-0,732","-128,6952","7,6247","62,1863","-5,25","-12,72","-173,33",1,,,,
351188,144223,"-21,9416008","-48,95267487","509,1",1,8,"465,59","958,56","33,8","2,262","-4,0772","-2,2554","0,0351",0,"0,1608","1,761","0,0571","7,418","0,229","-0,0605","0,9565","-0,2311","3,2177","0,8534","-129,3884","8,5777","62,3811","-5,3","-12,6","-173,3",1,,,,
351288,144223,"-21,9416008","-48,95267487","509,1",1,8,"465,59","958,56","33,8","2,262","-4,0772","-2,2471","0,0356",0,"0,158","1,7857","0,0571","7,3998","0,2339","-0,0391","0,9443","-0,9628","0,047","2,0729","-128,2656","8,1928","62,0785","-5,32","-12,45","-173,28",1,,,,
351388,144223,"-21,9416008","-48,95267487","509,1",1,8,"465,59","958,56","33,8","2,262","-4,0772","-2,2401","0,0349",0,"0,1553","1,7489","0,0571","7,3654","0,2207","-0,0459","0,9395","-1,8165","-1,7213","1,4021","-128,4315","8,8525","63,256","-5,33","-12,4","-173,26",1,,,,
351488,144223,"-21,9416008","-48,95267487","509,1",1,8,"465,59","958,56","33,8","2,262","-4,0772","-2,2343","0,0349",0,"0,1546","1,7516","0,0571","7,4132","0,2202","-0,0396","0,958","-0,2311","0,4128","-0,793","-128,4163","6,8462","61,8851","-5,36","-12,47","-173,22",1,,,,
351641,144223,"-21,9416008","-48,95267487","509,1",1,8,"465,69","958,55","33,8","2,262","-4,0772","-2,246","0,0348",0,"0,1298","1,7458","0,0571","7,4485","0,2178","-0,0366","0,9531","-1,0238","4,1933","-1,4027","-127,7016","8,5822","62,0843","-5,32","-12,53","-173,25",1,,,,
351688,144223,"-21,9416008","-48,95267487","509,1",1,8,"465,69","958,55","33,8","2,262","-4,0772","-2,2557","0,0349",0,"0,1322","1,7485","0,0571","7,4305","0,2241","-0,043","0,9468","-1,8774","1,1445","1,4631","-128,8286","8,5859","62,3669","-5,23","-12,47","-173,36",1,,,,
351788,144225,"-21,9416008","-48,95267487","509,1",1,8,"465,69","958,55","33,8","2,262","-4,0772","-2,2638","0,0355",0,"0,1345","1,7777","0,0571","7,4309","0,2295","-0,0396","0,9556","0,9274","-0,136","0,5485","-128,4274","9,2338","63,276","-5,17","-12,35","-173,42",1,,,,
351888,144225,"-21,9416008","-48,95267487","509,1",1,8,"465,69","958,55","33,8","2,262","-4,0772","-2,2706","0,0349",0,"0,1362","1,7505","0,0571","7,4137","0,2246","-0,0474","0,9507","-0,353","0,1079","0,0607","-128,2839","7,8514","62,567","-5,14","-12,29","-173,4",1,,,,
351988,144225,"-21,9416008","-48,95267487","509,1",1,8,"465,69","958,55","33,8","2,262","-4,0772","-2,2763","0,0343",0,"0,1381","1,7219","0,0571","7,4307","0,2188","-0,0483","0,9521","-0,2311","1,5104","-0,3662","-128,5659","9,0311","63,1424","-5,14","-12,3","-173,3",1,,,,
352141,144225,"-21,9416008","-48,95267487","509,1",1,8,"465,69","958,55","33,81","2,262","-4,0772","-2,281","0,0347",0,"0,1393","1,7414","0,0571","7,422","0,2202","-0,0557","0,9521","-0,2311","2,303","1,0363","-128,5232","8,9114","61,6171","-5,16","-12,3","-173,24",1,,,,
352188,144225,"-21,9416008","-48,95267487","509,1",1,8,"465,69","958,55","33,81","2,262","-4,0772","-2,285","0,0344",0,"0,1396","1,7254","0,0571","7,3803","0,2173","-0,0615","0,936","-0,1091","0,9006","-0,793","-128,7054","8,0459","62,7148","-5,16","-12,28","-173,22",1,,,,
352288,144225,"-21,9416008","-48,95267487","509,1",1,8,"465,69","958,55","33,81","2,262","-4,0772","-2,2883","0,0349",0,"0,1403","1,7487","0,0571","7,3638","0,23","-0,061","0,9404","-1,6945","1,5104","-0,6101","-128,4","8,3714","61,9649","-5,12","-12,23","-173,26",1,,,,
352388,144225,"-21,9416008","-48,95267487","509,1",1,8,"465,69","958,55","33,81","2,262","-4,0772","-2,2911","0,0348",0,"0,1418","1,7435","0,0571","7,4019","0,2202","-0,0464","0,9541","1,4152","-0,5628","-1,2198","-128,0977","9,0981","61,4893","-5,08","-12,17","-173,37",1,,,,
352488,144225,"-21,9416008","-48,95267487","509,1",1,8,"465,69","958,55","33,81","2,262","-4,0772","-2,2934","0,0356",0,"0,1431","1,7824","0,0571","7,4323","0,2285","-0,0532","0,957","-0,9628","-0,136","1,4021","-129,3813","8,5577","62,1269","-5,01","-12,15","-173,49",1,,,,
352764,144226,"-21,9416008","-48,95267487","509,1",1,8,"465,59","958,56","33,83","2,262","-4,0772","-2,2788","0,0353",0,"0,1681","1,7698","0,0571","7,4471","0,2256","-0,0352","0,9551","-0,7189","-2,453","-0,671","-128,5568","7,8274","62,3199","-4,89","-12,34","-173,4",1,,,,
352811,144226,"-21,9416008","-48,95267487","509,1",1,8,"465,59","958,56","33,83","2,262","-4,0772","-2,2666","0,0353",0,"0,1648","1,7697","0,0571","7,4554","0,2256","-0,0435","0,9556","-1,4506","-2,2701","-0,4271","-128,8143","8,5459","61,8585","-4,87","-12,4","-173,37",1,,,,
352911,144226,"-21,9416008","-48,95267487","509,1",1,8,"465,59","958,56","33,83","2,262","-4,0772","-2,2564","0,0351",0,"0,1617","1,7615","0,0571","7,4494","0,2222","-0,0508","0,9502","-0,597","1,0226","-1,1588","-128,571","7,8673","62,8283","-4,88","-12,58","-173,35",1,,,,
353011,144226,"-21,9416008","-48,95267487","509,1",1,8,"465,59","958,56","33,83","2,262","-4,0772","-2,2479","0,0348",0,"0,1581","1,7446","0,0571","7,3923","0,228","-0,0439","0,939","-0,1091","0,6567","1,4631","-128,5628","8,6299","62,8683","-4,89","-12,69","-173,38",1,,,,
353111,144226,"-21,9416008","-48,95267487","509,1",1,8,"465,59","958,56","33,83","2,262","-4,0772","-2,2408","0,0348",0,"0,1564","1,7456","0,0571","7,4112","0,2261","-0,0557","0,959","-0,9628","-1,0506","-2,7442","-128,9853","8,0418","62,7219","-4,84","-12,71","-173,43",1,,,,
353264,144226,"-21,9416008","-48,95267487","509,1",1,8,"465,69","958,55","33,85","2,262","-4,0772","-2,2514","0,0349",0,"0,1302","1,749","0,0571","7,3897","0,2236","-0,0542","0,9424","-0,536","-0,136","0,5485","-128,8652","7,9031","63,3439","-4,79","-12,74","-173,56",1,,,,
353311,144226,"-21,9416008","-48,95267487","509,1",1,8,"465,69","958,55","33,85","2,262","-4,0772","-2,2603","0,0351",0,"0,1325","1,758","0,0571","7,3778","0,2266","-0,0488","0,9429","0,0738","-0,5628","2,5607","-128,574","8,2685","63,1025","-4,76","-12,78","-173,64",1,,,,
353411,144226,"-21,9416008","-48,95267487","509,1",1,8,"465,69","958,55","33,85","2,262","-4,0772","-2,2677","0,0344",0,"0,1345","1,7247","0,0571","7,3733","0,2109","-0,0542","0,9424","1,3543","0,2299","-1,6466","-128,2717","8,9953","62,6269","-4,74","-12,8","-173,64",1,,,,
353511,144226,"-21,9416008","-48,95267487","509,1",1,8,"465,69","958,55","33,85","2,262","-4,0772","-2,2738","0,0342",0,"0,1361","1,7168","0,0571","7,3648","0,2192","-0,0386","0,9409","-3,2799","-0,8677","1,5241","-127,6965","9,7461","62,3984","-4,7","-12,79","-173,7",1,,,,
353611,144226,"-21,9416008","-48,95267487","509,1",1,8,"465,69","958,55","33,85","2,262","-4,0772","-2,279","0,0345",0,"0,1373","1,7294","0,0571","7,3513","0,2231","-0,0464","0,9429","-2,3652","0,4738","1,707","-129,2388","9,1417","62,2804","-4,75","-12,79","-173,74",1,,,,
353764,144226,"-21,9416008","-48,95267487","509,1",1,8,"465,69","958,55","33,84","2,262","-4,0772","-2,2833","0,0344",0,"0,1388","1,7261","0,0571","7,3654","0,2261","-0,0698","0,9424","0,2567","1,6323","-0,671","-127,9999","8,2368","62,5798","-4,9","-12,81","-173,7",1,,,,
353811,144226,"-21,9416008","-48,95267487","509,1",1,8,"465,69","958,55","33,84","2,262","-4,0772","-2,2869","0,0344",0,"0,1396","1,7262","0,0571","7,3522","0,2212","-0,0537","0,9399","-1,8165","-1,7823","-1,5247","-128,6728","8,3474","61,7178","-5,03","-12,84","-173,7",1,,,,
353911,144226,"-21,9416008","-48,95267487","509,1",1,8,"465,69","958,55","33,84","2,262","-4,0772","-2,2899","0,0344",0,"0,1411","1,7242","0,0571","7,3819","0,2212","-0,0376","0,9458","-0,475","-0,2579","2,1948","-128,8346","9,3884","62,9153","-5,11","-12,89","-173,75",1,,,,
354011,144226,"-21,9416008","-48,95267487","509,1",1,8,"465,69","958,55","33,84","2,262","-4,0772","-2,2924","0,0343",0,"0,1419","1,7195","0,0571","7,3847","0,2158","-0,0601","0,9438","-0,7799","1,3274","0,4875","-127,7036","9,766","62,6526","-5,14","-12,91","-173,74",1,,,,
354111,144226,"-21,9416008","-48,95267487","509,1",1,8,"465,69","958,55","33,84","2,262","-4,0772","-2,2945","0,035",0,"0,1421","1,7525","0,0571","7,3642","0,2295","-0,0449","0,9385","0,0738","-0,8067","2,5607","-128,5587","9,0112","62,8882","-5,11","-12,84","-173,66",1,,,,
354264,144226,"-21,9416008","-48,95267487","509,1",1,8,"465,69","958,55","33,83","2,262","-4,0772","-2,2963","0,0346",0,"0,1424","1,7334","0,0571","7,3547","0,2261","-0,0537","0,938","0,7445","1,6933","-0,5491","-128,2656","8,1928","62,0785","-5,06","-12,78","-173,57",1,,,,
354311,144226,"-21,9416008","-48,95267487","509,1",1,8,"465,69","958,55","33,83","2,262","-4,0772","-2,2977","0,0344",0,"0,1429","1,7241","0,0571","7,3591","0,2188","-0,0522","0,9448","-2,1213","-0,7457","-0,2442","-128,7013","8,4272","62,7347","-5,01","-12,72","-173,54",1,,,,
354411,144226,"-21,9416008","-48,95267487","509,1",1,8,"465,69","958,55","33,83","2,262","-4,0772","-2,299","0,0339",0,"0,1438","1,7019","0,0571","7,3861","0,2119","-0,0483","0,9468","-0,414","1,0226","-0,9759","-128,5547","9,3924","62,9082","-4,98","-12,69","-173,55",1,,,,
354511,144226,"-21,9416008","-48,95267487","509,1",1,8,"465,69","958,55","33,83","2,262","-4,0772","-2,3","0,0352",0,"0,1448","1,7667","0,0571","7,4241","0,2349","-0,0684","0,9565","-0,414","1,3884","0,5485","-128,683","8,7686","62,2462","-4,92","-12,68","-173,6",1,,,,
354611,144226,"-21,9416008","-48,95267487","509,1",1,8,"465,69","958,55","33,83","2,262","-4,0772","-2,3008","0,0356",0,"0,1444","1,7835","0,0571","7,3897","0,2305","-0,0361","0,9409","-1,3896","-3,1238","-1,4027","-128,9853","8,0418","62,7219","-4,83","-12,64","-173,68",1,,,,
355004,144228,"-21,9416008","-48,95267487","509,1",1,8,"465,48","958,58","33,84","2,262","-4,0772","-2,2676","0,0349",0,"0,1939","1,7505","0,0571","7,3766","0,2227","-0,0498","0,9404","0,8055","-1,2335","3,0485","-128,5516","8,9912","62,634","-4,62","-12,92","-173,81",1,,,,
355051,144228,"-21,9416008","-48,95267487","509,1",1,8,"465,48","958,58","33,84","2,262","-4,0772","-2,2399","0,0347",0,"0,1867","1,739","0,0571","7,4176","0,2197","-0,0532","0,9595","-0,9018","0,5957","0,9753","-129,1197","8,2205","62,6083","-4,61","-12,94","-173,76",1,,,,
355151,144228,"-21,9416008","-48,95267487","509,1",1,8,"465,48","958,58","33,84","2,262","-4,0772","-2,2167","0,0354",0,"0,1801","1,7763","0,0571","7,421","0,231","-0,0576","0,9458","-1,9384","-2,2091","0,7314","-127,8502","8,8008","62,4791","-4,63","-12,99","-173,62",1,,,,
355251,144228,"-21,9416008","-48,95267487","509,1",1,8,"465,48","958,58","33,84","2,262","-4,0772","-2,1974","0,0348",0,"0,1752","1,7429","0,0571","7,4554","0,2236","-0,0508","0,959","-2,1213","-0,7457","-0,854","-128,1567","7,6927","62,9348","-4,71","-13,01","-173,49",1,,,,
355351,144228,"-21,9416008","-48,95267487","509,1",1,8,"465,48","958,58","33,84","2,262","-4,0772","-2,1812","0,0356",0,"0,1708","1,7846","0,0571","7,4645","0,2256","-0,0552","0,9536","0,7445","-0,8067","-1,4637","-128,5557","8,6099","62,614","-4,8","-13,01","-173,48",1,,,,
355504,144228,"-21,9416008","-48,95267487","509,1",1,8,"465,59","958,56","33,85","2,262","-4,0772","-2,1846","0,0356",0,"0,1415","1,783","0,0571","7,4361","0,2212","-0,0469","0,9517","-1,3896","0,6567","0,3655","-127,9775","8,9594","62,1113","-4,79","-13,02","-173,59",1,,,,
355551,144228,"-21,9416008","-48,95267487","509,1",1,8,"465,59","958,56","33,85","2,262","-4,0772","-2,1875","0,0349",0,"0,1423","1,7488","0,0571","7,4347","0,2153","-0,0527","0,9512","-0,9018","1,5104","0,0607","-128,9873","9,2256","63,2902","-4,74",-13,"-173,71",1,,,,
355651,144228,"-21,9416008","-48,95267487","509,1",1,8,"465,59","958,56","33,85","2,262","-4,0772","-2,1899","0,0346",0,"0,1437","1,7365","0,0571","7,4672","0,2065","-0,0444","0,9624","1,5982","-0,9896","1,2192","-128,5639","7,8473","62,5741","-4,7","-12,99","-173,76",1,,,,
355751,144228,"-21,9416008","-48,95267487","509,1",1,8,"465,59","958,56","33,85","2,262","-4,0772","-2,1919","0,0338",0,"0,1433","1,6923","0,0571","7,4204","0,2158","-0,0488","0,9438","0,7445","0,3518","2,6216","-128,8428","8,6258","62,8754","-4,61","-13,04","-173,74",1,,,,
355851,144229,"-21,9416008","-48,95267487","509,1",1,8,"465,59","958,56","33,85","2,262","-4,0772","-2,1936","0,0347",0,"0,1442","1,739","0,0571","7,4408","0,2271","-0,0469","0,9507","0,2567","-2,8799","-0,4271","-128,6921","9,9723","63,0688","-4,51","-13,05","-173,67",1,,,,
356004,144229,"-21,9416008","-48,95267487","509,1",1,8,"465,48","958,58","33,83","2,262","-4,0772","-2,1781","0,0351",0,"0,1683","1,7611","0,0571","7,3855","0,2319","-0,0425","0,936","-1,8774","-0,2579","-0,0003","-128,3989","9,1539","62,2591","-4,45","-13,13","-173,68",1,,,,
356051,144229,"-21,9416008","-48,95267487","509,1",1,8,"465,48","958,58","33,83","2,262","-4,0772","-2,1651","0,0355",0,"0,1638","1,778","0,0571","7,3505","0,2305","-0,0474","0,9346","0,0738","0,4128","-0,732","-128,686","9,1698","62,5204","-4,43","-13,26","-173,77",1,,,,
356151,144229,"-21,9416008","-48,95267487","509,1",1,8,"465,48","958,58","33,83","2,262","-4,0772","-2,1542","0,0359",0,"0,1613","1,7993","0,0571","7,3808","0,2251","-0,0542","0,9409","-1,7555","0,4128","3,1095","-128,4173","8,8126","62,7476","-4,42","-13,33","-173,82",1,,,,
356251,144229,"-21,9416008","-48,95267487","509,1",1,8,"465,48","958,58","33,83","2,262","-4,0772","-2,1452","0,0352",0,"0,1589","1,764","0,0571","7,39","0,2188","-0,0537","0,9482","1,3543","0,9006","1,646","-128,5628","8,6299","62,8683","-4,45","-13,32","-173,74",1,,,,
356351,144229,"-21,9416008","-48,95267487","509,1",1,8,"465,48","958,58","33,83","2,262","-4,0772","-2,1376","0,0339",0,"0,1564","1,6989","0,0571","7,3737","0,2148","-0,0581","0,9497","-0,9018","-2,2701","0,0607","-128,1424","7,6528","62,4263","-4,45","-13,22","-173,61",1,,,,
356504,144229,"-21,9416008","-48,95267487","509,1",1,8,"465,89","958,53","33,84","2,262","-4,0772","-2,1977","0,0347",0,"0,0583","1,7396","0,0571","7,421","0,231","-0,0459","0,9668","-1,2677","-0,136","-0,0003","-128,6901","8,7885","62,5005","-4,47","-13,22","-173,56",1,,,,
356551,144229,"-21,9416008","-48,95267487","509,1",1,8,"465,89","958,53","33,84","2,262","-4,0772","-2,248","0,0342",0,"0,0726","1,7155","0,0571","7,4156","0,2144","-0,0488","0,9482","-0,1091","0,4128","-0,4881","-128,6972","8,8085","62,7547","-4,5","-13,28","-173,59",1,,,,
356651,144229,"-21,9416008","-48,95267487","509,1",1,8,"465,89","958,53","33,84","2,262","-4,0772","-2,29","0,034",0,"0,0847","1,7025","0,0571","7,4164","0,2173","-0,0552","0,9531","-2,3043","-0,8067","0,2436","-128,8245","8,9672","62,3869","-4,54","-13,31","-173,65",1,,,,
356751,144229,"-21,9416008","-48,95267487","509,1",1,8,"465,89","958,53","33,84","2,262","-4,0772","-2,3251","0,0359",0,"0,0945","1,7993","0,0571","7,4006","0,2407","-0,0513","0,9473","-0,353","-1,1116","-2,0125","-128,7054","8,0459","62,7148","-4,64","-13,35","-173,7",1,,,,
356851,144229,"-21,9416008","-48,95267487","509,1",1,8,"465,89","958,53","33,84","2,262","-4,0772","-2,3544","0,0354",0,"0,1039","1,7734","0,0571","7,4457","0,2261","-0,0415","0,957","-0,0482","1,5713","0,3046","-129,1115","8,983","62,6482","-4,68","-13,42","-173,8",1,,,,
357127,144229,"-21,9416008","-48,95267487","509,1",1,8,"465,59","958,56","33,85","2,262","-4,0772","-2,3293","0,0349",0,"0,1827","1,7477","0,0571","7,4109","0,2197","-0,0586","0,9429","0,0128","-0,3799","-0,732","-128,2829","8,6339","62,8611","-4,53","-13,42","-173,95",1,,,,
357174,144229,"-21,9416008","-48,95267487","509,1",1,8,"465,59","958,56","33,85","2,262","-4,0772","-2,3084","0,0353",0,"0,1765","1,7715","0,0571","7,4027","0,2314","-0,0479","0,9463","-0,8409","-0,197","-1,1588","-128,6942","8,4072","62,4805","-4,48","-13,41","-173,95",1,,,,
357274,144229,"-21,9416008","-48,95267487","509,1",1,8,"465,59","958,56","33,85","2,262","-4,0772","-2,2909","0,0345",0,"0,1709","1,7277","0,0571","7,376","0,2148","-0,0405","0,9453","0,5616","-0,3799","-0,3052","-128,8245","8,9672","62,3869","-4,44","-13,42","-174,02",1,,,,
357374,144229,"-21,9416008","-48,95267487","509,1",1,8,"465,59","958,56","33,85","2,262","-4,0772","-2,2763","0,0354",0,"0,1676","1,7746","0,0571","7,4219","0,2295","-0,0615","0,9551","-0,7189","1,9372","-1,4027","-127,9958","8,6181","62,5998","-4,4","-13,44","-174,14",1,,,,
357474,144229,"-21,9416008","-48,95267487","509,1",1,8,"465,59","958,56","33,85","2,262","-4,0772","-2,2641","0,0359",0,"0,1639","1,802","0,0571","7,4093","0,23","-0,0566","0,9438","-0,414","2,7909","0,3655","-128,4233","9,6151","63,2959","-4,38","-13,41","-174,26",1,,,,
357627,144229,"-21,9416008","-48,95267487","509,1",1,8,"465,69","958,55","33,85","2,262","-4,0772","-2,2709","0,0351",0,"0,1363","1,7607","0,0571","7,4153","0,2192","-0,0469","0,9497","-0,536","-1,1116","-0,3052","-129,534","8,395","62,5018","-4,33","-13,31","-174,3",1,,,,
357674,144229,"-21,9416008","-48,95267487","509,1",1,8,"465,69","958,55","33,85","2,262","-4,0772","-2,2765","0,0356",0,"0,138","1,7863","0,0571","7,4231","0,2334","-0,0498","0,9521","1,5372","-0,136","1,0973","-127,7087","8,6022","62,3385","-4,25","-13,22","-174,27",1,,,,
357774,144231,"-21,9416008","-48,95267487","509,1",1,8,"465,69","958,55","33,85","2,262","-4,0772","-2,2812","0,0351",0,"0,1388","1,7614","0,0571","7,3918","0,2163","-0,0547","0,9473","-0,1091","1,0835","1,5241","-128,855","7,4819","62,8155","-4,15","-13,18","-174,22",1,,,,
357874,144231,"-21,9416008","-48,95267487","509,1",1,8,"465,69","958,55","33,85","2,262","-4,0772","-2,2851","0,0362",0,"0,1405","1,8172","0,0571","7,4237","0,2329","-0,0674","0,9541","-1,1457","-0,8677","-0,0003","-128,5669","8,2486","62,8483","-4,08","-13,15","-174,17",1,,,,
357974,144231,"-21,9416008","-48,95267487","509,1",1,8,"465,69","958,55","33,85","2,262","-4,0772","-2,2884","0,0357",0,"0,141","1,7875","0,0571","7,3987","0,2207","-0,0479","0,9434","-1,2067","-0,136","0,1216","-128,4437","7,7086","63,1961","-4,09","-13,19","-174,16",1,,,,
358127,144231,"-21,9416008","-48,95267487","509,1",1,8,"465,69","958,55","33,87","2,2621","-4,0772","-2,2912","0,0352",0,"0,1424","1,7671","0,0571","7,4295","0,2197","-0,0449","0,9546","-1,4506","0,9616","-0,1223","-128,2941","8,2726","63,0954","-4,13","-13,27","-174,22",1,,,,
358174,144231,"-21,9416008","-48,95267487","509,1",1,8,"465,69","958,55","33,87","2,2621","-4,0772","-2,2935","0,035",0,"0,1422","1,7563","0,0571","7,3885","0,2217","-0,0547","0,937","-0,597","0,6567","-0,0613","-128,2921","7,0888","62,5271","-4,19","-13,33","-174,31",1,,,,
358274,144231,"-21,9416008","-48,95267487","509,1",1,8,"465,69","958,55","33,87","2,2621","-4,0772","-2,2954","0,0351",0,"0,1428","1,7604","0,0571","7,3872","0,2192","-0,0493","0,9419","-0,0482","-0,2579","0,4265","-128,2717","8,9953","62,6269","-4,22","-13,35","-174,37",1,,,,
358374,144231,"-21,9416008","-48,95267487","509,1",1,8,"465,69","958,55","33,87","2,2621","-4,0772","-2,297","0,0348",0,"0,1433","1,7449","0,0571","7,389","0,2222","-0,0386","0,9492","-0,9628","-0,197","0,8534","-127,7311","7,8795","62,807","-4,23","-13,4","-174,38",1,,,,
358474,144231,"-21,9416008","-48,95267487","509,1",1,8,"465,69","958,55","33,87","2,2621","-4,0772","-2,2983","0,0352",0,"0,1438","1,7633","0,0571","7,3948","0,23","-0,0508","0,9434","-1,3287","-0,6848","1,5241","-128,6983","8,0259","62,4605","-4,24","-13,42","-174,32",1,,,,
358627,144231,"-21,9416008","-48,95267487","509,1",1,8,"465,69","958,55","33,87","2,2621","-4,0772","-2,2995","0,035",0,"0,1435","1,7566","0,0571","7,3628","0,2168","-0,0562","0,9404","1,1104","0,9616","-1,9515","-128,5639","7,8473","62,5741","-4,31","-13,39","-174,22",1,,,,
358674,144231,"-21,9416008","-48,95267487","509,1",1,8,"465,69","958,55","33,87","2,2621","-4,0772","-2,3004","0,0352",0,"0,1441","1,7648","0,0571","7,3791","0,2271","-0,0425","0,9497","-0,1091","-0,5018","0,6095","-128,6911","8,006","62,2063","-4,35","-13,32","-174,2",1,,,,
358774,144232,"-21,9416008","-48,95267487","509,1",1,8,"465,69","958,55","33,87","2,2621","-4,0772","-2,3012","0,0353",0,"0,1444","1,7718","0,0571","7,3875","0,2251","-0,0498","0,9497","-0,1701","2,2421","3,5363","-128,2564","9,7379","62,4126","-4,33","-13,26","-174,22",1,,,,
358874,144232,"-21,9416008","-48,95267487","509,1",1,8,"465,69","958,55","33,87","2,2621","-4,0772","-2,3018","0,0354",0,"0,1439","1,7732","0,0571","7,3495","0,2251","-0,0601","0,9385","1,3543","1,0226","0,6704","-127,9969","7,8355","62,3057","-4,3","-13,14","-174,16",1,,,,
358974,144232,"-21,9416008","-48,95267487","509,1",1,8,"465,69","958,55","33,87","2,2621","-4,0772","-2,3024","0,0352",0,"0,1444","1,7648","0,0571","7,3699","0,2251","-0,0454","0,9463","-1,4506","-2,7579","-0,4271","-128,5486","8,5899","62,3598","-4,21","-13,05","-174,09",1,,,,
359261,144232,"-21,9416008","-48,95267487","509,1",1,8,"465,69","958,55","33,87","2,2621","-4,0772","-2,3029","0,0357",0,"0,1447","1,7911","0,0571","7,3742","0,2305","-0,0327","0,938","-1,6335","1,5104","-0,732","-128,2443","8,1329","61,3158","-4,08","-13,23","-174,21",1,,,,
359308,144232,"-21,9416008","-48,95267487","509,1",1,8,"465,69","958,55","33,87","2,2621","-4,0772","-2,3032","0,0365",0,"0,145","1,8291","0,0571","7,3871","0,2407","-0,0498","0,9497","-1,3287","0,3518","0,3046","-128,7013","8,4272","62,7347","-4,08","-13,24","-174,23",1,,,,
359408,144232,"-21,9416008","-48,95267487","509,1",1,8,"465,69","958,55","33,87","2,2621","-4,0772","-2,3036","0,0352",0,"0,1449","1,7659","0,0571","7,3753","0,2261","-0,0503","0,9429","1,4152","0,5957","0,3655","-128,9955","8,463","63,2503","-4,12","-13,2","-174,31",1,,,,
359508,144232,"-21,9416008","-48,95267487","509,1",1,8,"465,69","958,55","33,87","2,2621","-4,0772","-2,3038","0,0346",0,"0,1454","1,7364","0,0571","7,3983","0,2129","-0,0537","0,9492","0,0128","-1,4774","-0,6101","-128,8469","8,2445","62,8554","-4,15","-13,09","-174,38",1,,,,
359608,144232,"-21,9416008","-48,95267487","509,1",1,8,"465,69","958,55","33,87","2,2621","-4,0772","-2,304","0,0344",0,"0,1456","1,7233","0,0571","7,4059","0,2202","-0,0581","0,9463","-0,2311","0,2909","1,1582","-128,4213","8,4313","62,7276","-4,16","-13,02","-174,39",1,,,,
359761,144233,"-21,9416008","-48,95267487","509,1",1,8,"465,59","958,56","33,89","2,2621","-4,0772","-2,2873","0,0346",0,"0,1704","1,7346","0,0571","7,4045","0,23","-0,0586","0,9507","-1,0238","-1,6604","-0,0003","-128,29","8,6539","63,1154","-4,17","-13,03","-174,35",1,,,,
359808,144233,"-21,9416008","-48,95267487","509,1",1,8,"465,59","958,56","33,89","2,2621","-4,0772","-2,2733","0,0337",0,"0,1669","1,689","0,0571","7,4299","0,2065","-0,0552","0,957","-0,597","1,0226","-0,1832","-128,854","8,2645","63,1096","-4,21","-13,08","-174,32",1,,,,
359908,144233,"-21,9416008","-48,95267487","509,1",1,8,"465,59","958,56","33,89","2,2621","-4,0772","-2,2615","0,034",0,"0,1635","1,7044","0,0571","7,4283","0,2217","-0,0356","0,9541","0,2567","-1,2335","-2,1954","-127,5785","8,0423","62,4321","-4,25","-13,14","-174,28",1,,,,
360008,144233,"-21,9416008","-48,95267487","509,1",1,8,"465,59","958,56","33,89","2,2621","-4,0772","-2,2518","0,0343",0,"0,1594","1,7182","0,0571","7,365","0,2241","-0,0532","0,9312","1,5982","3,4616","1,5241","-128,287","8,2527","62,8412","-4,24","-13,21","-174,26",1,,,,
360108,144233,"-21,9416008","-48,95267487","509,1",1,8,"465,59","958,56","33,89","2,2621","-4,0772","-2,2436","0,0353",0,"0,1574","1,7708","0,0571","7,3832","0,2339","-0,0464","0,9526","0,3787","-0,197","0,2436","-128,7176","6,902","62,6549","-4,18","-13,19","-174,22",1,,,,
360261,144233,"-21,9416008","-48,95267487","509,1",1,8,"465,59","958,56","33,88","2,2621","-4,0772","-2,2372","0,0363",0,"0,1561","1,8207","0,0571","7,4449","0,2339","-0,0449","0,959","-0,8409","-1,6604","0,7314","-128,964","7,9819","61,9592","-4,1","-13,17","-174,2",1,,,,
360308,144233,"-21,9416008","-48,95267487","509,1",1,8,"465,59","958,56","33,88","2,2621","-4,0772","-2,2319","0,0358",0,"0,1539","1,7938","0,0571","7,4107","0,2217","-0,0605","0,9409","-1,4506","-0,5628","1,829","-128,6789","9,1499","62,2662","-4,07","-13,23","-174,19",1,,,,
360408,144233,"-21,9416008","-48,95267487","509,1",1,8,"465,59","958,56","33,88","2,2621","-4,0772","-2,2274","0,0354",0,"0,152","1,7759","0,0571","7,3826","0,2251","-0,0488","0,9414","0,2567","-1,2335","-1,5247","-128,1496","7,6728","62,6806","-4,07","-13,3","-174,12",1,,,,
360508,144233,"-21,9416008","-48,95267487","509,1",1,8,"465,59","958,56","33,88","2,2621","-4,0772","-2,2237","0,0349",0,"0,1505","1,7522","0,0571","7,3627","0,2241","-0,0522","0,9448","-2,4262","0,6567","1,3412","-127,5785","8,0423","62,4321","-4,07","-13,35","-174,11",1,,,,
360608,144233,"-21,9416008","-48,95267487","509,1",1,8,"465,59","958,56","33,88","2,2621","-4,0772","-2,2206","0,0351",0,"0,15","1,7593","0,0571","7,38","0,2236","-0,0469","0,9492","-0,8409","-2,575","0,1216","-127,8513","8,0182","62,185","-4,09","-13,32","-174,13",1,,,,
360761,144234,"-21,9416008","-48,95267487","509,1",1,8,"465,48","958,58","33,88","2,2621","-4,0772","-2,2006","0,0348",0,"0,1754","1,7469","0,0571","7,4152","0,2217","-0,0552","0,9556","-0,597","-0,5628","-2,5003","-128,8673","6,338","62,7556","-4,11","-13,32","-174,18",1,,,,
360808,144234,"-21,9416008","-48,95267487","509,1",1,8,"465,48","958,58","33,88","2,2621","-4,0772","-2,1839","0,0348",0,"0,1707","1,7436","0,0571","7,4201","0,2222","-0,0469","0,9512","0,9884","-0,3189","0,0607","-128,1272","8,3954","62,212","-4,11","-13,38","-174,3",1,,,,
360908,144234,"-21,9416008","-48,95267487","509,1",1,8,"465,48","958,58","33,88","2,2621","-4,0772","-2,17","0,0342",0,"0,1658","1,7128","0,0571","7,377","0,2168","-0,0586","0,939","-1,6945","1,6323","-0,0613","-128,004","7,8555","62,5599","-4,09","-13,37","-174,41",1,,,,
361008,144234,"-21,9416008","-48,95267487","509,1",1,8,"465,48","958,58","33,88","2,2621","-4,0772","-2,1583","0,0346",0,"0,1624","1,7326","0,0571","7,3775","0,2188","-0,0537","0,9453","0,3787","-1,1116","-2,4393","-127,4258","8,205","62,0572","-4,15","-13,29","-174,49",1,,,,
361108,144234,"-21,9416008","-48,95267487","509,1",1,8,"465,48","958,58","33,88","2,2621","-4,0772","-2,1486","0,0348",0,"0,1592","1,7472","0,0571","7,3568","0,2231","-0,0513","0,9375","-1,2067","-1,3555","1,646","-128,5751","7,486","62,8084","-4,2","-13,3","-174,6",1,,,,
361384,144234,"-21,9416008","-48,95267487","509,1",1,8,"465,48","958,58","33,87","2,2621","-4,0772","-2,1404","0,0349",0,"0,1575","1,7499","0,0571","7,3858","0,228","-0,0513","0,9448","0,1348","-0,5628","0,8534","-128,403","8,7726","62,2391","-4,37","-13,61","-174,35",1,,,,
361431,144234,"-21,9416008","-48,95267487","509,1",1,8,"465,48","958,58","33,87","2,2621","-4,0772","-2,1336","0,0344",0,"0,1556","1,7241","0,0571","7,3924","0,2148","-0,0405","0,9487","-2,4262","-0,8677","0,3046","-128,4173","8,8126","62,7476","-4,39","-13,65","-174,27",1,,,,
361531,144234,"-21,9416008","-48,95267487","509,1",1,8,"465,48","958,58","33,87","2,2621","-4,0772","-2,128","0,0343",0,"0,1542","1,7176","0,0571","7,4049","0,2183","-0,0508","0,9507","-0,1701","-1,2335","1,646","-129,2815","9,2615","63,8057","-4,43","-13,71","-174,19",1,,,,
361631,144234,"-21,9416008","-48,95267487","509,1",1,8,"465,48","958,58","33,87","2,262","-4,0772","-2,1232","0,0339",0,"0,1521","1,6986","0,0571","7,3636","0,2197","-0,0527","0,9482","-0,475","-0,014","1,2192","-128,9894","7,6605","62,7019","-4,44","-13,7","-174,14",1,,,,
361731,144234,"-21,9416008","-48,95267487","509,1",1,8,"465,48","958,58","33,87","2,262","-4,0772","-2,1193","0,0343",0,"0,1502","1,7204","0,0571","7,3264","0,2173","-0,0576","0,9336","-1,0848","-0,5018","0,9753","-129,2622","7,6365","62,4548","-4,47","-13,69","-174,08",1,,,,
361884,144235,"-21,9416008","-48,95267487","509,1",1,8,"465,58","958,56","33,86","2,262","-4,0772","-2,1325","0,0346",0,"0,125","1,7369","0,0571","7,3221","0,2251","-0,0552","0,938","-0,7189","0,047","1,0363","-128,2676","9,3766","62,6468","-4,51","-13,7","-174,04",1,,,,
361931,144235,"-21,9416008","-48,95267487","509,1",1,8,"465,58","958,56","33,86","2,262","-4,0772","-2,1435","0,0345",0,"0,1288","1,7323","0,0571","7,3521","0,2207","-0,0615","0,9502","-1,9994","-0,075","0,3046","-128,119","9,158","62,252","-4,58","-13,71","-173,99",1,,,,
362031,144235,"-21,9416008","-48,95267487","509,1",1,8,"465,58","958,56","33,86","2,262","-4,0772","-2,1527","0,035",0,"0,132","1,755","0,0571","7,3806","0,2241","-0,0596","0,9409","-1,7555","0,1689","0,3046","-129,4281","8,2962","63,6323","-4,65","-13,72","-173,94",1,,,,
362131,144235,"-21,9416008","-48,95267487","509,1",1,8,"465,58","958,56","33,86","2,262","-4,0772","-2,1604","0,0358",0,"0,1339","1,7937","0,0571","7,3633","0,2246","-0,0503","0,9409","-0,9018","2,364","0,6704","-128,854","8,2645","63,1096","-4,71","-13,71","-173,96",1,,,,
362231,144235,"-21,9416008","-48,95267487","509,1",1,8,"465,58","958,56","33,86","2,2621","-4,0772","-2,1669","0,0357",0,"0,1355","1,7882","0,0571","7,3523","0,2266","-0,0396","0,9414","-0,1701","0,9616","2,4997","-127,9857","8,1969","62,0714","-4,78","-13,61","-173,99",1,,,,
362384,144235,"-21,9416008","-48,95267487","509,1",1,8,"465,59","958,56","33,87","2,262","-4,0772","-2,1731","0,0343",0,"0,1367","1,718","0,0571","7,3975","0,2104","-0,0581","0,9497","-2,1823","1,1445","-1,0369","-128,1536","7,2915","62,6606","-4,84","-13,53","-173,93",1,,,,
362431,144235,"-21,9416008","-48,95267487","509,1",1,8,"465,59","958,56","33,87","2,262","-4,0772","-2,1783","0,0337",0,"0,1386","1,6889","0,0571","7,4178","0,2104","-0,0522","0,9546","-1,0848","-1,5384","0,8534","-128,2768","7,8314","62,3128","-4,89","-13,5","-173,88",1,,,,
362531,144235,"-21,9416008","-48,95267487","509,1",1,8,"465,59","958,56","33,87","2,262","-4,0772","-2,1827","0,0338",0,"0,1392","1,6952","0,0571","7,3866","0,2158","-0,0356","0,9478","-0,353","-3,1238","1,1582","-128,5568","7,8274","62,3199","-4,95","-13,48","-173,83",1,,,,
362631,144235,"-21,9416008","-48,95267487","509,1",1,8,"465,59","958,56","33,87","2,2621","-4,0772","-2,1864","0,0432",0,"0,1347","2,1631","0,0571","7,1076","0,3721","-0,1133","0,853","-13,4018","-3,4896","-21,9515","-128,4173","8,8126","62,7476","-5,02","-13,57","-173,85",1,,,,
362731,144235,"-21,9416008","-48,95267487","509,1",1,8,"465,59","958,56","33,87","2,2622","-4,0772","-2,1894","0,0397",0,"0,1376","1,9895","0,0571","7,2099","0,2256","-0,0444","0,9517","1,4762","-0,8067","-0,671","-128,6911","8,006","62,2063","-5,27","-13,84","-174,38",1,,,,
362884,144236,"-21,9416008","-48,95267487","509,1",1,8,"465,48","958,58","33,88","2,2622","-4,0772","-2,1746","0,0379",0,"0,166","1,9018","0,0571","7,3231","0,2295","-0,0522","0,9502","-2,975","0,7177","-1,9515","-128,966","9,1657","62,5275","-5,4","-14,06","-174,85",1,,,,
362931,144236,"-21,9416008","-48,95267487","509,1",1,8,"465,48","958,58","33,88","2,2622","-4,0772","-2,1622","0,0366",0,"0,1628","1,8334","0,0571","7,3398","0,2158","-0,0449","0,9458","-1,6335","0,047","0,6704","-128,2981","7,8913","63,0754","-5,47","-14,17","-175,11",1,,,,
363031,144236,"-21,9416008","-48,95267487","509,1",1,8,"465,48","958,58","33,88","2,2622","-4,0772","-2,1518","0,035",0,"0,1604","1,7546","0,0571","7,3699","0,2178","-0,0508","0,9482","-1,2067","-0,5628","-2,5003","-129,2551","7,6165","62,2006","-5,52","-14,17","-175,23",1,,,,
363131,144236,"-21,9416008","-48,95267487","509,1",1,8,"465,48","958,58","33,88","2,2622","-4,0772","-2,1431","0,0354",0,"0,1581","1,7744","0,0571","7,3794","0,228","-0,0483","0,9399","-1,0848","-0,3799","0,4265","-128,6911","8,006","62,2063","-5,5","-14,11","-175,32",1,,,,
363231,144236,"-21,9416008","-48,95267487","509,1",1,8,"465,48","958,58","33,88","2,2622","-4,0772","-2,1359","0,0355",0,"0,1569","1,7777","0,0571","7,4243","0,23","-0,0537","0,9502","-0,2311","0,3518","2,0729","-128,4153","7,6288","62,1792","-5,45","-14,04","-175,35",1,,,,
363507,144236,"-21,9416008","-48,95267487","509,1",1,8,"465,89","958,53","33,89","2,2622","-4,0772","-2,1968","0,0348",0,"0,0568","1,7473","0,0571","7,4025","0,2246","-0,0518","0,9458","0,0128","2,486","-0,4881","-129,8099","8,7722","62,5289","-5,39","-13,82","-175,24",1,,,,
363554,144236,"-21,9416008","-48,95267487","509,1",1,8,"465,89","958,53","33,89","2,2622","-4,0772","-2,2476","0,0351",0,"0,0721","1,7611","0,0571","7,4313","0,228","-0,0571","0,958","-0,7189","0,047","0,0607","-128,8611","8,2844","63,3638","-5,34","-13,75","-175,25",1,,,,
363654,144236,"-21,9416008","-48,95267487","509,1",1,8,"465,89","958,53","33,89","2,2622","-4,0772","-2,2901","0,0348",0,"0,0842","1,7436","0,0571","7,4253","0,2158","-0,0488","0,9521","0,3787","-0,5018","-0,1832","-128,6942","8,4072","62,4805","-5,27","-13,65","-175,3",1,,,,
363754,144237,"-21,9416008","-48,95267487","509,1",1,8,"465,89","958,53","33,89","2,2622","-4,0772","-2,3256","0,035",0,"0,0948","1,7565","0,0571","7,4463","0,2275","-0,0469","0,9497","-1,8165","0,4738","1,1582","-129,2551","7,6165","62,2006","-5,2","-13,62","-175,34",1,,,,
363854,144237,"-21,9416008","-48,95267487","509,1",1,8,"465,89","958,53","33,89","2,2622","-4,0772","-2,3552","0,0349",0,"0,1032","1,7507","0,0571","7,4399","0,2207","-0,0659","0,9536","0,5616","1,2055","-1,8296","-128,8438","7,8432","62,5812","-5,17","-13,62","-175,34",1,,,,
364007,144237,"-21,9416008","-48,95267487","509,1",1,8,"465,59","958,56","33,9","2,2622","-4,0772","-2,3305","0,0339",0,"0,1825","1,6991","0,0571","7,4242","0,2109","-0,0493","0,9575","-0,1701","-0,075","1,707","-128,683","8,7686","62,2462","-5,1","-13,59","-175,4",1,,,,
364054,144237,"-21,9416008","-48,95267487","509,1",1,8,"465,59","958,56","33,9","2,2622","-4,0772","-2,3098","0,0348",0,"0,1758","1,7432","0,0571","7,3847","0,2334","-0,0557","0,937","-0,536","0,4128","0,5485","-128,122","9,5593","62,5261","-5,04","-13,54","-175,41",1,,,,
364154,144237,"-21,9416008","-48,95267487","509,1",1,8,"465,59","958,56","33,9","2,2622","-4,0772","-2,2925","0,0344",0,"0,1706","1,7248","0,0571","7,3725","0,2192","-0,0571","0,9365","1,0494","-0,3189","-0,6101","-128,8488","9,4283","63,4237","-5,01","-13,49","-175,39",1,,,,
364254,144237,"-21,9416008","-48,95267487","509,1",1,8,"465,59","958,56","33,9","2,2622","-4,0772","-2,2781","0,0349",0,"0,1665","1,7488","0,0571","7,3778","0,2236","-0,043","0,9492","-2,3043","-0,2579","0,0607","-128,9599","8,3632","61,9792","-4,95","-13,45","-175,42",1,,,,
364354,144237,"-21,9416008","-48,95267487","509,1",1,8,"465,59","958,56","33,9","2,2622","-4,0772","-2,266","0,035",0,"0,1631","1,754","0,0571","7,3804","0,2207","-0,0498","0,9458","-0,7799","-0,3189","0,1216","-128,401","7,5889","61,6708","-4,89","-13,42","-175,47",1,,,,
364507,144237,"-21,9416008","-48,95267487","509,1",1,8,"465,48","958,58","33,93","2,2622","-4,0772","-2,2386","0,0348",0,"0,1856","1,7431","0,0571","7,378","0,2271","-0,0566","0,9497","-0,475","1,3884","0,1216","-128,1231","8,7767","62,232","-4,88","-13,44","-175,46",1,,,,
364554,144237,"-21,9416008","-48,95267487","509,1",1,8,"465,48","958,58","33,93","2,2622","-4,0772","-2,2156","0,0346",0,"0,1799","1,7337","0,0571","7,4228","0,2197","-0,0586","0,9609","-0,1701","-1,5994","-1,4027","-128,5669","8,2486","62,8483","-4,89","-13,46","-175,44",1,,,,
364654,144237,"-21,9416008","-48,95267487","509,1",1,8,"465,48","958,58","33,93","2,2622","-4,0772","-2,1965","0,0352",0,"0,1746","1,7636","0,0571","7,4358","0,2251","-0,0498","0,9551","-0,475","-1,2945","1,2802","-128,4041","7,9901","61,945","-4,87","-13,48","-175,43",1,,,,
364754,144237,"-21,9416008","-48,95267487","509,1",1,8,"465,48","958,58","33,93","2,2622","-4,0772","-2,1804","0,0352",0,"0,1694","1,7624","0,0571","7,4059","0,2197","-0,0562","0,9448","0,1348","1,0835","-0,0003","-128,2727","8,2127","62,3327","-4,86","-13,5","-175,4",1,,,,
364854,144237,"-21,9416008","-48,95267487","509,1",1,8,"465,48","958,58","33,93","2,2622","-4,0772","-2,1671","0,0354",0,"0,166","1,7756","0,0571","7,4293","0,2319","-0,04","0,9595","-1,3287","0,1689","-1,5857","-128,9883","8,4431","62,996","-4,86","-13,5","-175,42",1,,,,
365007,144237,"-21,9416008","-48,95267487","509,1",1,8,"465,69","958,55","33,93","2,2622","-4,0772","-2,1898","0,0353",0,"0,1136","1,769","0,0571","7,4506","0,2319","-0,0518","0,958","-2,0604","2,0591","1,5851","-128,5415","8,57","62,1056","-4,84","-13,5","-175,51",1,,,,
365054,144237,"-21,9416008","-48,95267487","509,1",1,8,"465,69","958,55","33,93","2,2622","-4,0772","-2,2087","0,035",0,"0,1191","1,7562","0,0571","7,4521","0,2212","-0,0469","0,9536","0,0128","-0,8067","-0,854","-129,1319","7,0766","62,5484","-4,84","-13,49","-175,55",1,,,,
365154,144237,"-21,9416008","-48,95267487","509,1",1,8,"465,69","958,55","33,93","2,2622","-4,0772","-2,2246","0,0352",0,"0,1227","1,7673","0,0571","7,4043","0,2305","-0,0537","0,9419","1,5372","-2,2091","-0,0003","-128,29","8,6539","63,1154","-4,84","-13,47","-175,56",1,,,,
365254,144237,"-21,9416008","-48,95267487","509,1",1,8,"465,69","958,55","33,93","2,2622","-4,0772","-2,2379","0,0344",0,"0,1265","1,724","0,0571","7,4037","0,2129","-0,0635","0,9541","-0,7189","-3,4896","0,1826","-128,6871","8,3873","62,2263","-4,77","-13,53","-175,56",1,,,,
365354,144237,"-21,9416008","-48,95267487","509,1",1,8,"465,69","958,55","33,93","2,2622","-4,0772","-2,2489","0,0346",0,"0,1297","1,7346","0,0571","7,4044","0,2319","-0,0469","0,9507","-1,5726","0,7177","0,2436","-128,2656","8,1928","62,0785","-4,73","-13,66","-175,51",1,,,,
365680,144237,"-21,9416008","-48,95267487","509,1",1,8,"465,69","958,55","33,93","2,2622","-4,0772","-2,2582","0,0353",0,"0,1315","1,7711","0,0571","7,3577","0,2261","-0,0547","0,9385","-1,1457","0,2299","1,0363","-128,4355","8,4712","63,236","-4,74","-13,94","-175,31",1,,,,
365727,144237,"-21,9416008","-48,95267487","509,1",1,8,"465,69","958,55","33,93","2,2622","-4,0772","-2,2659","0,0355",0,"0,1338","1,7821","0,0571","7,3655","0,2295","-0,0415","0,9463","-1,0848","-0,6848","-0,1223","-128,683","8,7686","62,2462","-4,74","-13,97","-175,27",1,,,,
365827,144239,"-21,9416008","-48,95267487","509,1",1,8,"465,69","958,55","33,93","2,2622","-4,0772","-2,2724","0,0358",0,"0,1372","1,7958","0,0571","7,4383","0,2188","-0,0532","0,959","-1,5116","-1,2945","2,9265","-128,9681","7,6007","61,9392","-4,75","-14,01","-175,23",1,,,,
365927,144239,"-21,9416008","-48,95267487","509,1",1,8,"465,69","958,55","33,93","2,2622","-4,0772","-2,2778","0,0351",0,"0,138","1,7586","0,0571","7,405","0,2261","-0,0552","0,9424","-1,2677","-0,9896","0,5485","-129,3008","8,1376","64,0001","-4,75","-14,02","-175,16",1,,,,
366027,144239,"-21,9416008","-48,95267487","509,1",1,8,"465,69","958,55","33,93","2,2622","-4,0772","-2,2823","0,0345",0,"0,1399","1,7285","0,0571","7,4346","0,2217","-0,0464","0,9512","-2,2433","0,1079","-0,2442","-128,683","8,7686","62,2462","-4,76","-14,03","-175,08",1,,,,
366180,144239,"-21,9416008","-48,95267487","509,1",1,8,"465,69","958,55","33,95","2,2622","-4,0772","-2,2856","0,0355",0,"0,1418","1,7795","0,0571","7,4428","0,229","-0,0513","0,9497","0,0738","5,5957","1,2802","-128,7054","8,0459","62,7148","-4,79","-14,04","-175,04",1,,,,
366227,144239,"-21,9416008","-48,95267487","509,1",1,8,"465,69","958,55","33,95","2,2622","-4,0772","-2,2884","0,0353",0,"0,1419","1,7693","0,0571","7,4064","0,2231","-0,0566","0,9399","0,8665","-1,0506","2,6826","-127,9836","9,7619","62,6597","-4,8","-13,97",-175,1,,,,
366327,144239,"-21,9416008","-48,95267487","509,1",1,8,"465,69","958,55","33,95","2,2622","-4,0772","-2,2907","0,0352",0,"0,1426","1,7625","0,0571","7,4102","0,2246","-0,0601","0,9546","-3,3409","0,1689","0,1826","-127,83","7,9583","61,4223","-4,81","-13,84","-174,92",1,,,,
366427,144239,"-21,9416008","-48,95267487","509,1",1,8,"465,69","958,55","33,95","2,2622","-4,0772","-2,2926","0,0351",0,"0,1432","1,7603","0,0571","7,4123","0,2236","-0,0488","0,9492","0,0128","1,4494","-1,8905","-128,9772","8,8044","62,7618","-4,88","-13,76","-174,82",1,,,,
366527,144239,"-21,9416008","-48,95267487","509,1",1,8,"465,69","958,55","33,95","2,2622","-4,0772","-2,2943","0,0356",0,"0,143","1,7866","0,0571","7,3764","0,2251","-0,0479","0,9438","-1,0238","-0,197","-1,5247","-128,4244","8,8325","63,0018","-4,88","-13,7","-174,82",1,,,,
366680,144239,"-21,9416008","-48,95267487","509,1",1,8,"465,59","958,56","33,96","2,2622","-4,0772","-2,2795","0,0347",0,"0,1677","1,7382","0,0571","7,4184","0,2183","-0,0488","0,9531","-0,0482","-0,2579","0,7314","-127,6965","9,7461","62,3984","-4,87","-13,64","-174,91",1,,,,
366727,144239,"-21,9416008","-48,95267487","509,1",1,8,"465,59","958,56","33,96","2,2622","-4,0772","-2,2672","0,0356",0,"0,1643","1,7835","0,0571","7,4223","0,2378","-0,0659","0,9512","2,6957","-0,3189","-1,2808","-128,4295","7,6687","62,6877","-4,86","-13,62","-174,92",1,,,,
366827,144240,"-21,9416008","-48,95267487","509,1",1,8,"465,59","958,56","33,96","2,2622","-4,0772","-2,257","0,0357",0,"0,1616","1,7881","0,0571","7,4365","0,2275","-0,0698","0,9551","1,5982","0,1689","-1,4637","-128,6698","7,9461","61,4436","-4,78","-13,6","-174,93",1,,,,
366927,144240,"-21,9416008","-48,95267487","509,1",1,8,"465,59","958,56","33,96","2,2622","-4,0772","-2,2484","0,0354",0,"0,159","1,7738","0,0571","7,4331","0,2236","-0,042","0,9468","0,0738","0,7177","-0,4271","-129,2439","7,9779","61,9663","-4,64","-13,55","-175,01",1,,,,
367027,144240,"-21,9416008","-48,95267487","509,1",1,8,"465,59","958,56","33,96","2,2622","-4,0772","-2,2412","0,0351",0,"0,1569","1,7614","0,0571","7,4275","0,2197","-0,0605","0,957","-0,353","0,1079","1,768","-128,2646","8,9753","62,3727","-4,57","-13,49","-175,03",1,,,,
367180,144240,"-21,9416008","-48,95267487","509,1",1,8,"465,59","958,56","33,96","2,2622","-4,0772","-2,2348","0,0349",0,"0,1558","1,7508","0,0571","7,43","0,2227","-0,04","0,9517","0,7445","1,0226","-2,8662","-129,4138","8,2563","63,1238","-4,58","-13,45","-174,94",1,,,,
367227,144240,"-21,9416008","-48,95267487","509,1",1,8,"465,59","958,56","33,96","2,2622","-4,0772","-2,2294","0,0349",0,"0,1536","1,7492","0,0571","7,3945","0,2231","-0,0664","0,939","-1,4506","2,1811","1,646","-127,9765","9,742","62,4055","-4,6","-13,4","-174,92",1,,,,
367327,144240,"-21,9416008","-48,95267487","509,1",1,8,"465,59","958,56","33,96","2,2622","-4,0772","-2,2249","0,0354",0,"0,1517","1,776","0,0571","7,3627","0,2261","-0,063","0,937","-0,8409","0,1689","1,707","-128,4101","8,7926","62,4933","-4,59","-13,3","-174,88",1,,,,
367427,144240,"-21,9416008","-48,95267487","509,1",1,8,"465,59","958,56","33,96","2,2622","-4,0772","-2,2212","0,0346",0,"0,1511","1,7373","0,0571","7,3888","0,2129","-0,0386","0,9546","-0,9628","-1,6604","0,9143","-128,1526","8,074","62,9548","-4,59","-13,23","-174,78",1,,,,
367527,144240,"-21,9416008","-48,95267487","509,1",1,8,"465,59","958,56","33,96","2,2622","-4,0772","-2,218","0,0339",0,"0,1502","1,7011","0,0571","7,3879","0,2036","-0,0469","0,9517","0,1348","-0,014","-0,854","-128,2992","7,1088","62,7813","-4,57","-13,24","-174,72",1,,,,
367817,144240,"-21,9416008","-48,95267487","509,1",1,8,"465,69","958,55","33,96","2,2622","-4,0772","-2,2324","0,0353",0,"0,1248","1,7683","0,0571","7,3957","0,2349","-0,0371","0,9443","-1,2677","-1,5384","-1,0979","-128,5527","8,2087","62,3398","-4,54","-13,28","-174,67",1,,,,
367864,144240,"-21,9416008","-48,95267487","509,1",1,8,"465,69","958,55","33,96","2,2622","-4,0772","-2,2443","0,035",0,"0,1278","1,7557","0,0571","7,372","0,2212","-0,0503","0,9395","-0,1091","2,9738","-1,9515","-129,1309","7,8591","62,8425","-4,54","-13,27","-174,68",1,,,,
367964,144240,"-21,9416008","-48,95267487","509,1",1,8,"465,69","958,55","33,96","2,2622","-4,0772","-2,2544","0,0358",0,"0,1309","1,795","0,0571","7,3855","0,2417","-0,0464","0,9458","-2,5482","-1,2945","0,7314","-128,3949","9,5352","62,279","-4,54","-13,24","-174,76",1,,,,
368064,144240,"-21,9416008","-48,95267487","509,1",1,8,"465,69","958,55","33,96","2,2622","-4,0772","-2,2627","0,036",0,"0,1344","1,805","0,0571","7,4402","0,2334","-0,0596","0,9546","0,4396","-0,075","-0,2442","-128,4457","8,8924","63,7645","-4,6","-13,24","-174,79",1,,,,
368164,144240,"-21,9416008","-48,95267487","509,1",1,8,"465,69","958,55","33,96","2,2622","-4,0772","-2,2697","0,0347",0,"0,136","1,7417","0,0571","7,4165","0,2075","-0,0464","0,9487","-1,1457","0,9006","-2,2564","-128,6952","7,6247","62,1863","-4,67","-13,32","-174,8",1,,,,
368317,144240,"-21,9416008","-48,95267487","509,1",1,8,"465,89","958,53","33,98","2,2622","-4,0772","-2,3085","0,0353",0,"0,0887","1,7682","0,0571","7,3861","0,2271","-0,0439","0,9434","-1,9384","0,7177","-0,1223","-128,4244","8,8325","63,0018","-4,66","-13,35","-174,86",1,,,,
368364,144240,"-21,9416008","-48,95267487","509,1",1,8,"465,89","958,53","33,98","2,2622","-4,0772","-2,341","0,0352",0,"0,0981","1,7643","0,0571","7,3897","0,2241","-0,063","0,9478","-2,3652","-0,6238","2,1338","-128,2706","9,7778","62,921","-4,63","-13,34","-174,9",1,,,,
368464,144240,"-21,9416008","-48,95267487","509,1",1,8,"465,89","958,53","33,98","2,2622","-4,0772","-2,3681","0,035",0,"0,1055","1,7532","0,0571","7,3674","0,2261","-0,0469","0,9404","0,1957","-1,3555","-2,5613","-128,7013","8,4272","62,7347","-4,65","-13,31","-174,85",1,,,,
368564,144240,"-21,9416008","-48,95267487","509,1",1,8,"465,89","958,53","33,98","2,2622","-4,0772","-2,3908","0,0352",0,"0,1123","1,7648","0,0571","7,3823","0,2236","-0,0557","0,9458","0,6226","-0,4409","0,8534","-128,9782","8,0219","62,4676","-4,63","-13,32","-174,85",1,,,,
368664,144240,"-21,9416008","-48,95267487","509,1",1,8,"465,89","958,53","33,98","2,2622","-4,0772","-2,4097","0,0337",0,"0,1179","1,6917","0,0571","7,388","0,2153","-0,0483","0,9463","-0,8409","2,1201","-1,4637","-128,9965","7,6805","62,9561","-4,59","-13,34","-174,91",1,,,,
368817,144242,"-21,9416008","-48,95267487","509,1",1,8,"465,89","958,53","33,98","2,2622","-4,0772","-2,4251","0,0341",0,"0,1234","1,7086","0,0571","7,4019","0,2261","-0,0474","0,9497","0,1348","1,0226","0,7924","-128,6983","8,0259","62,4605","-4,59","-13,31",-175,1,,,,
368864,144242,"-21,9416008","-48,95267487","509,1",1,8,"465,89","958,53","33,98","2,2622","-4,0772","-2,438","0,0346",0,"0,1266","1,7369","0,0571","7,3792","0,229","-0,0566","0,9404","-1,9994","0,3518","1,5851","-127,8614","8,4394","62,7134","-4,61","-13,22","-175,04",1,,,,
368964,144242,"-21,9416008","-48,95267487","509,1",1,8,"465,89","958,53","33,98","2,2622","-4,0772","-2,4487","0,035",0,"0,1296","1,7564","0,0571","7,3716","0,23","-0,0605","0,9453","0,1348","-0,3799","0,6704","-128,1414","8,4354","62,7205","-4,65","-13,11","-175,01",1,,,,
369064,144242,"-21,9416008","-48,95267487","509,1",1,8,"465,89","958,53","33,98","2,2622","-4,0772","-2,4577","0,035",0,"0,1324","1,754","0,0571","7,3858","0,2153","-0,0596","0,9395","-0,475","-0,8677","0,6095","-128,6769","7,9661","61,6979","-4,68","-13,01","-174,97",1,,,,
369164,144242,"-21,9416008","-48,95267487","509,1",1,8,"465,89","958,53","33,98","2,2622","-4,0772","-2,4652","0,0348",0,"0,1346","1,7459","0,0571","7,3869","0,2212","-0,0571","0,9487","-0,353","1,0226","1,9509","-129,9483","8,5695","62,3954","-4,69","-12,97","-174,94",1,,,,
369317,144242,"-21,9416008","-48,95267487","509,1",1,8,"465,59","958,56","33,98","2,2622","-4,0772","-2,4219","0,0353",0,"0,2094","1,7674","0,0571","7,4147","0,2295","-0,0493","0,9546","0,3177","1,6323","0,7314","-128,9528","8,3433","61,7249","-4,72","-12,98","-174,84",1,,,,
369364,144242,"-21,9416008","-48,95267487","509,1",1,8,"465,59","958,56","33,98","2,2622","-4,0772","-2,3857","0,0353",0,"0,1993","1,768","0,0571","7,4298","0,2256","-0,063","0,9546","0,8055","0,3518","-1,1588","-128,122","9,5593","62,5261","-4,7","-12,97","-174,75",1,,,,
369464,144242,"-21,9416008","-48,95267487","509,1",1,8,"465,59","958,56","33,98","2,2622","-4,0772","-2,3555","0,0349",0,"0,1914","1,7486","0,0571","7,4686","0,2222","-0,0547","0,9565","-0,7799","-1,2945","-1,0979","-128,9976","6,898","62,662","-4,64","-12,93","-174,7",1,,,,
369564,144242,"-21,9416008","-48,95267487","509,1",1,8,"465,59","958,56","33,98","2,2622","-4,0772","-2,3303","0,0361",0,"0,1831","1,8085","0,0571","7,4197","0,2393","-0,0439","0,9502","0,8055","0,4738","1,2802","-129,1186","9,003","62,9024","-4,6","-12,93","-174,7",1,,,,
369664,144242,"-21,9416008","-48,95267487","509,1",1,8,"465,59","958,56","33,98","2,2622","-4,0772","-2,3092","0,0352",0,"0,176","1,7669","0,0571","7,3684","0,2227","-0,0439","0,9409","0,2567","1,3274","-2,0735","-129,6826","8,6135","62,8967","-4,52","-12,89","-174,72",1,,,,
369940,144243,"-21,9416008","-48,95267487","509,1",1,8,"465,69","958,55","33,99","2,2622","-4,0772","-2,3085","0,036",0,"0,1463","1,8027","0,0571","7,3755","0,2339","-0,0527","0,9448","-0,1091","2,6689","-0,854","-128,1638","7,7127","63,189","-4,28","-12,54","-174,8",1,,,,
369987,144243,"-21,9416008","-48,95267487","509,1",1,8,"465,69","958,55","33,99","2,2622","-4,0772","-2,308","0,0352",0,"0,1466","1,7626","0,0571","7,3981","0,2153","-0,0454","0,9531","-1,9994","0,7787","1,829","-128,6952","7,6247","62,1863","-4,25","-12,46","-174,78",1,,,,
370087,144243,"-21,9416008","-48,95267487","509,1",1,8,"465,69","958,55","33,99","2,2622","-4,0772","-2,3075","0,0352",0,"0,1459","1,763","0,0571","7,3708","0,2188","-0,0459","0,9487","-2,4262","0,9616","-1,5247","-128,8214","8,5659","62,1127","-4,29","-12,37","-174,79",1,,,,
370187,144243,"-21,9416008","-48,95267487","509,1",1,8,"465,69","958,55","33,99","2,2622","-4,0772","-2,3071","0,0349",0,"0,1461","1,7511","0,0571","7,3845","0,23","-0,0542","0,9453","-0,8409","0,2909","0,4265","-128,1821","7,3713","63,6775","-4,38","-12,35","-174,87",1,,,,
370287,144243,"-21,9416008","-48,95267487","509,1",1,8,"465,69","958,55","33,99","2,2622","-4,0772","-2,3068","0,0351",0,"0,1466","1,7614","0,0571","7,4138","0,229","-0,063","0,9526","-0,9628","-0,6238","-0,3052","-128,0182","7,8954","63,0683","-4,47","-12,39","-174,9",1,,,,
370440,144243,"-21,9416008","-48,95267487","509,1",1,8,"465,69","958,55",34,"2,2622","-4,0772","-2,3065","0,0351",0,"0,1466","1,7618","0,0571","7,4181","0,2236","-0,0522","0,9458","-0,7799","0,047","0,7314","-129,6654","8,1724","62,1141","-4,5","-12,49","-174,93",1,,,,
370487,144243,"-21,9416008","-48,95267487","509,1",1,8,"465,69","958,55",34,"2,2622","-4,0772","-2,3063","0,0349",0,"0,1457","1,7483","0,0571","7,3748","0,2202","-0,0571","0,9351","-1,7555","0,3518","0,7314","-128,4101","8,7926","62,4933","-4,52","-12,62","-174,95",1,,,,
370587,144243,"-21,9416008","-48,95267487","509,1",1,8,"465,69","958,55",34,"2,2622","-4,0772","-2,3061","0,0342",0,"0,1462","1,7139","0,0571","7,405","0,2109","-0,0503","0,9526","-1,2677","1,4494","0,3655","-128,9883","8,4431","62,996","-4,55","-12,68","-174,95",1,,,,
370687,144243,"-21,9416008","-48,95267487","509,1",1,8,"465,69","958,55",34,"2,2622","-4,0772","-2,306","0,0346",0,"0,1462","1,7371","0,0571","7,4058","0,2266","-0,0586","0,9526","0,5006","1,0226","0,6095","-128,2432","8,9154","61,61","-4,56","-12,66","-174,94",1,,,,
370787,144243,"-21,9416008","-48,95267487","509,1",1,8,"465,69","958,55",34,"2,2622","-4,0772","-2,3058","0,0354",0,"0,1464","1,7768","0,0571","7,4176","0,2314","-0,0342","0,9497","-0,8409","0,047","1,646","-127,9928","8,2168","62,3256","-4,56","-12,59","-174,94",1,,,,
370940,144243,"-21,9416008","-48,95267487","509,1",1,8,"465,69","958,55","34,01","2,2622","-4,0772","-2,3057","0,0345",0,"0,1461","1,7305","0,0571","7,4074","0,2139","-0,0444","0,9497","0,5616","0,1079","-0,1832","-128,6952","7,6247","62,1863","-4,57","-12,57","-174,98",1,,,,
370987,144243,"-21,9416008","-48,95267487","509,1",1,8,"465,69","958,55","34,01","2,2622","-4,0772","-2,3056","0,0339",0,"0,1459","1,6991","0,0571","7,3974","0,2109","-0,0713","0,9453","-1,3896","0,1689","-0,3662","-128,7013","8,4272","62,7347","-4,55","-12,59","-175,04",1,,,,
371087,144243,"-21,9416008","-48,95267487","509,1",1,8,"465,69","958,55","34,01","2,2622","-4,0772","-2,3055","0,0348",0,"0,1451","1,7462","0,0571","7,3593","0,2246","-0,0625","0,9385","-0,1701","0,5957","0,5485","-127,8614","8,4394","62,7134","-4,53","-12,63","-175,07",1,,,,
371187,144243,"-21,9416008","-48,95267487","509,1",1,8,"465,69","958,55","34,01","2,2621","-4,0772","-2,3055","0,0344",0,"0,1456","1,7257","0,0571","7,3811","0,2163","-0,0415","0,9409","-1,2677","2,486","0,9753","-128,9711","8,0019","62,2134","-4,52","-12,65","-175,05",1,,,,
371287,144243,"-21,9416008","-48,95267487","509,1",1,8,"465,69","958,55","34,01","2,2621","-4,0772","-2,3054","0,0344",0,"0,1463","1,7266","0,0571","7,4203","0,2241","-0,064","0,9517","-0,2311","-0,3189","0,9143","-128,2738","7,4302","62,0386","-4,53","-12,56",-175,1,,,,
371440,144243,"-21,9416008","-48,95267487","509,1",1,8,"465,59","958,56","34,01","2,2621","-4,0772","-2,2884","0,035",0,"0,1712","1,7571","0,0571","7,4259","0,2251","-0,0581","0,9521","-0,536","-1,8433","1,2802","-128,6799","8,3673","61,972","-4,55","-12,52","-174,94",1,,,,
371487,144243,"-21,9416008","-48,95267487","509,1",1,8,"465,59","958,56","34,01","2,2621","-4,0772","-2,2742","0,0345",0,"0,1672","1,7277","0,0571","7,4276","0,2144","-0,0557","0,9512","1,2323","-0,8677","0,7924","-128,1384","8,0341","62,4463","-4,59","-12,58","-174,85",1,,,,
371587,144243,"-21,9416008","-48,95267487","509,1",1,8,"465,59","958,56","34,01","2,2621","-4,0772","-2,2624","0,0344",0,"0,1637","1,7256","0,0571","7,4245","0,2241","-0,0474","0,9556","-0,0482","-0,9896","0,3046","-128,2859","9,0352","63,1353","-4,56","-12,64","-174,76",1,,,,
371687,144243,"-21,9416008","-48,95267487","509,1",1,8,"465,59","958,56","34,01","2,2621","-4,0772","-2,2524","0,035",0,"0,1608","1,7527","0,0571","7,4233","0,231","-0,0527","0,9492","-0,9628","1,7543","-0,2442","-129,4138","8,2563","63,1238","-4,49","-12,63","-174,69",1,,,,
371787,144245,"-21,9416008","-48,95267487","509,1",1,8,"465,59","958,56","34,01","2,2621","-4,0772","-2,2442","0,0352",0,"0,1582","1,7635","0,0571","7,4152","0,2271","-0,043","0,9531","-0,6579","0,2909","0,4265","-128,2727","8,2127","62,3327","-4,47","-12,62","-174,65",1,,,,
372063,144245,"-21,9416008","-48,95267487","509,1",1,8,"465,89","958,53","33,99","2,2621","-4,0772","-2,2868","0,0352",0,"0,084","1,7648","0,0571","7,4231","0,2197","-0,0557","0,9492","-0,475","0,3518","0,7314","-128,7166","7,6846","62,949","-4,41","-12,64","-174,61",1,,,,
372110,144245,"-21,9416008","-48,95267487","509,1",1,8,"465,89","958,53","33,99","2,2621","-4,0772","-2,3224","0,0364",0,"0,0939","1,8237","0,0571","7,407","0,2451","-0,0469","0,9448","0,1348","1,0226","1,5851","-128,571","7,8673","62,8283","-4,37","-12,6","-174,61",1,,,,
372210,144245,"-21,9416008","-48,95267487","509,1",1,8,"465,89","958,53","33,99","2,2621","-4,0772","-2,3521","0,0355",0,"0,1027","1,7808","0,0571","7,4212","0,2266","-0,0513","0,9497","0,1348","-1,8433","-0,854","-128,9548","9,5271","62,2933","-4,33","-12,56","-174,56",1,,,,
372310,144245,"-21,9416008","-48,95267487","509,1",1,8,"465,89","958,53","33,99","2,2622","-4,0772","-2,377","0,0351",0,"0,1097","1,7608","0,0571","7,4108","0,2163","-0,0552","0,9517","-0,9018","0,1079","-2,0125","-128,9629","8,7645","62,2533","-4,33","-12,61","-174,51",1,,,,
372410,144245,"-21,9416008","-48,95267487","509,1",1,8,"465,89","958,53","33,99","2,2622","-4,0772","-2,3977","0,0352",0,"0,1163","1,7639","0,0571","7,4425","0,2241","-0,0518","0,9614","-0,8409","1,4494","-0,1832","-129,1044","8,9631","62,394","-4,35","-12,65","-174,55",1,,,,
372563,144245,"-21,9416008","-48,95267487","509,1",1,8,"465,59","958,56","33,98","2,2621","-4,0772","-2,3656","0,0344",0,"0,1936","1,7239","0,0571","7,4323","0,2158","-0,0513","0,9551","-0,536","2,1201","2,3777","-127,7087","8,6022","62,3385","-4,39","-12,63","-174,6",1,,,,
372610,144245,"-21,9416008","-48,95267487","509,1",1,8,"465,59","958,56","33,98","2,2621","-4,0772","-2,3387","0,0341",0,"0,1861","1,7074","0,0571","7,4479","0,2153","-0,0469","0,9565","-0,2311","0,7177","0,1826","-129,7009","8,2722","63,3852","-4,42","-12,57","-174,58",1,,,,
372710,144245,"-21,9416008","-48,95267487","509,1",1,8,"465,59","958,56","33,98","2,2621","-4,0772","-2,3162","0,0353",0,"0,1782","1,7708","0,0571","7,3759","0,2285","-0,0532","0,9395","-1,2677","-2,2091","-0,0003","-128,6759","8,7486","61,992","-4,4","-12,51","-174,52",1,,,,
372810,144246,"-21,9416008","-48,95267487","509,1",1,8,"465,59","958,56","33,98","2,2621","-4,0772","-2,2974","0,0342",0,"0,1727","1,7159","0,0571","7,3684","0,2109","-0,0562","0,9424","-1,0848","-0,197","-0,671","-128,8103","8,9272","61,8784","-4,38","-12,54","-174,51",1,,,,
372910,144246,"-21,9416008","-48,95267487","509,1",1,8,"465,59","958,56","33,98","2,2621","-4,0772","-2,2818","0,0347",0,"0,1689","1,74","0,0571","7,4065","0,2231","-0,0425","0,959","-1,2067","0,7177","1,1582","-128,2687","8,594","62,3527","-4,42","-12,57","-174,52",1,,,,
373063,144246,"-21,9416008","-48,95267487","509,1",1,8,"465,69","958,55","34,01","2,2621","-4,0772","-2,2856","0,0343",0,"0,14","1,718","0,0571","7,3875","0,2144","-0,0552","0,9448","0,3177","0,5348","1,5241","-128,4071","8,3914","62,2192","-4,5","-12,51","-174,44",1,,,,
373110,144246,"-21,9416008","-48,95267487","509,1",1,8,"465,69","958,55","34,01","2,2621","-4,0772","-2,2888","0,0346",0,"0,141","1,7363","0,0571","7,3936","0,2266","-0,0605","0,9487","-1,2677","-0,6848","1,5241","-129,1024","7,7793","61,8257","-4,58","-12,42","-174,34",1,,,,
373210,144246,"-21,9416008","-48,95267487","509,1",1,8,"465,69","958,55","34,01","2,2621","-4,0772","-2,2915","0,0341",0,"0,1416","1,7112","0,0571","7,3839","0,2168","-0,0425","0,9434","-1,6945","-0,9896","-0,0613","-128,8042","8,1247","61,3301","-4,63","-12,39","-174,24",1,,,,
373310,144246,"-21,9416008","-48,95267487","509,1",1,8,"465,69","958,55","34,01","2,2621","-4,0772","-2,2938","0,0344",0,"0,1421","1,7258","0,0571","7,3769","0,2188","-0,0542","0,9419","-0,2311","-0,5018","1,4021","-128,9782","8,0219","62,4676","-4,67","-12,47","-174,17",1,,,,
373410,144246,"-21,9416008","-48,95267487","509,1",1,8,"465,69","958,55","34,01","2,2621","-4,0772","-2,2956","0,0347",0,"0,1426","1,7406","0,0571","7,3746","0,2285","-0,0513","0,9375","-0,475","1,3884","1,2192","-128,8428","8,6258","62,8754","-4,67","-12,55","-174,12",1,,,,
373563,144246,"-21,9416008","-48,95267487","509,1",1,8,"465,69","958,55",34,"2,2621","-4,0772","-2,2972","0,0349",0,"0,1435","1,7516","0,0571","7,3981","0,2236","-0,0405","0,9551","-0,353","-3,7335","1,4631","-128,1272","8,3954","62,212","-4,64","-12,58","-174,12",1,,,,
373610,144246,"-21,9416008","-48,95267487","509,1",1,8,"465,69","958,55",34,"2,2621","-4,0772","-2,2985","0,0345",0,"0,1441","1,731","0,0571","7,4067","0,2168","-0,0527","0,9507","-0,2311","-1,2335","0,9143","-128,4265","7,2674","62,4135","-4,6","-12,68","-174,1",1,,,,
373710,144246,"-21,9416008","-48,95267487","509,1",1,8,"465,69","958,55",34,"2,2621","-4,0772","-2,2996","0,0349",0,"0,1447","1,7503","0,0571","7,4248","0,231","-0,0586","0,9551","-0,414","-0,014","0,9753","-128,4132","9,1939","62,7675","-4,58","-12,79","-174,03",1,,,,
373810,144246,"-21,9416008","-48,95267487","509,1",1,8,"465,69","958,55",34,"2,2621","-4,0772","-2,3005","0,0348",0,"0,1455","1,7451","0,0571","7,4508","0,2178","-0,0464","0,9551","-2,1823","1,2055","-1,1588","-128,4112","8,0101","62,1992","-4,58","-12,85","-173,97",1,,,,
373910,144246,"-21,9416008","-48,95267487","509,1",1,8,"465,69","958,55",34,"2,2621","-4,0772","-2,3013","0,0346",0,"0,1451","1,7358","0,0571","7,4207","0,2261","-0,0552","0,9487","-1,0238","-0,5628","1,2802","-127,5713","8,0223","62,1779","-4,58","-12,84","-173,99",1,,,,
374186,144246,"-21,9416008","-48,95267487","509,1",1,8,"465,69","958,55","34,01","2,2621","-4,0772","-2,3019","0,0341",0,"0,1459","1,7087","0,0571","7,4506","0,2144","-0,0522","0,9541","-3,036","0,3518","1,4021","-129,1126","8,2005","62,3541","-4,65","-12,73","-173,95",1,,,,
374233,144246,"-21,9416008","-48,95267487","509,1",1,8,"465,69","958,55","34,01","2,2621","-4,0772","-2,3024","0,0339",0,"0,1456","1,6981","0,0571","7,4262","0,2158","-0,0469","0,9448","0,5006","1,1445","1,1582","-128,6881","7,6047","61,9321","-4,67","-12,68","-173,91",1,,,,
374333,144246,"-21,9416008","-48,95267487","509,1",1,8,"465,69","958,55","34,01","2,2621","-4,0772","-2,3029","0,0347",0,"0,1459","1,7408","0,0571","7,436","0,2305","-0,0459","0,9546","-0,9628","2,0591","-3,6588","-128,9802","9,2057","63,036","-4,67","-12,58","-173,87",1,,,,
374433,144246,"-21,9416008","-48,95267487","509,1",1,8,"465,69","958,55","34,01","2,2621","-4,0772","-2,3032","0,0341",0,"0,1459","1,7119","0,0571","7,4324","0,2139","-0,0591","0,9531","-0,8409","1,7543","-1,3418","-128,8428","8,6258","62,8754","-4,59","-12,49",-174,1,,,,
374533,144246,"-21,9416008","-48,95267487","509,1",1,8,"465,69","958,55","34,01","2,2621","-4,0772","-2,3035","0,0343",0,"0,1456","1,7208","0,0571","7,4097","0,2139","-0,0439","0,9453","-1,0238","0,4738","1,707","-128,6748","9,5312","62,2862","-4,54","-12,39","-174,13",1,,,,
374686,144246,"-21,9416008","-48,95267487","509,1",1,8,"465,89","958,53","34,02","2,2621","-4,0772","-2,3368","0,035",0,"0,0974","1,7538","0,0571","7,4138","0,2246","-0,043","0,9512","-0,1091","0,6567","-1,5247","-128,4142","8,4113","62,4734","-4,56","-12,27","-174,11",1,,,,
374733,144248,"-21,9416008","-48,95267487","509,1",1,8,"465,89","958,53","34,02","2,262","-4,0772","-2,3646","0,0345",0,"0,1055","1,7297","0,0571","7,4177","0,2158","-0,0483","0,9507","-2,914","-2,0872","1,3412","-128,8509","7,8632","62,8354","-4,56","-12,17","-174,08",1,,,,
374833,144248,"-21,9416008","-48,95267487","509,1",1,8,"465,89","958,53","34,02","2,262","-4,0772","-2,3879","0,0343",0,"0,1129","1,7187","0,0571","7,4504","0,2231","-0,0542","0,9551","1,0494","1,3274","-1,5247","-127,4329","8,225","62,3114","-4,6","-12,16","-174,02",1,,,,
374933,144248,"-21,9416008","-48,95267487","509,1",1,8,"465,89","958,53","34,02","2,262","-4,0772","-2,4073","0,0341",0,"0,1184","1,7101","0,0571","7,4461","0,2207","-0,0449","0,9492","-2,1823","-0,197","-0,793","-129,1238","7,8392","62,5883","-4,57","-12,18","-174,03",1,,,,
375033,144248,"-21,9416008","-48,95267487","509,1",1,8,"465,89","958,53","34,02","2,262","-4,0772","-2,4235","0,0344",0,"0,1225","1,7258","0,0571","7,4194","0,2183","-0,0513","0,9419","-1,3287","-0,3799","1,5241","-129,3915","8,979","62,6553","-4,52","-12,2","-174,11",1,,,,
375186,144248,"-21,9416008","-48,95267487","509,1",1,8,"465,89","958,53","34,03","2,262","-4,0772","-2,4366","0,035",0,"0,1264","1,757","0,0571","7,3896","0,2266","-0,0513","0,9468","-0,9018","1,7543","0,2436","-128,2779","7,0489","62,0186","-4,55","-12,19","-174,16",1,,,,
375233,144248,"-21,9416008","-48,95267487","509,1",1,8,"465,89","958,53","34,03","2,262","-4,0772","-2,4476","0,0349",0,"0,1296","1,7492","0,0571","7,3878","0,2217","-0,0469","0,9463","0,6835","-0,014","0,2436","-128,01","8,658","63,1082","-4,61","-12,16","-174,19",1,,,,
375333,144248,"-21,9416008","-48,95267487","509,1",1,8,"465,89","958,53","34,03","2,262","-4,0772","-2,4567","0,0348",0,"0,1321","1,7469","0,0571","7,3804","0,2227","-0,0615","0,9482","-2,3043","0,6567","-1,7686","-128,4","8,3714","61,9649","-4,66","-12,12","-174,21",1,,,,
375433,144248,"-21,9416008","-48,95267487","509,1",1,8,"465,89","958,53","34,03","2,262","-4,0772","-2,4644","0,0346",0,"0,1339","1,737","0,0571","7,3641","0,2241","-0,0562","0,9487","1,2323","-0,5018","-0,1832","-128,4254","8,05","62,7076","-4,76","-12,15","-174,26",1,,,,
375533,144248,"-21,9416008","-48,95267487","509,1",1,8,"465,89","958,53","34,03","2,262","-4,0772","-2,4708","0,034",0,"0,136","1,7068","0,0571","7,3751","0,208","-0,0469","0,9463","1,1104","2,303","-0,4881","-129,0036","7,7005","63,2103","-4,79","-12,25","-174,28",1,,,,
375686,144248,"-21,9416008","-48,95267487","509,1",1,8,"465,69","958,55","34,03","2,262","-4,0772","-2,4435","0,034",0,"0,185","1,7033","0,0571","7,3648","0,2207","-0,0483","0,9434","0,3177","-1,2945","-1,8296","-128,287","8,2527","62,8412","-4,7","-12,24","-174,31",1,,,,
375733,144249,"-21,9416008","-48,95267487","509,1",1,8,"465,69","958,55","34,03","2,262","-4,0772","-2,4208","0,0349",0,"0,1783","1,7504","0,0571","7,3561","0,2349","-0,0566","0,9414","-0,2311","-2,0262","-0,671","-128,9944","9,2456","63,5444","-4,56","-12,21","-174,39",1,,,,
375833,144249,"-21,9416008","-48,95267487","509,1",1,8,"465,69","958,55","34,03","2,262","-4,0772","-2,4018","0,0339",0,"0,1724","1,6999","0,0571","7,3385","0,2109","-0,0508","0,939","-1,1457","-1,0506","2,9875","-128,8367","7,8233","62,327","-4,45","-12,26","-174,46",1,,,,
375933,144249,"-21,9416008","-48,95267487","509,1",1,8,"465,69","958,55","34,03","2,262","-4,0772","-2,3859","0,0345",0,"0,1692","1,7287","0,0571","7,4057","0,2295","-0,0562","0,9541","-0,2921","-0,4409","0,3655","-128,8357","8,6058","62,6211","-4,46","-12,33","-174,41",1,,,,
376033,144249,"-21,9416008","-48,95267487","509,1",1,8,"465,69","958,55","34,03","2,262","-4,0772","-2,3726","0,0341",0,"0,1651","1,7117","0,0571","7,3903","0,2192","-0,0464","0,9473","-0,414","2,1201","-0,0003","-127,8472","8,3995","62,2049","-4,51","-12,46","-174,34",1,,,,
376373,144249,"-21,9416008","-48,95267487","509,1",1,8,"465,69","958,55","34,03","2,262","-4,0772","-2,3615","0,0346",0,"0,162","1,7349","0,0571","7,3965","0,2212","-0,0527","0,9448","0,0738","0,3518","0,2436","-129,2399","8,3592","61,9863","-4,64","-12,71","-174,57",1,,,,
376420,144249,"-21,9416008","-48,95267487","509,1",1,8,"465,69","958,55","34,03","2,262","-4,0772","-2,3522","0,0344",0,"0,1594","1,7266","0,0571","7,3984","0,2192","-0,0474","0,9482","-0,414","-0,014","-2,5003","-129,6796","8,2123","62,6225","-4,65","-12,7","-174,61",1,,,,
376520,144249,"-21,9416008","-48,95267487","509,1",1,8,"465,69","958,55","34,03","2,262","-4,0772","-2,3445","0,0348",0,"0,1566","1,745","0,0571","7,3726","0,2251","-0,0479","0,9404","-3,8896","0,047","1,768","-128,7084","8,4472","62,9889","-4,64","-12,67","-174,68",1,,,,
376620,144249,"-21,9416008","-48,95267487","509,1",1,8,"465,69","958,55","34,03","2,262","-4,0772","-2,338","0,0348",0,"0,1552","1,7441","0,0571","7,3959","0,2275","-0,0669","0,9526","0,3787","1,2665","0,9143","-128,9853","8,0418","62,7219","-4,7","-12,64","-174,63",1,,,,
376720,144249,"-21,9416008","-48,95267487","509,1",1,8,"465,69","958,55","34,03","2,262","-4,0772","-2,3326","0,0355",0,"0,1533","1,7783","0,0571","7,3768","0,228","-0,0532","0,9419","-0,9018","-0,9896","0,3655","-128,6993","7,2434","62,1664","-4,75","-12,64","-174,55",1,,,,
376873,144249,"-21,9416008","-48,95267487","509,1",1,8,"465,69","958,55","34,04","2,262","-4,0772","-2,3281","0,0355",0,"0,1517","1,7801","0,0571","7,3619","0,2305","-0,0625","0,9414","-0,9628","-1,1116","-0,3052","-127,8574","8,8207","62,7333","-4,75","-12,69","-174,56",1,,,,
376920,144249,"-21,9416008","-48,95267487","509,1",1,8,"465,69","958,55","34,04","2,262","-4,0772","-2,3243","0,0354",0,"0,1508","1,774","0,0571","7,3727","0,2246","-0,0518","0,9478","-0,7799","-0,136","-0,1832","-128,9883","8,4431","62,996","-4,75","-12,78","-174,59",1,,,,
377020,144249,"-21,9416008","-48,95267487","509,1",1,8,"465,69","958,55","34,04","2,262","-4,0772","-2,3212","0,0351",0,"0,1505","1,758","0,0571","7,402","0,2295","-0,0576","0,9424","0,4396","-0,6238","-0,2442","-128,4325","8,07","62,9619","-4,75","-12,84","-174,65",1,,,,
377120,144249,"-21,9416008","-48,95267487","509,1",1,8,"465,69","958,55","34,04","2,262","-4,0772","-2,3185","0,0348",0,"0,1502","1,7431","0,0571","7,4246","0,2261","-0,0508","0,9517","0,3177","-0,5018","-2,0125","-128,2981","7,8913","63,0754","-4,72","-12,86","-174,72",1,,,,
377220,144249,"-21,9416008","-48,95267487","509,1",1,8,"465,69","958,55","34,04","2,262","-4,0772","-2,3163","0,035",0,"0,1495","1,7561","0,0571","7,4217","0,2251","-0,0518","0,9541","-0,7799","-1,4774","-0,9759","-127,4206","9,3688","62,3713","-4,68","-12,88","-174,8",1,,,,
377373,144249,"-21,9416008","-48,95267487","509,1",1,8,"465,59","958,56","34,06","2,262","-4,0772","-2,2975","0,0346",0,"0,1739","1,735","0,0571","7,4286","0,2271","-0,0542","0,9487","-1,1457","-1,2945","1,5241","-128,6901","8,7885","62,5005","-4,65","-12,92","-174,86",1,,,,
377420,144249,"-21,9416008","-48,95267487","509,1",1,8,"465,59","958,56","34,06","2,262","-4,0772","-2,2818","0,0337",0,"0,1694","1,6907","0,0571","7,4295","0,207","-0,0557","0,9512","-0,8409","-0,2579","0,4875","-127,9897","7,8156","62,0514","-4,68","-12,95","-174,82",1,,,,
377520,144249,"-21,9416008","-48,95267487","509,1",1,8,"465,59","958,56","34,06","2,262","-4,0772","-2,2687","0,0342",0,"0,1654","1,7143","0,0571","7,4172","0,2251","-0,0474","0,9565","0,4396","0,1079","0,6095","-129,251","7,9978","62,2205","-4,7","-12,98","-174,73",1,,,,
377620,144249,"-21,9416008","-48,95267487","509,1",1,8,"465,59","958,56","34,06","2,262","-4,0772","-2,2578","0,0348",0,"0,1617","1,746","0,0571","7,3896","0,2183","-0,0405","0,9321","0,3787","-0,136","1,0363","-129,3783","8,1565","61,8527","-4,66","-13,01","-174,68",1,,,,
377720,144251,"-21,9416008","-48,95267487","509,1",1,8,"465,59","958,56","34,06","2,262","-4,0772","-2,2486","0,0341",0,"0,1591","1,7118","0,0571","7,3945","0,2075","-0,0518","0,9473","-1,7555","-1,1726","2,1338","-129,3996","8,2164","62,6154","-4,59","-13,07","-174,66",1,,,,
377873,144251,"-21,9416008","-48,95267487","509,1",1,8,"465,59","958,56","34,06","2,262","-4,0772","-2,241","0,0333",0,"0,1575","1,6709","0,0571","7,4223","0,2109","-0,061","0,9556","-0,0482","0,6567","-1,2198","-128,6983","8,0259","62,4605","-4,53","-13,11","-174,6",1,,,,
377920,144251,"-21,9416008","-48,95267487","509,1",1,8,"465,59","958,56","34,06","2,262","-4,0772","-2,2346","0,0336",0,"0,1555","1,6861","0,0571","7,4165","0,2207","-0,0396","0,9482","-2,0604","0,1689","2,0729","-128,7114","8,8484","63,2631","-4,48","-13,09","-174,55",1,,,,
378020,144251,"-21,9416008","-48,95267487","509,1",1,8,"465,59","958,56","34,06","2,2619","-4,0772","-2,2292","0,0336",0,"0,154","1,6862","0,0571","7,4158","0,2129","-0,0522","0,9531","-3,2189","-2,575","0,4875","-127,9917","8,9994","62,6198","-4,49","-13,04","-174,48",1,,,,
378120,144251,"-21,9416008","-48,95267487","509,1",1,8,"465,59","958,56","34,06","2,2619","-4,0772","-2,2248","0,0335",0,"0,1533","1,6811","0,0571","7,4497","0,2139","-0,0566","0,96","0,1348","-0,2579","-0,3662","-128,5486","8,5899","62,3598","-4,59","-13,06","-174,39",1,,,,
378220,144251,"-21,9416008","-48,95267487","509,1",1,8,"465,59","958,56","34,06","2,2619","-4,0772","-2,221","0,0335",0,"0,1519","1,6789","0,0571","7,4317","0,2188","-0,0391","0,9492","1,4152","-1,4165","3,0485","-128,3908","9,9165","62,299","-4,64","-13,09","-174,37",1,,,,
378512,144251,"-21,9416008","-48,95267487","509,1",1,8,"465,69","958,55","34,07","2,2619","-4,0772","-2,2349","0,0347",0,"0,1257","1,742","0,0571","7,4041","0,2285","-0,0522","0,9429","-0,9628","1,1445","-2,5003","-128,686","9,1698","62,5204","-4,49","-13,38","-174,13",1,,,,
378559,144251,"-21,9416008","-48,95267487","509,1",1,8,"465,69","958,55","34,07","2,2619","-4,0772","-2,2464","0,0347",0,"0,1292","1,7416","0,0571","7,4152","0,2227","-0,0522","0,9521","-1,8165","-0,014","2,3168","-129,1197","8,2205","62,6083","-4,49","-13,4","-174,1",1,,,,
378659,144251,"-21,9416008","-48,95267487","509,1",1,8,"465,69","958,55","34,07","2,2619","-4,0772","-2,2561","0,0354",0,"0,1316","1,7755","0,0571","7,3927","0,2354","-0,0405","0,9424","-0,353","-3,4287","2,2558","-127,8899","8,5193","63,7303","-4,57","-13,44","-174,08",1,,,,
378759,144252,"-21,9416008","-48,95267487","509,1",1,8,"465,69","958,55","34,07","2,2619","-4,0772","-2,2642","0,0349",0,"0,1344","1,751","0,0571","7,4188","0,2173","-0,0547","0,9526","0,6226","-0,9287","-0,4881","-128,9832","9,6069","63,3102","-4,65","-13,54","-173,99",1,,,,
378859,144252,"-21,9416008","-48,95267487","509,1",1,8,"465,69","958,55","34,07","2,2619","-4,0772","-2,2709","0,0356",0,"0,1365","1,7834","0,0571","7,424","0,23","-0,0405","0,9497","-0,0482","0,9616","-1,2198","-128,6972","8,8085","62,7547","-4,69","-13,61","-173,94",1,,,,
379012,144252,"-21,9416008","-48,95267487","509,1",1,8,"465,48","958,58","34,06","2,2619","-4,0772","-2,2426","0,0353",0,"0,188","1,7699","0,0571","7,4431","0,2275","-0,0464","0,9604","-2,4872","0,8396","-0,732","-128,287","8,2527","62,8412","-4,66","-13,61","-174,01",1,,,,
379059,144252,"-21,9416008","-48,95267487","509,1",1,8,"465,48","958,58","34,06","2,2619","-4,0772","-2,219","0,0356",0,"0,1803","1,787","0,0571","7,398","0,2314","-0,0464","0,937","-0,7799","-1,8433","3,7802","-128,8316","8,9871","62,6411","-4,65","-13,58","-174,09",1,,,,
379159,144252,"-21,9416008","-48,95267487","509,1",1,8,"465,48","958,58","34,06","2,262","-4,0772","-2,1993","0,0361",0,"0,1747","1,8089","0,0571","7,3989","0,2344","-0,0469","0,9556","0,1957","-0,4409","-0,1223","-128,4355","8,4712","63,236","-4,7","-13,58","-174,01",1,,,,
379259,144252,"-21,9416008","-48,95267487","509,1",1,8,"465,48","958,58","34,06","2,262","-4,0772","-2,1828","0,0349",0,"0,1696","1,7486","0,0571","7,3822","0,2188","-0,0527","0,9453","1,0494","0,9006","-2,6223","-128,5609","7,4461","62,2999","-4,73","-13,62","-173,89",1,,,,
379359,144252,"-21,9416008","-48,95267487","509,1",1,8,"465,48","958,58","34,06","2,262","-4,0772","-2,169","0,0341",0,"0,167","1,709","0,0571","7,4499","0,2144","-0,0527","0,9595","0,0128","0,5957","1,2192","-128,2727","8,2127","62,3327","-4,61","-13,63","-173,97",1,,,,
379512,144252,"-21,9416008","-48,95267487","509,1",1,8,"465,48","958,58","34,05","2,262","-4,0772","-2,1571","0,0352",0,"0,1631","1,7647","0,0571","7,3917","0,2275","-0,0449","0,9414","-2,0604","-1,3555","2,7436","-128,5669","8,2486","62,8483","-4,53","-13,59",-174,1,,,,
379559,144252,"-21,9416008","-48,95267487","509,1",1,8,"465,48","958,58","34,05","2,262","-4,0772","-2,1471","0,0344",0,"0,16","1,7244","0,0571","7,3807","0,2114","-0,0566","0,9434","-0,9628","1,5104","-0,6101","-127,5825","7,661","62,4121","-4,56","-13,57","-173,9",1,,,,
379659,144252,"-21,9416008","-48,95267487","509,1",1,8,"465,48","958,58","34,05","2,262","-4,0772","-2,1388","0,0353",0,"0,1579","1,7704","0,0571","7,392","0,2266","-0,042","0,9551","-0,7799","0,2909","-1,7076","-128,4132","9,1939","62,7675","-4,59","-13,51","-173,86",1,,,,
379759,144253,"-21,9416008","-48,95267487","509,1",1,8,"465,48","958,58","34,05","2,262","-4,0772","-2,1318","0,0342",0,"0,156","1,714","0,0571","7,3975","0,2124","-0,0464","0,9482","-0,7799","-1,6604","4,8168","-128,4193","7,2475","62,1593","-4,54","-13,43","-173,97",1,,,,
379859,144253,"-21,9416008","-48,95267487","509,1",1,8,"465,48","958,58","34,05","2,2619","-4,0772","-2,126","0,0343",0,"0,1548","1,7221","0,0571","7,4213","0,2188","-0,0747","0,9551","0,3177","0,4738","3,2314","-128,8449","7,0607","62,2871","-4,53","-13,36","-173,9",1,,,,
380012,144253,"-21,9416008","-48,95267487","509,1",1,8,"465,48","958,58","34,03","2,2619","-4,0772","-2,1212","0,0342",0,"0,1525","1,7135","0,0571","7,3777","0,2227","-0,0586","0,9414","0,7445","0,5348","-1,8905","-128,2798","8,2327","62,587","-4,55","-13,29","-173,68",1,,,,
380059,144253,"-21,9416008","-48,95267487","509,1",1,8,"465,48","958,58","34,03","2,2619","-4,0772","-2,1171","0,0343",0,"0,1515","1,7188","0,0571","7,3852","0,2217","-0,0493","0,9482","-1,3287","-1,5994","0,0607","-128,6901","8,7885","62,5005","-4,54","-13,28","-173,55",1,,,,
380159,144253,"-21,9416008","-48,95267487","509,1",1,8,"465,48","958,58","34,03","2,2619","-4,0772","-2,1137","0,0343",0,"0,1505","1,7215","0,0571","7,3854","0,2188","-0,0542","0,9531","-0,8409","-1,4165","4,207","-128,2676","9,3766","62,6468","-4,56","-13,3","-173,52",1,,,,
380259,144253,"-21,9416008","-48,95267487","509,1",1,8,"465,48","958,58","34,03","2,2619","-4,0772","-2,1109","0,0338",0,"0,1503","1,6963","0,0571","7,4167","0,2104","-0,0479","0,9565","-0,7799","1,6323","2,7436","-128,686","9,1698","62,5204","-4,65","-13,32","-173,38",1,,,,
380359,144253,"-21,9416008","-48,95267487","509,1",1,8,"465,48","958,58","34,03","2,2619","-4,0772","-2,1085","0,0343",0,"0,1498","1,7174","0,0571","7,4257","0,2231","-0,0532","0,9517","-1,0238","-2,1482","-2,3784","-128,4142","8,4113","62,4734","-4,71","-13,26","-173,13",1,,,,
380635,144253,"-21,9416008","-48,95267487","509,1",1,8,"465,59","958,56","34,02","2,2619","-4,0772","-2,1239","0,0343",0,"0,1233","1,719","0,0571","7,4002","0,2241","-0,0654","0,9458","-0,0482","-0,014","13,2924","-127,7128","8,2209","62,3185","-4,58","-13,11","-173,23",1,,,,
380682,144253,"-21,9416008","-48,95267487","509,1",1,8,"465,59","958,56","34,02","2,2619","-4,0772","-2,1368","0,034",0,"0,1277","1,7068","0,0571","7,434","0,2163","-0,0659","0,9595","0,1348","0,3518","-4,5735","-128,2768","7,8314","62,3128","-4,56","-13,06","-173,2",1,,,,
380782,144254,"-21,9416008","-48,95267487","509,1",1,8,"465,59","958,56","34,02","2,2619","-4,0772","-2,1475","0,035",0,"0,1304","1,756","0,0571","7,4154","0,228","-0,0547","0,9463","0,3787","-2,575","-0,9149","-129,2724","8,0577","62,9832","-4,52","-13,06","-173,19",1,,,,
380882,144254,"-21,9416008","-48,95267487","509,1",1,8,"465,59","958,56","34,02","2,2619","-4,0772","-2,1565","0,0349",0,"0,1329","1,7509","0,0571","7,4078","0,2314","-0,0396","0,9526","-3,036","-3,1848","5,5485","-128,8245","8,9672","62,3869","-4,44","-13,2","-173,26",1,,,,
380982,144254,"-21,9416008","-48,95267487","509,1",1,8,"465,59","958,56","34,02","2,2619","-4,0772","-2,164","0,0343",0,"0,1333","1,7208","0,0571","7,3241","0,2275","-0,0415","0,9326","-1,2067","-1,5384","-0,0613","-128,9731","9,1857","62,7817","-4,5","-13,35","-173,12",1,,,,
381135,144254,"-21,9416008","-48,95267487","509,1",1,8,"466,19","958,49","34,05","2,2619","-4,0772","-2,2698","0,0338",0,"-0,01","1,6929","0,0571","7,3415","0,2251","-0,022","0,9521","-0,2311","-2,9409","0,6704","-128,4061","9,1739","62,5133","-4,62","-13,45","-173,02",1,,,,
381182,144254,"-21,9416008","-48,95267487","509,1",1,8,"466,19","958,49","34,05","2,2619","-4,0772","-2,3582","0,0348",0,"0,0156","1,7431","0,0571","7,3499","0,2349","-0,0649","0,9448","0,9884","-0,2579","4,6338","-127,4318","9,0075","62,6055","-4,67","-13,52",-173,1,,,,
381282,144254,"-21,9416008","-48,95267487","509,1",1,8,"466,19","958,49","34,05","2,2619","-4,0772","-2,432","0,0349",0,"0,0375","1,7495","0,0571","7,3846","0,2222","-0,0659","0,9536","-0,9018","-0,7457","3,2924","-128,1384","8,0341","62,4463","-4,71","-13,55","-172,94",1,,,,
381382,144254,"-21,9416008","-48,95267487","509,1",1,8,"466,19","958,49","34,05","2,2619","-4,0772","-2,4937","0,0353",0,"0,0559","1,7696","0,0571","7,4159","0,23","-0,063","0,9458","2,4518","0,047","-2,6832","-128,1282","7,6129","61,9179","-4,77","-13,56","-172,89",1,,,,
381482,144254,"-21,9416008","-48,95267487","509,1",1,8,"466,19","958,49","34,05","2,2619","-4,0772","-2,5452","0,0358",0,"0,0706","1,7946","0,0571","7,4054","0,2324","-0,0557","0,9507","-1,1457","0,1079","-0,4271","-128,2788","9,0152","62,8811","-4,7","-13,58","-172,96",1,,,,
381635,144254,"-21,9416008","-48,95267487","509,1",1,8,"466,19","958,49","34,06","2,2619","-4,0772","-2,5883","0,0336",0,"0,0839","1,6858","0,0571","7,4512","0,1909","-0,0425","0,9663","-2,3043","-2,575","3,5973","-127,9969","7,8355","62,3057","-4,65","-13,61","-173,01",1,,,,
381682,144254,"-21,9416008","-48,95267487","509,1",1,8,"466,19","958,49","34,06","2,2619","-4,0772","-2,6243","0,0337",0,"0,0945","1,6879","0,0571","7,4654","0,2178","-0,0859","0,958","-1,8774","-0,3189","-1,3418","-127,9876","9,3806","62,6397","-4,71","-13,68","-172,97",1,,,,
381782,144255,"-21,9416008","-48,95267487","509,1",1,8,"466,19","958,49","34,06","2,2619","-4,0772","-2,6543","0,0341",0,"0,1027","1,7095","0,0571","7,4394","0,2178","-0,0513","0,9561","-2,853","-2,0262","1,0973","-127,4258","8,205","62,0572","-4,82","-13,77","-172,93",1,,,,
381882,144255,"-21,9416008","-48,95267487","509,1",1,8,"466,19","958,49","34,06","2,2619","-4,0772","-2,6794","0,0347",0,"0,1101","1,7402","0,0571","7,4496","0,2212","-0,0518","0,9502","3,1226","-0,3189","1,3412","-128,122","9,5593","62,5261","-4,9","-13,88","-172,92",1,,,,
381982,144255,"-21,9416008","-48,95267487","509,1",1,8,"466,19","958,49","34,06","2,2619","-4,0772","-2,7004","0,0347",0,"0,116","1,7416","0,0571","7,4432","0,2183","-0,0547","0,9463","-0,2311","0,3518","0,2436","-128,4086","8,592","62,3563","-4,88","-13,93","-172,87",1,,,,
382135,144255,"-21,9416008","-48,95267487","509,1",1,8,"465,48","958,58","34,08","2,2619","-4,0772","-2,6015","0,0341",0,"0,2909","1,7104","0,0571","7,4177","0,2197","-0,0625","0,9438","-0,536","-2,2091","0,7314","-128,969","9,567","62,8017","-4,82","-13,93","-172,82",1,,,,
382182,144255,"-21,9416008","-48,95267487","509,1",1,8,"465,48","958,58","34,08","2,2619","-4,0772","-2,5188","0,0341",0,"0,2664","1,7108","0,0571","7,3816","0,2197","-0,0464","0,9375","-0,536","1,8152","0,3655","-128,1455","8,0541","62,7005","-4,77","-13,93","-172,8",1,,,,
382282,144255,"-21,9416008","-48,95267487","509,1",1,8,"465,48","958,58","34,08","2,2619","-4,0772","-2,4498","0,0344",0,"0,2466","1,7252","0,0571","7,3904","0,2251","-0,0801","0,9482","-1,8165","-0,4409","0,6704","-128,8408","7,442","62,307","-4,76","-13,89","-172,8",1,,,,
382382,144255,"-21,9416008","-48,95267487","509,1",1,8,"465,48","958,58","34,08","2,2619","-4,0772","-2,3921","0,033",0,"0,2305","1,6552","0,0571","7,412","0,2119","-0,0488","0,9507","-1,7555","-1,9652","1,3412","-128,4162","9,5951","63,0417","-4,83","-13,83","-172,81",1,,,,
382482,144255,"-21,9416008","-48,95267487","509,1",1,8,"465,48","958,58","34,08","2,2618","-4,0772","-2,3439","0,0336",0,"0,2161","1,683","0,0571","7,3888","0,2207","-0,0513","0,9478","-1,2067","-1,1116","-1,6466","-128,8398","8,2245","62,6012","-4,91","-13,81","-172,77",1,,,,
382763,144256,"-21,9416008","-48,95267487","509,1",1,8,"465,59","958,56","34,06","2,2618","-4,0772","-2,3206","0,0342",0,"0,1798","1,713","0,0571","7,392","0,2129","-0,0503","0,9443","-0,9628","0,5348","1,1582","-127,9897","7,8156","62,0514","-4,92","-13,78","-172,92",1,,,,
382810,144256,"-21,9416008","-48,95267487","509,1",1,8,"465,59","958,56","34,06","2,2618","-4,0772","-2,3011","0,0339",0,"0,1738","1,7012","0,0571","7,3752","0,2158","-0,0503","0,9414","-2,2433","-0,2579","-1,8905","-128,854","8,2645","63,1096","-4,9","-13,74","-172,96",1,,,,
382910,144256,"-21,9416008","-48,95267487","509,1",1,8,"465,59","958,56","34,06","2,2618","-4,0772","-2,2848","0,0353",0,"0,1695","1,7682","0,0571","7,3924","0,2256","-0,0518","0,9507","-1,8774","-0,5018","1,5851","-128,8398","8,2245","62,6012","-4,89","-13,73","-173,06",1,,,,
383010,144256,"-21,9416008","-48,95267487","509,1",1,8,"465,59","958,56","34,06","2,2618","-4,0772","-2,2712","0,0348",0,"0,1651","1,7428","0,0571","7,367","0,2246","-0,0576","0,9419","-1,2067","0,4128","0,6095","-128,1455","8,0541","62,7005","-4,89","-13,79","-173,13",1,,,,
383110,144256,"-21,9416008","-48,95267487","509,1",1,8,"465,59","958,56","34,06","2,2618","-4,0772","-2,2598","0,0349",0,"0,1625","1,7516","0,0571","7,4047","0,2305","-0,0596","0,9463","-2,3652","0,9616","-1,5857","-127,8502","8,8008","62,4791","-4,88","-13,83","-173,2",1,,,,
383263,144256,"-21,9416008","-48,95267487","509,1",1,8,"465,48","958,58","34,07","2,2618","-4,0772","-2,2334","0,0344",0,"0,1839","1,7241","0,0571","7,3671","0,2183","-0,0596","0,9375","-0,7189","1,8152","0,9753","-128,6911","8,006","62,2063","-4,87","-13,82","-173,29",1,,,,
383310,144256,"-21,9416008","-48,95267487","509,1",1,8,"465,48","958,58","34,07","2,2618","-4,0772","-2,2113","0,0336",0,"0,1776","1,6859","0,0571","7,3721","0,208","-0,0566","0,9463","-1,1457","-1,3555","1,646","-127,8574","8,8207","62,7333","-4,89","-13,76","-173,31",1,,,,
383410,144256,"-21,9416008","-48,95267487","509,1",1,8,"465,48","958,58","34,07","2,2618","-4,0772","-2,1929","0,0351",0,"0,1724","1,7614","0,0571","7,3801","0,2275","-0,0562","0,9453","-0,9628","-0,6238","-0,0613","-127,8543","8,4195","62,4592","-4,91","-13,69","-173,25",1,,,,
383510,144256,"-21,9416008","-48,95267487","509,1",1,8,"465,48","958,58","34,07","2,2618","-4,0772","-2,1774","0,0343",0,"0,1682","1,7188","0,0571","7,3893","0,2183","-0,0596","0,9512","-1,3287","-2,636","0,1216","-128,3817","8,7128","61,4765","-4,91","-13,66","-173,22",1,,,,
383610,144256,"-21,9416008","-48,95267487","509,1",1,8,"465,48","958,58","34,07","2,2618","-4,0772","-2,1646","0,0341",0,"0,1638","1,7119","0,0571","7,3565","0,2227","-0,0586","0,9375","0,6226","1,7543","-0,4271","-128,6799","8,3673","61,972","-4,89","-13,68","-173,25",1,,,,
383763,144257,"-21,9416008","-48,95267487","509,1",1,8,"465,69","958,55","34,07","2,2618","-4,0772","-2,1877","0,0334",0,"0,1117","1,6734","0,0571","7,3853","0,2114","-0,0635","0,9507","-0,353","-1,1726","1,2192","-128,8458","9,027","63,1495","-4,85","-13,68","-173,28",1,,,,
383810,144257,"-21,9416008","-48,95267487","509,1",1,8,"465,69","958,55","34,07","2,2618","-4,0772","-2,207","0,0339",0,"0,1172","1,7008","0,0571","7,3791","0,2251","-0,0532","0,9443","0,1348","0,9006","-2,3174","-127,9999","8,2368","62,5798","-4,81","-13,67","-173,26",1,,,,
383910,144257,"-21,9416008","-48,95267487","509,1",1,8,"465,69","958,55","34,07","2,2618","-4,0772","-2,2232","0,0338",0,"0,1223","1,694","0,0571","7,4047","0,2192","-0,042","0,9453","1,1104","2,2421","1,1582","-128,1353","7,6329","62,1721","-4,75","-13,64","-173,29",1,,,,
384010,144257,"-21,9416008","-48,95267487","509,1",1,8,"465,69","958,55","34,07","2,2618","-4,0772","-2,2367","0,0337",0,"0,1262","1,6886","0,0571","7,4036","0,2227","-0,0547","0,9424","-1,9384","0,4738","1,4631","-128,9741","8,4032","62,4876","-4,64","-13,52","-173,35",1,,,,
384110,144257,"-21,9416008","-48,95267487","509,1",1,8,"465,69","958,55","34,07","2,2618","-4,0772","-2,2479","0,0343",0,"0,1301","1,7176","0,0571","7,4386","0,2231","-0,0571","0,9575","0,1348","0,5348","-0,1223","-127,1519","9,0116","62,5984","-4,57","-13,37","-173,33",1,,,,
384263,144257,"-21,9416008","-48,95267487","509,1",1,8,"465,48","958,58","34,06","2,2618","-4,0772","-2,2234","0,0349",0,"0,1827","1,7505","0,0571","7,4515","0,2261","-0,0664","0,9551","-0,6579","0,7787","-0,3052","-128,4071","8,3914","62,2192","-4,56","-13,26","-173,3",1,,,,
384310,144257,"-21,9416008","-48,95267487","509,1",1,8,"465,48","958,58","34,06","2,2618","-4,0772","-2,203","0,0347",0,"0,177","1,7418","0,0571","7,4642","0,2207","-0,0522","0,9575","-0,2311","0,8396","0,0607","-128,009","9,4405","63,4024","-4,59","-13,21","-173,31",1,,,,
384410,144257,"-21,9416008","-48,95267487","509,1",1,8,"465,48","958,58","34,06","2,2618","-4,0772","-2,1859","0,0343",0,"0,1713","1,7181","0,0571","7,4229","0,2261","-0,0508","0,9448","0,0128","1,2665","1,829","-128,2616","8,5741","62,0985","-4,63","-13,15","-173,3",1,,,,
384510,144257,"-21,9416008","-48,95267487","509,1",1,8,"465,48","958,58","34,06","2,2618","-4,0772","-2,1716","0,0333",0,"0,1663","1,6688","0,0571","7,3769","0,2153","-0,0459","0,9385","-1,0848","2,1811","1,3412","-128,8499","8,6457","63,1296","-4,67","-13,07","-173,24",1,,,,
384610,144257,"-21,9416008","-48,95267487","509,1",1,8,"465,48","958,58","34,06","2,2618","-4,0772","-2,1597","0,034",0,"0,1633","1,7068","0,0571","7,4025","0,2241","-0,0527","0,9497","0,1957","-1,1726","-1,7686","-128,1547","6,5089","62,3665","-4,74","-13,04","-173,24",1,,,,
384892,144258,"-21,9416008","-48,95267487","509,1",1,8,"465,58","958,56","34,06","2,2618","-4,0772","-2,1662","0,0348",0,"0,1358","1,7448","0,0571","7,376","0,2266","-0,0645","0,9453","1,964","1,2665","-1,7686","-128,6778","9,9324","62,5603","-4,62","-13,28","-173,5",1,,,,
384939,144258,"-21,9416008","-48,95267487","509,1",1,8,"465,58","958,56","34,06","2,2618","-4,0772","-2,1717","0,0345",0,"0,1378","1,732","0,0571","7,397","0,2188","-0,0522","0,9526","0,0128","-0,075","-1,4027","-128,8621","7,5019","63,0697","-4,56","-13,29","-173,56",1,,,,
385039,144258,"-21,9416008","-48,95267487","509,1",1,8,"465,58","958,56","34,06","2,2618","-4,0772","-2,1763","0,0343",0,"0,139","1,7191","0,0571","7,3903","0,2212","-0,0508","0,9487","-0,8409","-0,8067","2,1948","-128,5587","9,0112","62,8882","-4,46","-13,27","-173,68",1,,,,
385139,144258,"-21,9416008","-48,95267487","509,1",1,8,"465,58","958,56","34,06","2,2618","-4,0772","-2,1801","0,0347",0,"0,1401","1,7381","0,0571","7,3948","0,2295","-0,0679","0,9438","0,2567","-0,5018","0,3046","-128,397","7,9701","61,6908","-4,47","-13,25","-173,71",1,,,,
385239,144258,"-21,9416008","-48,95267487","509,1",1,8,"465,58","958,56","34,06","2,2618","-4,0772","-2,1833","0,0349",0,"0,141","1,7504","0,0571","7,3932","0,2202","-0,0562","0,9497","-2,1213","-0,6238","-0,671","-128,0029","8,638","62,854","-4,45","-13,29","-173,75",1,,,,
385392,144258,"-21,9416008","-48,95267487","509,1",1,8,"465,59","958,56","34,08","2,2618","-4,0772","-2,1864","0,0346",0,"0,141","1,7367","0,0571","7,3829","0,2139","-0,0562","0,9458","-1,0238","-0,197","0,3046","-128,855","7,4819","62,8155","-4,42","-13,34","-173,84",1,,,,
385439,144258,"-21,9416008","-48,95267487","509,1",1,8,"465,59","958,56","34,08","2,2618","-4,0772","-2,189","0,0346",0,"0,1415","1,7336","0,0571","7,3702","0,2212","-0,0601","0,9419","-0,9018","-0,8677","3,0485","-127,7047","8,9835","62,3584","-4,47","-13,36","-173,86",1,,,,
385539,144258,"-21,9416008","-48,95267487","509,1",1,8,"465,59","958,56","34,08","2,2618","-4,0772","-2,1912","0,0346",0,"0,1421","1,7324","0,0571","7,3697","0,2241","-0,0601","0,9414","0,8055","-0,8067","-1,0369","-128,4101","8,7926","62,4933","-4,52","-13,36","-173,79",1,,,,
385639,144258,"-21,9416008","-48,95267487","509,1",1,8,"465,59","958,56","34,08","2,2618","-4,0772","-2,193","0,0352",0,"0,1427","1,7635","0,0571","7,3734","0,2314","-0,0566","0,9458","1,1104","-0,3189","1,0973","-127,9969","7,8355","62,3057","-4,51","-13,38","-173,75",1,,,,
385739,144259,"-21,9416008","-48,95267487","509,1",1,8,"465,59","958,56","34,08","2,2618","-4,0772","-2,1945","0,0338",0,"0,1434","1,6937","0,0571","7,389","0,208","-0,0635","0,9443","-2,4872","-0,4409","1,0363","-128,2717","8,9953","62,6269","-4,48","-13,39","-173,66",1,,,,
385892,144259,"-21,9416008","-48,95267487","509,1",1,8,"465,48","958,58","34,08","2,2618","-4,0772","-2,1788","0,0345",0,"0,1678","1,731","0,0571","7,3501","0,2207","-0,0493","0,9395","-0,2311","0,2299","0,3655","-128,7155","8,4671","63,2432","-4,54","-13,4","-173,55",1,,,,
385939,144259,"-21,9416008","-48,95267487","509,1",1,8,"465,48","958,58","34,08","2,2618","-4,0772","-2,1657","0,0343",0,"0,1644","1,721","0,0571","7,3716","0,2183","-0,0557","0,9502","-1,2067","-2,0872","-0,4881","-128,684","7,986","61,9521","-4,62","-13,42","-173,51",1,,,,
386039,144259,"-21,9416008","-48,95267487","509,1",1,8,"465,48","958,58","34,08","2,2618","-4,0772","-2,1547","0,0353",0,"0,1614","1,7697","0,0571","7,3776","0,2368","-0,0513","0,9404","-1,8774","-0,5628","1,2192","-127,9887","8,5981","62,3456","-4,65","-13,42","-173,53",1,,,,
386139,144259,"-21,9416008","-48,95267487","509,1",1,8,"465,48","958,58","34,08","2,2618","-4,0772","-2,1456","0,0353",0,"0,1593","1,7716","0,0571","7,4034","0,229","-0,0518","0,9492","-1,0848","0,7177","-0,0003","-127,4288","8,6063","62,3314","-4,67","-13,4","-173,53",1,,,,
386239,144259,"-21,9416008","-48,95267487","509,1",1,8,"465,48","958,58","34,08","2,2618","-4,0772","-2,1379","0,0351",0,"0,1577","1,7611","0,0571","7,4366","0,2241","-0,0527","0,9565","1,6591","0,5957","-2,0125","-128,9731","9,1857","62,7817","-4,73","-13,34","-173,52",1,,,,
386392,144259,"-21,9416008","-48,95267487","509,1",1,8,"465,69","958,55","34,07","2,2618","-4,0772","-2,1654","0,0357",0,"0,1064","1,7894","0,0571","7,4401","0,23","-0,0664","0,958","-1,3287","0,2299","0,6704","-127,8574","8,8207","62,7333","-4,75","-13,26","-173,6",1,,,,
386439,144259,"-21,9416008","-48,95267487","509,1",1,8,"465,69","958,55","34,07","2,2618","-4,0772","-2,1884","0,0347",0,"0,113","1,7417","0,0571","7,439","0,2114","-0,0449","0,9517","0,1348","1,0835","0,1216","-127,8513","8,0182","62,185","-4,78","-13,22","-173,67",1,,,,
386539,144259,"-21,9416008","-48,95267487","509,1",1,8,"465,69","958,55","34,07","2,2618","-4,0772","-2,2076","0,0352",0,"0,1184","1,7639","0,0571","7,4305","0,2324","-0,0586","0,9526","0,0738","0,9006","-1,4637","-127,8502","8,8008","62,4791","-4,77","-13,18","-173,73",1,,,,
386639,144259,"-21,9416008","-48,95267487","509,1",1,8,"465,69","958,55","34,07","2,2618","-4,0772","-2,2237","0,0348",0,"0,1233","1,7426","0,0571","7,4491","0,2188","-0,0581","0,9546","-0,536","0,1689","-1,0979","-128,4142","8,4113","62,4734","-4,7","-13,14","-173,86",1,,,,
386739,144300,"-21,9416008","-48,95267487","509,1",1,8,"465,69","958,55","34,07","2,2618","-4,0772","-2,2371","0,0342",0,"0,1271","1,7146","0,0571","7,4415","0,2217","-0,0425","0,9595","-0,353","-0,8067","2,9875","-127,5703","8,8049","62,472","-4,65","-13,1","-173,97",1,,,,
387070,144300,"-21,9416008","-48,95267487","509,1",1,8,"465,89","958,53","34,09","2,2618","-4,0772","-2,2808","0,0338",0,"0,0821","1,6967","0,0571","7,4158","0,2134","-0,0513","0,9419","-0,7189","-0,7457","-0,9149","-127,7311","7,8795","62,807","-4,75","-13,2","-173,74",1,,,,
387117,144300,"-21,9416008","-48,95267487","509,1",1,8,"465,89","958,53","34,09","2,2618","-4,0772","-2,3174","0,0344",0,"0,092","1,7243","0,0571","7,3846","0,2275","-0,0596","0,939","-1,8165","-0,7457","0,6095","-128,402","9,5552","62,5333","-4,75","-13,2","-173,7",1,,,,
387217,144300,"-21,9416008","-48,95267487","509,1",1,8,"465,89","958,53","34,09","2,2618","-4,0772","-2,348","0,0338",0,"0,1005","1,6954","0,0571","7,3702","0,2021","-0,0396","0,9453","-1,1457","0,3518","1,9509","-128,4336","7,2874","62,6677","-4,78","-13,27","-173,73",1,,,,
387317,144300,"-21,9416008","-48,95267487","509,1",1,8,"465,89","958,53","34,09","2,2618","-4,0772","-2,3735","0,0347",0,"0,1082","1,7416","0,0571","7,3863","0,2261","-0,0493","0,9453","0,6226","1,5104","-0,3662","-128,1302","8,7967","62,4862","-4,77","-13,33","-173,8",1,,,,
387417,144300,"-21,9416008","-48,95267487","509,1",1,8,"465,89","958,53","34,09","2,2618","-4,0772","-2,3949","0,0346",0,"0,1141","1,7324","0,0571","7,3732","0,2207","-0,0444","0,9443","-0,8409","1,6933","1,0973","-128,2738","7,4302","62,0386","-4,71","-13,28","-173,87",1,,,,
387570,144300,"-21,9416008","-48,95267487","509,1",1,8,"463,27","958,83","34,09","2,2618","-4,0772","-1,9821","0,0348",0,"0,7505","1,747","0,0571","7,4416","0,2173","-0,0688","0,9688","-2,0604","0,2299","3,7192","-128,9823","7,6406","62,4477","-4,67","-13,14","-173,84",1,,,,
387617,144300,"-21,9416008","-48,95267487","509,1",1,8,"463,27","958,83","34,09","2,2628","-4,0774","-1,3817","0,1045","-0,0225","15,8472","3,491","-1,1246","5,2184","0,8159","-0,2944","0,1968","-7,7921","-31,8433","-13,6588","-128,4183","8,03","62,4534","-4,79","-13,37","-173,79",1,,,,
387717,144300,"-21,9416008","-48,95267487","509,1",1,8,"463,27","958,83","34,09","2,265","-4,078","-0,4843","0,1506","-0,0445","31,4427","2,3147","-1,0983","5,6594","0,1782","-0,0308","0,8774","-9,5604","-6,9652","-30,9759","-128,9731","9,1857","62,7817","-5,26","-14,41","-174,14",1,,,,
387817,144300,"-21,9416008","-48,95267487","509,1",1,8,"463,27","958,83","34,09","2,2681","-4,0791","0,1213","0,2","-0,066","30,9655","2,4878","-1,0797","6,5126","0,3892","-0,0767","0,9497","-15,7799","12,6079","42,7436","-128,2706","9,7778","62,921","-5,84","-15,13","-175,61",1,,,,
387998,144300,"-21,9416008","-48,95267487","509,1",1,8,"466,19","958,49","34,1","2,2672","-4,0791","-1,4627","0,1994","-0,066","-30,9383","-0,2218","-3,5847","23,2509","0,1123","-0,7842","3,4351","-9,4994","9,5591","-11,3418","-128,0449","8,5572","59,4356","-7,46","-15,02","-176,85",2,,,,
388104,144300,"-21,9416008","-48,95267487","509,1",1,8,"466,64","958,44","34,12","2,266","-4,079","-2,2162","0,1985","-0,0659","-65,0814","3,7842","-3,035","38,3846","0,7686","-0,1177","5,8804","-4,1945","10,9006","-27,3174","-96,6507","-1,9005","47,8178","-8,88","-15,44","-178,16",2,,,,
388235,144300,"-21,9416008","-48,95267487","509,1",1,8,"467,95","958,29","34,13","2,2646","-4,0789","-2,9182","0,1974","-0,0659","-98,6481","14,7425","-2,4408","45,3529","5,3032","0,5151","7,8584","58,2445","-2,453","-20,3052","-102,1255","0,4275","64,0217","-9,88","-15,74","-183,49",2,,,,
388341,144300,"-21,9416008","-48,95267487","509,1",1,8,"469,47","958,12","34,13","2,2636","-4,0788","-3,4858","0,1966","-0,0658","-126,3373","1,6598","0,0571","45,4672","0,6089","-0,9087","5,4966","21,2323","6,2055","23,8412","-118,791","3,1541","65,9927","-10,23","-13,5","-183,51",2,,,,
388496,144300,"-21,9416008","-48,95267487","509,1",1,8,"472,55","957,76","34,12","2,2626","-4,0788","-4,3217","0,1959","-0,0658","-167,4836","-2,7712","0,0571","50,2589","-0,8721","0,3848","5,8105","-29,8652","26,9372","-18,171","-123,9185","8,2361","66,5208","-11,26","-11,18","-181,69",2,,,,
388613,144300,"-21,9416008","-48,95267487","509,1",1,8,"475,74","957,4","34,14","2,2618","-4,0787","-5,4096","0,1952","-0,0657","-221,3417","-1,2386","0,0571","56,0318","-0,2446","0,0298","6,0732","5,6835","30,7787","-43,9637","-124,057","8,0334","66,3873","-11,87","-9,58","-182,34",2,,,,
388713,144302,"-21,9416008","-48,95267487","509,1",1,8,"478,65","957,06","34,15","2,2609","-4,0787","-6,5818","0,1945","-0,0657","-279,6151","-0,2218","-1,1352","61,9964","-0,0176","-0,646","6,5156","33,4274","28,0348","-72,8052","-125,1513","8,3385","65,673","-10,29","-8,74","-185,21",2,,,,
388819,144302,"-21,9416008","-48,95267487","509,1",1,8,"482,3","956,65","34,16","2,2602","-4,0786","-7,8834","0,1939","-0,0657","-344,5205","1,1093","0,0571","59,2082","0,1504","0,061","5,8892","14,3421","13,0348","-114,9393","-126,1114","8,465","65,0723","-7,66","-6,79","-192,09",2,,,,
388977,144302,"-21,9416008","-48,95267487","509,1",1,8,"487,09","956,1","34,17","2,2592","-4,0786","-9,7823","0,1932","-0,0656","-439,4695","-0,2218","0,0571","53,3467","0,46","-0,1079","5,7803","17,5128","34,1323","-170,3052","-128,3989","4,6394","65,1838","-6,13","-3,03","-207,14",2,,,,
389123,144302,"-21,9416008","-48,95267487","509,1",1,8,"494,54","955,24","34,15","2,259","-4,0786","-10,4805","0,193","-0,0656","-474,4344","-0,2218","0,0571","47,8853","-0,1748","-0,2026","3,7759","-2,7311","8,7055","-267,2564","-129,4465","-2,0575","64,7322","-5,11","1,12","-237,52",2,,,,
389254,144302,"-21,9416008","-48,95267487","509,1",1,8,"500,16","954,6","34,18","2,2581","-4,0785","-13,2613","0,1923","-0,0656","-613,8784","-0,2218","1,4172","40,4411","-0,021","0,1685","3,999","12,7567","19,6201","-369,3296","-126,2968","-4,7605","65,899","-4,15","2,27","-269,43",2,,,,
389362,"144302,6","-21,9416008","-48,95267487","509,1",1,6,"505,56","953,98","34,18","2,2575","-4,0785","-15,4256","0,1919","-0,0655","-722,5775","0,7676","-1,1897","36,3705","-0,1138","0,1885","3,6187","17,9396","-2,0262","-429,1467","-120,4983","-8,7692","66,8012","-3,33","1,68","-306,29",2,,,,
389520,"144302,8","-21,94158554","-48,95269394","509,4",1,6,"515,34","952,86","34,2","2,2215","-4,0468","-18,4842","0,1641","-0,0411","-876,3824","-0,2218","-2,7809","25,5261","0,1514","-0,3398","2,1953","37,025","1,8762","-494,9393","-111,5816","-0,4728","66,6251","0,48","0,95","-373,62",2,,,,
389626,"144302,8","-21,94158554","-48,95269394","509,4",1,6,"520,32","952,29","34,21","2,1704","-4,0014","-20,9576","0,1246","-0,006","-1000,8936","1,6893","-2,3221","19,4758","0,2578","-0,4277","1,7754","25,5616","-17,3311","-566,8906","-114,211","9,2203","64,9272","3,43","-0,23","-426,05",2,,,,
389754,"144302,8","-21,94158554","-48,95269394","509,4",1,6,"528,06","951,41","34,22","2,1217","-3,9581","-23,5925","0,0871","0,0274","-1133,6346","-0,2218","-2,9888","11,2308","-0,0234","-0,5386","0,6362","56,3543","9,6201","-625,854","-125,2298","10,3238","64,3881","9,02","-0,14","-497,72",2,,,,
389933,"144303,2","-21,94157982","-48,95269012","509,5",1,6,"537,37","950,35","34,22","2,0632","-3,8992","-27,121","0,0419","0,0728","-1311,5295","4,3986","-1,0799","10,4203","0,6802","0,0249","1,0903","52,3909","26,9982","-686,4637","-129,6136","-4,9292","64,459","1,35","1,51","-26,67",3,,,,
390007,"144303,2","-21,94157982","-48,95269012","509,5",1,6,"548,12","949,12","34,22","2,0392","-3,8647","-29,2452","0,0234","0,0995","-1418,6906","3,6562","1,7837","7,2119","0,3145","0,3604","0,6523","81,0494","80,1689","-719,3906","-118,0593","-8,3123","64,864","2,09","7,61","-99,29",3,,,,
390138,"144303,4","-21,941576","-48,95269012","509,5",1,6,"556,68","948,15","34,23","1,9935","-3,7904","-33,4386","-0,0119","0,1568","-1630,3451","3,1314","4,0309","6,2544","0,4976","0,4214","0,7373","25,8055","64,0713","-713,354","-112,2096","3,832","65,9826","-7,19","11,31","167,64",3,,,,
390244,"144303,4","-21,941576","-48,95269012","509,5",1,6,"565,05","947,2","34,23","1,961","-3,7355","-36,7219","-0,037","0,1992","-1796,1537","2,477","6,784","5,5535","0,0815","0,9424","0,8726","15,9274","58,5226","-743,354","-122,2367","9,8256","67,0664","-12,52","2,81","92,73",3,,,,
390362,"144303,6","-21,9415741","-48,95269012","509,6",1,6,"567,71","946,89","34,24","1,9298","-3,675","-39,854","-0,0611","0,2459","-1954,3899","-0,2218","4,0951","4,9776","-0,189","0,4121","1,0269","-62,3652","18,7055","-706,0369","-129,1808","-2,0135","65,2336","-7,51","-5,56","10,57",3,,,,
390463,"144303,8","-21,94156837","-48,95269012","509,6",1,6,"574,78","946,09","34,23","1,9098","-3,6322","-41,9685","-0,0765","0,279","-2061,2532","-0,2218","5,733","2,9208","-0,0874","0,9839","0,1914","-20,1701","38,1567","-677,5003","-121,148","-9,9023","64,6082","-1,86","-5,77","-58,88",3,,,,
390594,"144303,8","-21,94156837","-48,95269012","509,6",1,6,"579,77","945,52","34,24","1,8714","-3,5424","-46,1497","-0,1062","0,3483","-2272,6326","-1,4292","3,6377","2,6921","-0,3442","0,1245","0,5225","12,3299","11,9982","-637,1345","-111,092","-0,4657","64,2093","-0,36","-2,03","-147,55",3,,,,
390700,144304,"-21,94156456","-48,95269012","509,7",1,6,"584,32","945,01","34,24","1,8463","-3,4732","-49,1736","-0,1256","0,4017","-2425,5605","-1,5578","3,1702","-0,9497","-0,0957","0,2866","0,0396","-30,536","66,5104","-639,2076","-115,7126","9,68","63,8522","-1,47","-0,07","143,78",3,,,,
390831,144304,"-21,94156456","-48,95269012","509,7",1,6,"592,72","944,05","34,24","1,8159","-3,382","-53,1954","-0,1491","0,4722","-2629,0271","-0,2218","2,3771","-0,9497","0,1094","0,0596","0,0464","-58,8896","-6,0506","-625,4882","-127,7106","5,2714","65,8315","-3,78","0,22","61,22",3,,,,
390987,"144304,2","-21,94156075","-48,95268631","509,7",1,6,"598,98","943,34","34,24","1,7974","-3,3095","-56,2065","-0,1633","0,5282","-2781,4084","-1,67","0,0571","-0,9497","-0,0718","-0,0923","0,0737","-36,4506","27,1201","-624,5735","-124,38","-7,361","66,2179","-3,23","-4,35","-34,41",3,,,,
391118,"144304,4","-21,94156075","-48,95267868","509,8",1,6,"606,41","942,5","34,25","1,7868","-3,217","-60,2222","-0,1715","0,5995","-2984,6794","-0,2218","0,0571","-0,9497","0,043","-0,082","-0,0552","-19,0116","14,6811","-622,3174","-112,8634","-4,9459","65,5377","1,11","-3,51","-116,62",3,,,,
391236,"144304,4","-21,94156075","-48,95267868","509,8",1,6,"614,69","941,56","34,24","1,7838","-3,1726","-62,3315","-0,1738","0,6339","-3091,4773","-0,2218","1,4459","-2,0281",0,"0,2944","-0,106","3,5494","4,864","-597,8052","-112,2859","7,3823","65,286","3,15","0,01","173,67",3,,,,
391367,"144304,4","-21,94156075","-48,95267868","509,8",1,6,"619,34","941,04","34,25","1,7781","-3,0868","-66,4232","-0,1782","0,7001","-3298,6873","-0,2218","0,0571","-2,063","-0,0215","0,1167","0,0327","-9,1335","20,8396","-589,1467","-124,849","9,0652","65,1974","1,22","5,01","95,93",3,,,,
391500,"144304,8","-21,94155884","-48,95267105","509,8",1,6,"627,43","940,12","34,24","1,7801","-3,023","-69,4744","-0,1767","0,7494","-3453,2395","-0,2218","1,34","-2,425","0,1548","0,2612","-0,0845","-16,6335","14,925","-567,9881","-129,3498","-3,7014","65,5286","-4,91","4,85","19,89",3,,,,
391617,"144304,8","-21,94155884","-48,95267105","509,8",1,6,"634,02","939,38","34,24","1,7941","-2,957","-72,5966","-0,1659","0,8003","-3611,4177","-0,2218","1,5048","-2,5382","0,0449","0,1172","-0,1021","7,2689","12,0591","-561,8906","-121,8636","-9,6719","65,2715","-6,44","-0,86","-45,73",3,,,,
391748,144305,"-21,94153976","-48,95263672","509,9",1,6,"637,88","938,94","34,26","1,8905","-2,8261","-76,6253","-0,0915","0,9013","-3815,5569","-0,2218","1,4748","-2,518","-0,0552","0,1021","-0,0503","17,5128","27,8518","-543,5979","-111,2884","-1,2912","65,8154","-0,45","-3,48","-118,85",3,,,,
391854,144305,"-21,94153976","-48,95263672","509,9",1,6,"644,02","938,25","34,26","1,9599","-2,7318","-79,6014","-0,0379","0,9742","-3966,3875","-0,2218","0,0571","-2,6234","0,147","0,0815","-0,0747","-9,3165","22,6689","-526,2808","-112,6932","7,5369","64,9253","2,85","0,23","-176,11",3,,,,
392012,144305,"-21,94153976","-48,95263672","509,9",1,6,"651,77","937,37","34,26","2,0489","-2,6108","-83,5636","0,0308","1,0676","-4167,229","-0,2218","1,4205","-2,7108","0,0737","0,1353","-0,0913","3,8543","5,6567","-511,8296","-125,0149","9,725","66,3748","-0,27","4,51","102,33",3,,,,
392118,"144305,4","-21,9415226","-48,95261765",510,1,6,"655,12",937,"34,26","2,1466","-2,4935","-86,4944","0,1062","1,1581","-4315,8086","-0,2218","1,4168","-2,5803","-0,0542","0,1157","-0,0322","13,3665","23,2177","-497,0125","-128,295","2,9755","65,726","-2,89","4,44","48,81",3,,,,
392235,"144305,4","-21,9415226","-48,95261765",510,1,6,"660,3","936,41","34,26","2,2411","-2,3799","-89,3898","0,1792","1,2458","-4462,6167","-0,2218","1,1242","-2,6855","0,0913","0,0991","-0,0952","-0,1701","33,7055","-482,0735","-126,1971","-6,8056","66,4212","-4,86","3,37","-8,57",3,,,,
392342,"144305,6","-21,94150925","-48,95261002",510,1,6,"665,75","935,8","34,26","2,3461","-2,2467","-92,2786","0,2603","1,3487","-4609,1089","-0,2218","1,2573","-2,6036","0,0288","0,1182","-0,0737","-6,9994","16,3884","-471,6467","-118,7495","-7,7605","64,7846","-5,85","1,13","-60,17",3,,,,
392500,"144305,6","-21,94150925","-48,95261002",510,1,6,"670,08","935,31","34,27","2,4812","-2,0754","-96,0517","0,3646","1,4809","-4800,4653","-0,2218","1,5008","-2,6366","-0,0537","0,1382","-0,0645","1,4152","18,4006","-457,7442","-111,8647","-2,8245","65,7497","-4,25","-2,15","-122,31",3,,,,
392574,"144305,6","-21,94150925","-48,95261002",510,1,6,"673,56","934,92","34,26","2,5467","-1,9923","-97,9155","0,4151","1,545","-4894,999","-0,2218","1,1466","-2,6228","-0,0391","0,0659","-0,082","-3,036","23,2177","-449,2686","-112,0324","6,2824","65,7275","-1,5","-2,31","-168,54",3,,,,
392705,144306,"-21,94149208","-48,95259857",510,1,6,"678,37","934,38","34,27","2,6891","-1,8008","-101,5785","0,5251","1,6929","-5080,8086","-0,2218","0,0571","-2,4666","0,0083","0,0581","-0,0439","-12,975","20,5348","-443,354","-121,1912","12,2085","65,7731","0,26","0,45","132,57",3,,,,
392813,144306,"-21,94149208","-48,95259857",510,1,6,"682,42","933,92","34,25","2,7251","-1,7516","-102,5055","0,5529","1,7309","-5127,8389","-0,2218","0,0571","-2,4991","0,0229","0,1113","-0,0688","-12,2433","10,047","-428,9028","-126,7302","7,0514","66,532","-0,75","2,28","87,81",3,,,,
392926,"144306,2","-21,94148254","-48,95259476",510,1,6,"686,33","933,48","34,25","2,8385","-1,5933","-105,2533","0,6404","1,8531","-5267,2427","-0,2218","1,3424","-2,5396","-0,0024","0,1348","-0,0664","-0,414","8,0957","-419,0857","-128,3378","0,3464","66,0947","-2,61","2,98","66,98",5,,,,
393022,"144306,2","-21,94148254","-48,95259476",510,1,6,"688,96","933,19","34,25","2,9847","-1,3893","-108,8066","0,7533","2,0106","-5447,5376","-0,2218","1,2116","-2,4659","-0,0693","0,0972","-0,0415","3,6713","14,3762","-409,7564","-126,7407","-5,2886","66,5153","-3,79","2,34","34,01",5,,,,
393122,"144306,2","-21,94148254","-48,95259476",510,1,6,"691,55","932,9","34,25","3,1254","-1,1929","-112,2151","0,8619","2,1622","-5620,4976","-0,2218","0,0571","-2,4168","-0,0229","0,0347","-0,0459","0,5006","21,5104","-404,8784","-121,0277","-7,2921","66,3868","-4,03","1,79","-7,05",5,,,,
393248,"144306,6","-21,94146538","-48,95259094",510,1,6,"695,87","932,41","34,25","3,2617","-0,9944","-115,5307","0,9671","2,3155","-5788,7681","-0,2218","0,0571","-2,4024","0,0449","0,0679","-0,0503","-13,4628","14,925","-397,4393","-114,5807","-6,4357","66,2632","-4,8","0,94","-59,7",5,,,,
393348,"144306,6","-21,94146538","-48,95259094",510,1,6,"699,64","931,99","34,25","3,3954","-0,7754","-118,7663","1,0704","2,4845","-5952,9922","-0,2218","0,0571","-2,4056","0,0332","0,0562","-0,0601","-12,6091","3,7665","-389,5125","-111,5297","0,9525","65,4338","-5,09","-1,57","-98,21",5,,,,
393458,"144306,8","-21,94145584","-48,95259476",510,1,6,"702,78","931,64","34,25","3,4597","-0,6638","-120,3887","1,12","2,5707","-6035,3403","-0,2218","0,0571","-2,4561","-0,019","0,0776","-0,0796","-0,414","-0,6238","-375,793","-112,9985","7,2114","65,6752","-2,9","-4,84","-142,24",5,,,,
393557,"144306,8","-21,94145584","-48,95259476",510,1,6,"704,81","931,41","34,25","3,5833","-0,4369","-123,5397","1,2155","2,7459","-6195,2964","-0,2218","0,0571","-2,4547","-0,022","0,0464","-0,0562","4,8299","4,1323","-368,4149","-117,0154","10,7645","65,8408","1,26","-5,22","-178,77",5,,,,
393657,"144306,8","-21,94145584","-48,95259476",510,1,6,"707,45","931,11","34,25","3,7027","-0,2178","-126,5854","1,3076","2,915","-6349,9175","-0,2218","0,0571","-2,4448","-0,0142","0,041","-0,0557","0,8665","12,1201","-359,9393","-121,512","8,3915","65,5806","5,05","-2,08","144,73",5,,,,
393757,"144306,8","-21,94145584","-48,95259476",510,1,6,"709,92","930,84","34,26","3,818","-0,0061","-129,5442","1,3967","3,0784","-6500,1421","-0,2218","0,0571","-2,3632","0,0112","0,0176","-0,0435","-1,7555","14,7421","-350,5491","-127,1172","6,3635","65,1145","5,92","3,04","109,61",5,,,,
393857,"144307,2","-21,94143105","-48,95259476","510,1",1,6,"712,76","930,52","34,26","3,9295","0,2093","-132,42","1,4827","3,2448","-6646,1597","-0,2218","0,0571","-2,3398","0,0176","0,0386","-0,0352","-7,7311","10,2909","-343,4759","-129,2917","-0,3297","64,9456","3,28","7,59","75,36",5,,,,
393966,"144307,2","-21,94143105","-48,95259476","510,1",1,6,"715,94","930,16","34,25","4,0107","0,3903","-134,5432","1,5454","3,3845","-6753,9731","-0,2218","0,0571","-2,3721","0,0264","0,0513","-0,0493","-6,9994","3,7665","-334,4515","-125,7268","-5,1735","65,3564","-2,29","9,19","37,32",5,,,,
394066,"144307,4","-21,9414196","-48,95259094","510,1",1,6,"718,16","929,91","34,25","4,1166","0,63","-137,3205","1,6271","3,5696","-6895,0088","-0,2218","0,0571","-2,2868","0,001","0,0498","-0,0234","-0,2311","2,1811","-321,7686","-123,5504","-9,6765","65,5684","-6,67","7,41","5,49",5,,,,
394166,"144307,4","-21,9414196","-48,95259094","510,1",1,6,"720,19","929,69","34,26","4,2211","0,8777","-140,0203","1,7078","3,7607","-7032,1182","-0,2218","0,0571","-2,2852","-0,0229","0,0493","-0,0361","2,8177","5,5957","-315,6711","-118,1825","-7,7723","64,5162","-9,03","3,88","-26,53",5,,,,
394266,"144307,6","-21,94141006","-48,95259476","510,1",1,6,"721,96","929,49","34,26","4,321","1,1219","-142,6434","1,785","3,9493","-7165,3433","-0,2218","0,0571","-2,2479","-0,0234","0,0142","-0,0342","2,147","12,6079","-305,1833","-114,2642","-5,7489","65,2791","-9,24","0,39","-57,82",5,,,,
394366,"144307,6","-21,94141006","-48,95259476","510,1",1,6,"724,09","929,25","34,26","4,4138","1,3714","-145,1929","1,8566","4,1419","-7294,8384","-0,2218","0,0571","-2,2257","-0,0327","-0,0068","-0,0259","-3,7067","14,925","-296,4027","-111,2915","-0,89","66,0896","-8,58","-2,07","-88,55",5,,,,
394440,"144307,8","-21,94139862","-48,95259857","510,1",1,6,"725,34","929,11","34,26","4,4776","1,5635","-147,0717","1,9059","4,2902","-7390,2715","-0,2218","0,0571","-2,209","-0,0127","0,0093","-0,0308","-12,853","15,047","-289,0857","-111,7729","4,3801","65,6206","-7,79","-3,87","-119,84",5,,,,
394555,"144307,8","-21,94139862","-48,95259857","510,1",1,6,"727,66","928,85","34,26","4,5579","1,8194","-149,5249","1,9678","4,4878","-7514,8828","-0,2218","0,0571","-2,258","0,0269","0,0444","-0,0347","-17,6701","9,1933","-281,3418","-114,1101","7,9577","65,7435","-6,65","-6,14","-153,65",5,,,,
394655,144308,"-21,94138908","-48,95261002","510,1",1,6,"729,56","928,64","34,27","4,6293","2,0759","-151,9118","2,023","4,6858","-7636,1377","-0,2218","0,0571","-2,2326","0,0181","0,0293","-0,0347","-16,1457","-1,1726","-271,4027","-118,6055","9,1161","66,9341","-4,09","-9,15","178,08",5,,,,
394755,144308,"-21,94138908","-48,95261002","510,1",1,6,"731,6","928,41","34,27","4,6924","2,3331","-154,2433","2,0717","4,8844","-7754,5854","-0,2218","0,0571","-2,2026","0,0293","0,0464","-0,0293","-8,3409","-12,0872","-263,9637","-120,6914","10,0288","66,9102","0,25","-11,36","150,52",5,,,,
394855,"144308,2","-21,94137573","-48,95261383","510,1",1,6,"733,26","928,22","34,27","4,75","2,5922","-156,5182","2,1161","5,0844","-7870,1606","-0,2218","0,0571","-2,229","-0,0024","0,0605","-0,0317","3,0006","-13,4287","-255,2442","-124,1088","6,608","67,5785","5,95","-11,55","123,88",5,,,,
394980,"144308,2","-21,94137573","-48,95261383","510,1",1,6,"734,74","928,06","34,27","4,815","2,9172","-159,2793","2,1664","5,3353","-8010,4482","-0,2218","0,0571","-2,2311","-0,0181","0,0459","-0,0361","14,0982","-7,0262","-240,9759","-127,1873","4,5968","66,7943","13,3","-7,42","92,61",5,,,,
395080,"144308,4","-21,94136238","-48,95261765","510,1",1,7,"735,74","927,95","34,26","4,838","3,0545","-160,3623","2,1841","5,4413","-8065,4756","-0,2218","0,0571","-2,2181","-0,0293","0,0444","-0,0322","15,9274","2,9128","-233,6589","-127,7575","2,261","66,1803","17,08","-1,86","71,48",5,,,,
395180,"144308,4","-21,94136238","-48,95261765","510,1",1,7,"737,02","927,8","34,26","4,883","3,3232","-162,4804","2,2188","5,6488","-8173,1016","-0,2218","0,0571","-2,1893","-0,0132","0,0327","-0,0273","14,9518","12,6689","-226,2198","-127,5559","-0,2642","67,813","18,75","6,29","50,09",5,,,,
395293,"144308,4","-21,94136238","-48,95261765","510,1",1,7,"738,36","927,65","34,28","4,9267","3,5846","-164,5457","2,2526","5,8506","-8278,0449","-0,2218","0,0571","-2,1855","-0,0024","0,0107","-0,0273","6,4152","19,925","-213,9637","-125,9252","-4,8153","67,5308","16,22","17,01","24,85",5,,,,
395419,"144308,4","-21,94136238","-48,95261765","510,1",1,7,"739,4","927,53","34,27","4,9693","3,839","-166,5552","2,2854","6,047","-8380,1621","-0,2218","0,0571","-2,1886",0,"0,0122","-0,0327","-0,414","23,0348","-210,9149","-124,2628","-7,0985","67,1141","9,67","24,78","3,4",5,,,,
395495,"144308,4","-21,94136238","-48,95261765","510,1",1,7,"740,13","927,45","34,27","5,0107","4,0866","-168,5084","2,3174","6,2381","-8479,4209","-0,2218","0,0571","-2,1609","0,0034","0,0259","-0,0288","-6,8165","20,9616","-204,5735","-120,7843","-7,9708","67,3567","-1,07","29,84","-20,28",5,,,,
395602,"144308,4","-21,94136238","-48,95261765","510,1",1,7,741,"927,36","34,28","5,051","4,3277","-170,4101","2,3486","6,4242","-8576,0645","-0,2218","0,0571","-2,1735","0,0083","0,0254","-0,0288","-14,8652","17,0591","-199,8784","-118,7982","-6,8382","66,8583","-14,13","30,35","-45,11",5,,,,
395701,144309,"-21,94132805","-48,95263672","510,1",1,7,"741,93","927,25","34,28","5,0686","4,6004","-172,2595","2,3621","6,6347","-8670,0566","-0,2218","0,0571","-2,2267","-0,0063","0,0142","-0,0342","-19,3165","14,925","-193,0491","-116,9699","-7,0323","66,4208","-25,79","26,3","-66,84",5,,,,
395801,144309,"-21,94132805","-48,95263672","510,1",1,7,"742,52","927,19","34,28","5,0761","4,8096","-173,6153","2,3679","6,7963","-8738,9639","-0,2218","0,0571","-2,2037","0,0059","0,0317","-0,0288","-22,7311","6,6323","-187,6832","-114,4229","-5,1091","66,2024","-35,12","18,71","-85,78",5,,,,
395928,144309,"-21,94132805","-48,95263672","510,1",1,7,"743,43","927,08","34,28","5,0858","5,0825","-175,3814","2,3754","7,007","-8828,7285","-0,2218","0,0571","-2,1275","0,0015","0,0176","-0,0195","-22,2433","1,0835","-185,793","-111,4534","-2,5978","66,1304","-41,39","8,27","-101,82",5,,,,
396004,144309,"-21,94132805","-48,95263672","510,1",1,7,"743,81","927,04","34,29","5,0953","5,3485","-177,1012","2,3828","7,2124","-8916,1436","-0,2218","0,0571","-2,167","0,0098","0,0103","-0,0347","-21,5116","-7,8799","-180,793","-111,2934","0,2938","66,6579","-45,01","-4,45","-116,38",5,,,,
396137,"144309,4","-21,94131088","-48,95265198","510,1",1,7,"744,32","926,98","34,28","5,0918","5,6269","-178,7722","2,3801","7,4273","-9001,0742","-0,2218","0,0571","-2,1382","0,0098","0,0151","-0,0278","-18,7067","-9,8311","-176,5247","-110,5503","1,95","65,8402","-45,59","-19,05","-129,82",5,,,,
396237,"144309,6","-21,94129944","-48,95267105","510,2",1,6,"744,72","926,94","34,28","5,0842","5,9047","-180,3963","2,3742","7,6417","-9083,6318","-0,2218","0,0571","-2,1924","0,0098","0,0122","-0,0352","-16,9994","-19,7091","-171,4637","-111,0268","5,635","64,5287","-42,63","-32,33","-142,23",5,,,,
396337,"144309,6","-21,94129944","-48,95267105","510,2",1,6,"745,05","926,9","34,28","5,0519","6,1892","-181,975","2,3492","7,8614","-9163,8818","-0,2218","0,0571","-2,205","0,0083","-0,0054","-0,0435","-9,0726","-20,197","-170,732","-112,175","5,6985","65,574",-35,"-45,36","-157,38",5,,,,
396455,"144309,6","-21,94129944","-48,95267105","510,2",1,6,"745,05","926,9","34,28","5,0203","6,4669","-183,5098","2,3249","8,0758","-9241,8975","-0,2218","0,0571","-2,114","0,0234","0,0151","-0,0171","-0,7799","-23,4287","-171,9515","-113,7854","9,4071","64,7994","-13,84","-57,43","174,46",5,,,,
396554,"144309,6","-21,94129944","-48,95267105","510,2",1,6,"745,3","926,88","34,29","4,9895","6,7381","-184,9958","2,3011","8,2851","-9317,4385","-0,2218","0,0571","-2,1035","0,0298","0,02","-0,0181","5,7445","-23,0628","-162,6832","-116,4291","11,8766","65,378","13,91","-60,41","142,2",5,,,,
396681,144310,"-21,94127274","-48,95271683","510,3",1,7,"744,72","926,94","34,28","4,9464","7,0116","-186,4396","2,2678","8,4963","-9390,8408","-0,2218","0,0571","-2,0861","0,0254","0,0415","-0,0142","12,147","-17,9409","-155,3662","-119,8813","11,104","63,5303","46,95","-52,59","104,73",5,,,,
396781,144310,"-21,94127274","-48,95271683","510,3",1,7,"745,19","926,89","34,28","4,8657","7,3044","-187,8406","2,2055","8,7223","-9462,0635","-0,2218","0,0571","-2,146","0,0161","0,041","-0,0347","14,7079","-12,0262","-155,9759","-122,8121","10,8406","63,2136","60,38","-41,75","89,07",5,,,,
396881,"144310,2","-21,94126129","-48,95273972","510,4",1,7,"746,2","926,77","34,29","4,7721","7,5979","-189,2043","2,1332","8,9489","-9531,3936","-0,2218","0,0571","-2,0889","0,0273","0,0513","-0,0088","20,0738","-6,9043","-165,732","-124,7687","10,4107","62,9892","68,45","-28,34","79,41",5,,,,
396955,"144310,2","-21,94126129","-48,95273972","510,4",1,7,"746,08","926,79","34,28","4,6661","7,8921","-190,541","2,0514","9,1761","-9599,3506","-0,2218","0,0571","-2,1621","0,0156","0,0586","-0,0347","18,9152","-1,1726","-171,7686","-127,3433","6,601","63,362","73,46","-12,56","73,23",5,,,,
397055,"144310,2","-21,94126129","-48,95273972","510,4",1,7,"745,19","926,89","34,29","4,5625","8,1798","-191,8332","1,9714","9,3981","-9665,0508","-0,2218","0,0571","-2,1724","0,02","0,0791","-0,0303","14,2201","7,6079","-163,8418","-129,7305","4,8206","62,9513","76,31","4,03","69,56",5,,,,
397155,"144310,2","-21,94126129","-48,95273972","510,4",1,7,"743,56","927,07","34,29","4,4611","8,4611","-193,0712","1,8932","9,6153","-9727,9941","-0,2218","0,0571","-2,1435","-0,0239","0,0859","-0,0234","8,8543","14,6201","-152,8052","-131,0193","3,1164","63,2748","77,77","19,96","67,51",5,,,,
397340,"144310,6","-21,94124413","-48,95281601","510,3",1,7,"740,13","927,45","34,28","4,2778","8,7565","-194,2368","1,7516","9,8434","-9787,2598","-0,2218","0,0571","-2,1708","-0,0527","0,0923","-0,0332","-3,3409","13,7055","-150,1223","-130,6744","-3,5401","63,0419","78,52","44,22","65,61",5,,,,
397454,"144310,8","-21,9412365","-48,95286942","510,1",1,7,"738,36","927,65","34,27","4,083","9,048","-195,3427","1,6012","10,0684","-9843,4922","-0,2218","0,0571","-2,1292","-0,0728","0,0757","-0,0269","-8,6457","9,3152","-177,0735","-129,0049","-5,8433","62,371","76,19","61,68","62,84",5,,,,
397554,"144310,8","-21,9412365","-48,95286942","510,1",1,7,"737,74","927,72","34,26","3,8471","9,3407","-196,4019","1,4191","10,2944","-9897,3486","-1,4565","0,0571","-2,0699","-0,1079","0,0288","-0,02","-12,3043","4,6201","-201,5247","-127,0657","-7,7212","62,2215","61,7","77,72","48,67",5,,,,
397654,144311,"-21,94124603","-48,95295334","510,2",1,7,"738,57","927,63","34,25","3,5935","9,6243","-197,4301","1,2233","10,5134","-9949,6318","-1,7058","0,0571","-2,1008","-0,146","0,0044","-0,0283","-12,4872","-5,3799","-194,9393","-124,1533","-10,548","61,87","-63,6","78,43","-76,17",5,,,,
397812,144311,"-21,94124603","-48,95295334","510,2",1,7,"742,26","927,22","34,21","3,2779","9,8933","-198,4565","0,9797","10,721","-10001,8232","-1,7726","0,0571","-2,092","-0,1382","-0,0806","-0,0288","-6,8165","-16,2335","-204,6954","-116,7148","-10,2992","61,056","-83,66","50,02","-95,37",5,,,,
397912,"144311,2","-21,94125366","-48,95301819","510,1",1,7,"740,45","927,42","34,21","2,9156","10,1509","-199,4778","0,7","10,9199","-10053,7598","-1,2943","-1,0528","-2,1222","-0,0669","-0,1348","-0,0259","3,5494","-18,1848","-274,2076","-114,0476","-8,5147","61,4596","-85,12","29,88","-96,52",5,,,,
397986,"144311,2","-21,94125366","-48,95301819","510,1",1,7,"740,56","927,41","34,21","2,5431","10,4015","-200,4608","0,4124","11,1134","-10103,7432","-0,2218","-1,5898","-2,0742","0,0283","-0,2012","-0,0088","14,0372","-15,5018","-289,2076","-108,9311","-3,9456","60,5543","-85,15","1,13","-97,57",5,,,,
398086,"144311,4","-21,94125366","-48,95309067","509,9",1,7,"741,61","927,29","34,21","2,1051","10,6469","-201,4351","0,0742","11,3028","-10153,291","-0,2218","-1,744","-2,1494","0,084","-0,1851","-0,0273","21,4762","-6,6604","-267,5003","-107,5791","2,2943","59,9619","-83,14","-27,17","-99,53",5,,,,
398186,"144311,4","-21,94125366","-48,95309067","509,9",1,7,"740,45","927,42","34,21","1,6759","10,8874","-202,3747","-0,2571","11,4885","-10201,0713","1,1145","-1,1979","-2,1973","0,186","-0,1162","-0,02","19,525","9,4372","-310,6101","-110,7074","7,6862","59,1891","-77,56","-53,84","-104,97",5,,,,
398286,"144311,6","-21,94123459","-48,95309448","509,9",1,7,"737,38","927,76","34,2","1,2517","11,1434","-203,2551","-0,5846","11,6862","-10245,8428","1,77","0,0571","-2,1704","0,2598","0,022","-0,0093","11,4152","16,4494","-350,0003","-116,404","11,2149","59,3974","-15,27","-80,22","-168,17",5,,,,
398404,"144311,8","-21,94120979","-48,95308685","509,9",1,6,"739,6","927,51","34,2","0,8376","11,4012","-204,1136","-0,9043","11,8852","-10289,5068","1,7929","1,377","-2,1435","0,1919","0,1763","-0,0308","3,4274","14,925","-338,9637","-123,2531","11,6769","59,4744","74,75","-51,21","99,24",5,,,,
398515,"144311,8","-21,94120979","-48,95308685","509,9",1,6,"734,63","928,07","34,2","0,4366","11,6742","-204,9776","-1,2139","12,096","-10333,4463","-0,2218","3,0454","-2,0632","0,0273","0,3525","-0,0117","-4,8043","21,5104","-383,7198","-129,1739","6,9957","59,1299","79,83","-11,47","91,59",5,,,,
398615,"144311,8","-21,94120979","-48,95308685","509,9",1,6,"724,74","929,18","34,21","0,0433","11,942","-205,7066","-1,5176","12,3027","-10370,5225","-1,8458","2,927","-2,1417","-0,2529","0,2734","-0,0225","-10,536","16,7543","-348,4759","-131,0807","-0,8373","58,8941","78,95","25,33","87,28",5,,,,
398715,"144312,2","-21,94120979","-48,95308685","509,9",1,6,"719,16","929,8","34,2","-0,3426","12,2047","-206,3095","-1,8154","12,5055","-10401,1836","-3,1857","1,436","-2,1218","-0,3574","0,0854","-0,001","-20,7799","8,9494","-410,5491","-128,1114","-8,3384","59,4335","70,32","61,24","76,95",5,,,,
398815,"144312,2","-21,94120979","-48,95308685","509,9",1,6,"730,07","928,58","34,18","-0,7211","12,4624","-206,9351","-2,1077","12,7044","-10432,999","-3,5962","-1,184","-2,2262","-0,3027","-0,2324","-0,0029","-24,3165","-1,4774","-382,3784","-121,695","-11,7161","58,5819","-59,14","73,32","-53,26",5,,,,
398957,N/A,0,0,0,0,6,"736,5","927,86","34,17","-0,7211","12,4624","-207,6508","-2,1077","12,7044","-10469,3984","-1,5811","-3,2195","-2,1864","0,0059","-0,4033","-0,0303","-21,2067","-18,8555","-486,8296","-112,1228","-8,5869","57,7372","-82,98","27,71","-77,32",5,,,,
399033,N/A,0,0,0,0,6,"732,9","928,26","34,16","-0,7632","12,7157","-341,8969","-2,1077","12,6307","-7004,5176","0,9948","-3,3386","-2,064","0,2173","-0,2896","-0,0327","-5,8409","-28,8555","-444,1467","-107,6069","2,1735","56,035","-85,58","-19,63","-80,26",5,,,,
399133,N/A,0,0,0,0,6,"728,38","928,77","34,15","-0,7632","12,7157","-316,0381","-2,1077","12,6307","-5746,8291","3,1655","-0,9714","-2,1065","0,4834","0,0625","-0,0317","16,1104","-18,1848","-520,4881","-111,9394","10,3369","54,5541","-84,56","-66,58","-81,62",5,,,,
399233,N/A,0,0,0,0,6,"732,79","928,27","34,15","-0,8444","13,2213","-306,1987","-1,9528","12,6691","-77,6507","3,504","2,4778","-2,0628","0,3291","0,374","-0,0337","36,1104","-0,9896","-495,9759","-120,2656","13,5463","53,6759","89,86","-62,24","104,41",5,,,,
399404,N/A,0,0,0,0,6,"704,01","931,5","34,15","-0,8444","13,2213","-281,4864","-1,9528","12,6691","916,9526","-0,2218","4,8874","-2,0247","-0,2544","0,4897","-0,0298","7,6348","39,0104","-568,415","-132,2121","-2,1982","53,9188","93,84","15,19","109,84",5,,,,
399511,N/A,0,0,0,0,6,"721,3","929,56","34,15","-0,8444","13,2213","-274,2228","-1,9528","12,6691","1226,7513","-2,8509","2,1815","-2,0367","-0,5361","-0,1094","-0,0039","-36,0848","21,8762","-626,0369","-123,7782","-12,1879","53,0459","121,44","75,9","141,01",5,,,,
399611,N/A,0,0,0,0,6,"722,69","929,41","34,13","-0,8444","13,2213","-269,8151","-1,9528","12,6691","1418,365","-1,56","-4,2993","-2,157","0,0938","-0,5898","0,0151","-36,1457","-21,1116","-766,8296","-111,7872","-7,7594","51,3208","-102,98","39,55","-76,09",5,,,,
399711,N/A,0,0,0,0,6,"714,77","930,29","34,12","-0,8444","13,2213","-266,2255","-1,9528","12,6691","1576,9381","2,5564","-3,7398","-3,8331","0,2593","-0,7163","0,0132","3,3055","-62,7579","-801,0369","-109,4864","5,2561","49,7953","-105,04","-32,23","-57,3",5,,,,
399811,N/A,0,0,0,0,6,"719,48","929,77","34,12","-0,8444","13,2213","-263,4882","-1,9528","12,6691","1698,7032","2,9406","4,0253","-0,9497","0,146","0,5908","0,125","22,2079","8,5226","-858,7198","-123,5551","9,7663","49,7683","134,2","-63,11","75,11",5,,,,
399911,N/A,0,0,0,0,6,"687,34","933,37","34,12","-0,8444","13,2213","-260,3465","-1,9528","12,6691","1839,2623","-3,281","4,5694","-1,935","-0,479","0,3247","-0,02","-20,2311","12,7909","-925,0613","-129,7652","-6,4764","49,7083","108,94","14,13","123,9",5,,,,
400037,"144313,4","-21,94174194","-48,95372391","577,6",1,5,"714,66","930,3","34,1","-1,2166","13,1053","-257,3945","-3,8677","12,0719","1971,6249","-3,3207","-1,4224","-2,1071","0,2568","-0,6475","0,0156","18,3055","-22,2091","-1047,6832","-110,4293","-5,071","49,0234","-117,71","48,43","-79,24",5,,,,
400137,"144313,4","-21,94174194","-48,95372391","577,6",1,5,"709,56","930,88","34,1","-2,6793","12,6491","-256,195","-11,3943","9,7248","2025,5555","5,2174","0,0571","-0,9497","0,7866","0,2788","0,0068","-1,9994","42,9128","-1077,2565","-113,9952","9,0027","47,7071","-112,53","-42,6","-41,84",5,,,,
400237,"144313,4","-21,94174194","-48,95372391","577,6",1,5,"678,37","934,38","34,11","-4,1019","12,2055","-254,7552","-18,7141","7,4421","2090,4192","-0,2218","5,4131","-2,0851","-0,3579","0,521","-0,0454","-57,914","-21,9043","-1132,6223","-129,0931","2,6428","49,6647","102,74","-24,1","115,26",5,,,,
400337,"144313,4","-21,94174194","-48,95372391","577,6",1,5,"710,67","930,75","34,12","-5,4859","11,7739","-252,2423","-25,8355","5,2213","2203,7676","-2,3451","-4,1012","-2,2965","0,0601","-0,7646","-0,0288","39,8299","-37,9409","-1276,4637","-116,6809","-10,399","50,1715","-166,92","82,27","-135,82",5,,,,
400437,"144313,8","-21,94168282","-48,95375824","573,7",1,5,"709,25","930,91","34,11","-6,8674","11,4189","-251,3661","-32,9439","3,3946","2243,3564","5,4242","0,0571","-2,1104","0,73","0,3262","-0,0542","-9,3774","44,864","-1259,6954","-112,9058","10,2827","49,2638","-91,74","-34,64","-59,73",5,,,,
400511,"144313,8","-21,94168282","-48,95375824","573,7",1,5,"684,75","933,66","34,11","-8,2238","11,0946","-249,3666","-39,923","1,7261","2333,7935","-2,9293","3,1533","-2,1427","-0,5771","0,1978","0,0098","-41,8165","-36,9652","-1299,0248","-130,1906","-3,9143","50,9928","86,89","-14,3","118,33",5,,,,
400621,144314,"-21,94158745","-48,9538002","574,2",1,6,"704,82","931,41","34,09","-8,9157","11,0049","-249,0456","-43,4831","1,2645","2348,3193","-0,2218","-2,1712","-2,0304","0,3403","-0,7354","-0,0054","33,1226","-6,1726","-1291,4637","-111,0196","-3,8155","50,6228","-68,01","73,53","-39,76",5,,,,
400720,144314,"-21,94158745","-48,9538002","574,2",1,6,"711,81","930,62","34,09","-10,2726","10,8289","-248,2151","-50,4651","0,3592","2385,9287","3,927","3,5746","-0,9497","0,022","0,7358","0,0762","-29,6823","33,5226","-1293,1101","-121,7266","12,3211","50,4874","-76,16","-51,66","-73,11",5,,,,
400820,144314,"-21,94158745","-48,9538002","574,2",1,6,"680,19","934,18","34,1","-11,5949","10,6575","-246,4624","-57,2687","-0,523","2465,3567","-4,1089","0,0571","-0,9497","-0,4961","-0,667","0,0649","-29,2555","-46,8433","-1227,2565","-126,9107","-9,9261","51,0965","77,65",-3,"116,07",5,,,,
400920,144314,"-21,94158745","-48,9538002","574,2",1,6,"687,71","933,33","34,09","-12,8838","10,4904","-245,37","-63,9008","-1,3829","2514,887","2,5587","-4,0035","-0,9497","0,6479","-0,1191","0,0229","44,2201","-3,8555","-1199,1467","-108,0847","-3,1708","50,9595","-57,41","57,88","-37,47",5,,,,
401040,"144314,4","-21,94146156","-48,95389175","591,8",1,7,"683,37","933,82","34,09","-14,2005","10,4151","-244,1861","-70,6761","-1,7701","2568,5991","-0,2218","5,0379","-0,9497","-0,5679","0,7275","0,0146","-53,7067","58,3396","-1157,5004","-126,5479","8,4987","51,1713","-25,46","-65,3","-129,72",5,,,,
401157,"144314,4","-21,94146156","-48,95389175","591,8",1,7,"688,09","933,29","34,09","-15,5441","10,4283","-242,5908","-77,5893","-1,7021","2641,0034","-3,7907","-1,667","-0,9497","-0,1543","-0,7407","0,0688","-40,3531","-85,5018","-1072,7443","-123,0047","-11,7954","50,6429","56,42","23,88","97,91",5,,,,
401256,"144314,6","-21,94141388","-48,95392609","602,5",1,7,"681,19","934,06","34,08","-16,8879","10,4902","-241,3656","-84,5038","-1,3837","2696,6372","5,2717","-1,3983","-0,9497","0,7241","0,2881","0,0566","105,1348","-17,453","-1010,5491","-108,7424","-2,3176","49,8831","-39,3","34,79","-31,55",5,,,,
401356,"144314,6","-21,94141388","-48,95392609","602,5",1,7,"682,58","933,91","34,08","-18,2103","10,5668","-240,3256","-91,3081","-0,9899","2743,8752","-0,2218","7,4654","-2,2727","-0,6187","0,8823","-0,0566","-5,8409","122,425","-964,8784","-117,0654","10,5029","48,1193","-29,06","-29,03","-109,06",5,,,,
401503,"144314,8","-21,94135284","-48,9539566","606,4",1,7,"681,76",934,"34,08","-19,5288","10,7008","-238,8565","-98,0926","-0,3","2810,6323","-4,8889","0,0571","-0,9497","-0,3926","-0,5396","0,0225","-118,2189","-60,136","-965,6101","-130,1051","-1,405","49,0987","25,48","-7,68","127,71",5,,,,
401603,144315,"-21,94130325","-48,95398331","609,9",1,7,"677,45","934,48","34,08","-20,8255","10,8513","-238,0406","-104,7646","0,4743","2847,7166","4,6583","-6,1311","-0,9497","0,8052","-0,6309","0,0322","59,7079","-99,3433","-1020,1833","-116,9619","-11,1856","49,8844","4,53","14,59","36,16",5,,,,
401709,144315,"-21,94130325","-48,95398331","609,9",1,7,"661,56","936,27","34,08","-22,124","11,0627","-236,895","-111,446","1,5621","2899,7993","5,3572","4,9173","-0,9497","0,04","0,9971","0,0083","25,5006","96,5104","-1095,9149","-109,7623","5,6333","49,8223","-3,66","2,51","-74,59",5,,,,
401809,"144315,2","-21,94125748","-48,95401382","612,5",1,7,"676,45","934,6","34,08","-23,3928","11,2693","-234,691","-117,9744","2,6251","3000,0332","-6,2793","-1,2285","-2,0997","-0,8291","-0,4292","-0,0488","-86,1457","0,3518","-1091,6467","-127,9334","8,4384","50,6984","-6,86","2,68","-175,16",5,,,,
401909,"144315,2","-21,94125748","-48,95401382","612,5",1,7,"667,6","935,59","34,08","-24,6678","11,5279","-233,8351","-124,5352","3,9556","3038,9646","2,7745","-5,9214","-2,7567","0,7119","-0,4409","-0,1187","14,464","-37,3921","-1181,0369","-122,0731","-11,842","52,2605","-2,9","-14,84","72,78",5,,,,
402012,"144315,4","-21,94120407","-48,95404816",616,1,7,"649,69","937,61","34,07","-25,9244","11,7973","-232,5407","-131,001","5,3417","3097,8538","4,7124","4,7091","-0,9497","0,0322","1,0303","0,0083","3,7933","50,2299","-1319,6954","-110,0686","7,2742","51,4346","18,47","7,34","-53,54",5,,,,
402112,"144315,4","-21,94120407","-48,95404816",616,1,7,"668,76","935,46","34,07","-27,1832","12,1099","-230,481","-137,4779","6,9505","3191,5806","-6,0009","-1,7809","-0,9497","-0,6523","-0,5879","0,0566","-46,6945","-18,2457","-1342,4393","-128,3934","9,1339","52,3914","-19,52","13,73","-178,74",5,,,,
402251,"144315,6","-21,9411602","-48,95407486","618,9",1,7,"654,75","937,04","34,06","-28,7255","12,5048","-229,1164","-145,4137","8,9825","3253,6941","5,8222","0,0571","-0,9497","0,5112","0,8569","0,0835","-6,0238","35,4738","-1493,1101","-108,3024","-3,9364","53,3282","26,71","-10,48","-11,9",5,,,,
402351,"144315,6","-21,9411602","-48,95407486","618,9",1,7,"660,06","936,44","34,06","-29,9531","12,8563","-227,1477","-151,7304","10,7911","3343,3167","-7,2985","0,0571","-0,9497","-0,959","-0,5312","0,1323","-39,6213","-61,2945","-1438,4149","-128,4839","8,2096","55,128","-15,94","25,46","-150,03",5,,,,
402451,"144315,8","-21,94111633","-48,95409775","621,2",1,7,"651,56","937,4","34,06","-31,1664","13,2261","-226,0652","-157,9734","12,6936","3392,6018","6,2994","-3,3215","-0,9497","1,1543","0,2676","0,332","67,3909","75,2909","-1476,5248","-116,486","-11,9211","57,2964","1,21","-32,12","71,45",5,,,,
402525,"144315,8","-21,94111633","-48,95409775","621,2",1,7,"628,12","940,05","34,06","-32,0684","13,5174","-224,7477","-162,6145","14,1925","3452,5972","-0,2218","2,9064","-2,5198","-0,5562","0,3047","-0,1289","-127,3043","-15,075","-1460,5491","-114,4332","11,6048","59,1133","17,92","30,35","-62,56",5,,,,
402625,144316,"-21,94107437","-48,95411301","623,1",1,7,"648,98","937,69","34,05","-33,2534","13,9108","-223,1134","-168,7122","16,217","3527,0239","-8,2989","-4,1001","-5,9278","-0,9341","-2,7568","-1,6934","61,2323","28,0348","-1325,0004","-127,7945","-6,6684","63,6874","-33,81","-20,92","165,41",5,,,,
402725,144316,"-21,94107437","-48,95411301","623,1",1,7,"649,93","937,58","34,05","-34,4273","14,3322","-221,8893","-174,7522","18,3851","3582,7742","-0,2218","8,8364","-0,9497","0,1729","1,3418","0,3564","21,4152","79,8031","-1031,2198","-111,9645","-3,5283","64,0709","42,71","-10,34","35,58",5,,,,
402840,"144316,2","-21,94100952","-48,95414352","624,8",1,7,"607,04","942,43","34,05","-35,607","14,8192","-219,9907","-180,8225","20,8908","3669,2617","-4,1618","5,2241","-0,9497","-0,6094","0,0034","-0,0034","-120,536","18,4616","-836,3418","-120,2811","9,4729","66,9967","-19,69","48,84","-81,27",5,,,,
402940,"144316,2","-21,94100952","-48,95414352","624,8",1,7,"642,46","938,43","34,05","-36,7628","15,2963","-218,5375","-186,7693","23,3456","3735,4675","-3,0876","-4,6829","-0,9497","0,1567","-0,8857","0,0435","-50,1091","-84,5872","-815,3662","-127,0387","-0,1363","69,3241","-61,81","-7,74","-142,88",5,,,,
403062,"144316,2","-21,94100952","-48,95414352","624,8",1,7,"632,63","939,54","34,04","-37,8952","15,7637","-217,3769","-192,5964","25,751","3788,3472","6,5638","-3,6303","-2,2198","0,8657","0,2529","-0,2031","89,525","-28,8555","-799,9393","-117,2914","-3,3852","69,404","38,48","-68,97","94,3",5,,,,
403162,"144316,2","-21,94100952","-48,95414352","624,8",1,7,"651,51","937,41","34,04","-39,0051","16,2219","-216,3627","-198,3072","28,1083","3834,5615","4,37","5,47","-0,9497","0,082","0,8433","0,0151","45,5006","70,3518","-840,1223","-116,4636","5,4955","68,7113","82,32","-0,35","50,04",5,,,,
403262,"144316,6","-21,94091988","-48,95417786",628,1,7,"591,89","944,15","34,04","-40,1304","16,7698","-214,7552","-204,0974","30,9275","3907,8179","-4,9997","5,5983","-2,4473","-0,7817","0,2295","-0,0913","-52,4262","41,1445","-855,2442","-124,0619","5,1039","70,1545","85,56","77,2","50,9",5,,,,
403362,"144316,6","-21,94091988","-48,95417786",628,1,7,"635,16","939,25","34,03","-40,6848","17,0397","-214,1891","-206,9499","32,3163","3933,6169","-6,2413","-2,9083","-2,3161","-0,605","-0,8066","-0,021","-32,6091","-37,3921","-867,7443","-123,0278","-2,8869","69,7068","-95,34","30,31","-125,71",5,,,,
403546,"144316,8","-21,94083023","-48,95418549","640,1",1,6,"620,36","940,92","34,02","-41,7823","17,6446","-212,9811","-212,5973","35,4291","3988,6755","3,5321","-5,5125","-2,1251","1,0063","0,1855","0,019","54,1591","12,1201","-956,2198","-115,5281","3,0813","69,1923","-129,81","-77,24","-78,83",5,,,,
403593,"144316,8","-21,94083023","-48,95418549","640,1",1,6,"628,12","940,05","34,02","-42,5928","18,1088","-212,0701","-216,7677","37,8175","4030,1997","-0,2218","6,1377","-2,7374","-0,3315","1,0288","-0,1978","-38,8896","81,3884","-1041,0369","-122,4901","6,4109","69,5497","100,14","-9,95","62,18",5,,,,
403693,"144316,8","-21,94083023","-48,95418549","640,1",1,6,"594,6","943,84","34,02","-43,6554","18,7174","-210,0464","-222,2352","40,9487","4122,4453","-6,558","-3,0815","-2,2769","-0,5996","-1,0044","0,0532","-65,7189","-69,8921","-1078,7808","-122,1921","-6,0049","68,5089","-154,54","78,44","-171,24",5,,,,
403793,"144317,2","-21,9407692","-48,95421219","640,3",1,7,"624,49","940,46","34,02","-44,7048","19,3306","-208,878","-227,6347","44,1042","4175,7085","4,5923","-5,4275","-0,9497","0,9175","-0,3125","0,0664","72,025","-20,5628","-1168,2321","-114,4003","1,1113","68,0471","-98,84","-24,3","-95,19",5,,,,
403893,"144317,2","-21,9407692","-48,95421219","640,3",1,7,"618,22","941,17","34,02","-45,4943","19,8193","-207,8857","-231,6972","46,6185","4220,9492","3,0718","3,4919","-0,9497","-0,1606","1,1128","0,124","-10,7799","94,1323","-1240,9149","-125,8975","7,0836","66,7649","101,24","-46,62","79,07",5,,,,
404020,"144317,4","-21,94074249","-48,95422363","639,9",1,8,"603,51","942,83","34,02","-46,5323","20,4671","-206,07","-237,0379","49,9518","4303,7314","-5,761","-1,485","-0,9497","-0,4058","-0,874","-0,0366","-62,6091","-38,9165","-1220,1223","-120,084","-8,9437","66,9077","108,91","71,87","114,2",5,,,,
404096,"144317,4","-21,94074249","-48,95422363","639,9",1,8,"603,4","942,84","34,02","-47,5582","21,1235","-204,8825","-242,3167","53,3293","4357,877","5,3821","-2,7286","-2,0585","1,0176","0,4424","0,0435","54,3421","2,6079","-1308,1101","-113,9026","9,1445","63,9032","-96,45","-24,02","-75,24",5,,,,
404196,"144317,4","-21,94074249","-48,95422363","639,9",1,8,"580,26","945,47","34,01","-48,5653","21,7678","-203,5276","-247,4989","56,6449","4419,6587","-0,2218","7,0932","-1,935","-0,7622","0,5586","-0,0732","-55,475","44,1323","-1295,854","-129,4903","1,7943","63,0387","93,37","-28,55","104,44",5,,,,
404296,"144317,4","-21,94074249","-48,95422363","639,9",1,8,"608,39","942,28","34,01","-49,5542","22,4005","-201,7827","-252,5872","59,9004","4499,2285","-3,8471","-6,3491","-0,9497","0,2734","-1,3052","-0,0024","5,4396","-67,9409","-1365,793","-112,0716","-6,9609","61,4897","-86,7","78,78","-65,72",5,,,,
404431,"144317,8","-21,9406929","-48,95425034","637,1",1,8,"598,3","943,42",34,"-50,2904","22,8797","-200,8006","-256,3751","62,3658","4544,0161","4,9849","0,0571","-0,9497","0,4673","0,9824","-0,0015","19,2811","54,864","-1410,2443","-121,8624","12,901","60,2614","-81,52","-62,01","-72,39",5,,,,
404546,"144317,8","-21,9406929","-48,95425034","637,1",1,8,"591,58","944,18",34,"-51,273","23,5405","-199,1809","-261,4309","65,7662","4617,8838","-4,7134","-1,3309","-0,9497","-0,2583","-0,8906","0,0093","-61,8165","-70,5628","-1417,5613","-118,927","-11,1942","59,8018","78,54","40,11","112,38",5,,,,
404646,144318,"-21,94067192","-48,95426178","635,6",1,8,"596,51","943,62","33,99","-52,2427","24,2004","-197,7448","-266,4208","69,1613","4683,3818","6,8686","0,0571","-0,9497","0,9639","0,4707","0,0513","92,3299","39,3152","-1438,9637","-113,3756","12,3826","56,7232","-75,62","3,18","-54,41",5,,,,
404746,144318,"-21,94067192","-48,95426178","635,6",1,8,"568,72","946,78",34,"-53,2","24,8592","-196,2105","-271,3465","72,5512","4753,3643","-3,513","3,5464","-0,9497","-0,8076","0,0488","0,0259","-117,2433","31,3274","-1497,0126","-129,5021","-5,048","55,7218","62,01","-35,32","144,8",5,,,,
404846,"144318,2","-21,94064713","-48,95426941","634,6",1,7,"581,03","945,38",34,"-54,1451","25,5186","-194,6061","-276,2096","75,9443","4826,5459","1,7277","-6,9678","-0,9497","0,5571","-0,6489","0,0356","68,0616","-74,7091","-1509,8174","-107,5176","-0,4337","51,8476","-26,92",54,"10,71",5,,,,
404960,"144318,2","-21,94064713","-48,95426941","634,6",1,7,"540,55","949,99",34,"-55,0784","26,1787","-193,01","-281,0117","79,3406","4899,3525","1,3067","3,8402","-0,9497","-0,5693","0,5947","-0,0254","-67,3043","85,7177","-1492,6832","-129,3933","3,4812","50,7287","14,5","-48,62","-149,26",5,,,,
405063,"144318,4","-21,94061279","-48,95426178","635,2",1,7,"580,98","945,39","33,99","-55,9902","26,8512","-191,2255","-285,7035","82,801","4980,7559","-0,2218","-6,9408","-0,9497","0,9131","-1,1191","0,1401","18,4884","-97,7579","-1488,354","-111,3893","-4,9445","48,4227","12,17","43,13","75,07",5,,,,
405163,"144318,4","-21,94061279","-48,95426178","635,2",1,7,"550,89","948,81",34,"-56,8848","27,5202","-189,8819","-290,3064","86,2432","5042,0483","4,4646","5,8188","-0,9497","0,144","1,0679","0,002","13,3055","78,5835","-1566,0979","-121,3604","10,1193","46,5671","-30,63","-26,89","-63,4",5,,,,
405263,"144318,6","-21,94058228","-48,95425415","635,7",1,7,"576,12","945,94","33,99","-57,76","28,2001","-188,1661","-294,8096","89,7417","5120,3262","-3,7181","-4,5503","-0,9497","0,0112","-0,9946","-0,0474","-34,9872","-52,1482","-1624,0857","-119,9132","-8,8409","46,5433","32,03","10,58","141,16",5,,,,
405363,"144318,8","-21,94055748","-48,95425415","635,3",1,7,"565,75","947,12",34,"-58,6192","28,876","-186,7326","-299,2305","93,2197","5185,7285","7,0807","2,133","-0,9497","0,8511","0,9712","0,0747","33,7323","63,0957","-1656,6467","-114,2203","7,2738","45,0921","-28,62","1,4","-15,84",5,,,,
405496,"144318,8","-21,94055748","-48,95425415","635,3",1,7,"565,05","947,2","33,99","-59,6714","29,7339","-184,582","-304,645","97,6339","5283,8516","-1,8399","-4,673","-1,9378","0,5889","-0,9673","-0,0024","36,6591","-80,7457","-1659,8174","-121,8556","-9,3107","45,8104","18,17","9,38","129,96",5,,,,
405621,144319,"-21,94054031","-48,95425797","632,4",1,7,"522,8","952,01","33,99","-60,0877","30,0797","-183,6944","-306,7869","99,4134","5324,3496","-1,5681","0,0571","-2,2088","-0,6821","0,4956","-0,0728","-88,8287","44,5592","-1694,6954","-122,0447","7,1197","44,7827","-16,9","-7,98","-36,15",5,,,,
405721,144319,"-21,94054031","-48,95425797","632,4",1,7,"554,78","948,36","33,99","-60,9101","30,7629","-181,8921","-311,0185","102,9288","5406,585","2,1034","-7,1181","-2,6212","0,8086","-0,8184","-0,1025","45,9274","-52,636","-1722,1345","-122,5966","-9,4017","47,2164","18,2","-3,47","163,92",5,,,,
405823,"144319,2","-21,94052124","-48,95426178","630,2",1,7,"517,79","952,58","33,99","-61,722","31,4434","-180,2589","-315,1959","106,4299","5481,1055","0,866","4,0392","-2,016","-0,6309","0,5381","0,0171","-72,1213","48,4616","-1776,2809","-120,3821","10,3342","46,6793","-15,61","9,9","-13,21",5,,,,
405923,"144319,2","-21,94052124","-48,95426178","630,2",1,7,"544,16","949,57","33,99","-62,5236","32,121","-178,5044","-319,3206","109,9168","5561,1699","2,775","-6,0533","-0,9497","0,9028","-0,6763","0,0034","59,464","-44,2823","-1780,3662","-119,1578","-10,5555","48,7101","9,72","-18,65","-177,43",5,,,,